2025-12-14 22:44:24,631 - SmartHomeAI - INFO - Initializing components...
2025-12-14 22:44:24,633 - SmartHomeAI - INFO - Opening camera source: 0
2025-12-14 22:44:25,649 - SmartHomeAI - INFO - Camera opened successfully: 0
2025-12-14 22:44:25,649 - SmartHomeAI - INFO - Starting video stream thread.
2025-12-14 22:45:29,127 - SmartHomeAI - INFO - Initializing components...
2025-12-14 22:45:29,128 - SmartHomeAI - INFO - Opening camera source: 0
2025-12-14 22:45:30,202 - SmartHomeAI - INFO - Camera opened successfully: 0
2025-12-14 22:45:30,202 - SmartHomeAI - INFO - Starting video stream thread.
2025-12-14 22:45:32,203 - SmartHomeAI - INFO - Initializing Detector on device: cpu
2025-12-14 22:45:35,195 - SmartHomeAI - WARNING - CUDA not available, switching DeepSort embedder to CPU.
2025-12-14 22:45:35,195 - SmartHomeAI - INFO - Initializing DeepSort with max_age=30, n_init=3, embedder=mobilenet
2025-12-14 22:47:20,549 - SmartHomeAI - INFO - Initializing components...
2025-12-14 22:47:20,550 - SmartHomeAI - INFO - Opening camera source: 0
2025-12-14 22:47:21,622 - SmartHomeAI - INFO - Camera opened successfully: 0
2025-12-14 22:47:21,622 - SmartHomeAI - INFO - Starting video stream thread.
2025-12-14 22:47:23,623 - SmartHomeAI - INFO - Initializing Detector on device: cpu
2025-12-14 22:47:23,670 - SmartHomeAI - WARNING - CUDA not available, switching DeepSort embedder to CPU.
2025-12-14 22:47:23,672 - SmartHomeAI - INFO - Initializing DeepSort with max_age=30, n_init=3, embedder=mobilenet
2025-12-14 22:47:24,835 - SmartHomeAI - INFO - Initializing ViolenceDetector on cpu with model: models/violence/Violence_Yolov8.pt
2025-12-14 22:47:25,763 - SmartHomeAI - ERROR - Failed to load Violence model: [Errno 2] No such file or directory: 'models\\violence\\Violence_Yolov8.pt'
2025-12-14 22:47:25,764 - SmartHomeAI - INFO - Initializing FallDetector on cpu with model: models/fall/Fall_Yolov11.pt
2025-12-14 22:47:26,216 - SmartHomeAI - ERROR - Failed to load Fall model: [Errno 2] No such file or directory: 'models\\fall\\Fall_Yolov11.pt'
2025-12-14 22:47:26,249 - SmartHomeAI - INFO - Pygame mixer initialized.
2025-12-14 22:47:26,251 - SmartHomeAI - INFO - System Ready. Press 'q' to quit.
2025-12-14 22:50:53,026 - SmartHomeAI - INFO - Initializing components...
2025-12-14 22:50:53,026 - SmartHomeAI - INFO - Opening camera source: 0
2025-12-14 22:50:56,032 - SmartHomeAI - INFO - Camera opened successfully: 0
2025-12-14 22:50:56,032 - SmartHomeAI - INFO - Starting video stream thread.
2025-12-14 22:50:58,034 - SmartHomeAI - INFO - Initializing Detector on device: cpu
2025-12-14 22:52:48,792 - SmartHomeAI - WARNING - CUDA not available, switching DeepSort embedder to CPU.
2025-12-14 22:52:48,793 - SmartHomeAI - INFO - Initializing DeepSort with max_age=30, n_init=3, embedder=mobilenet
2025-12-14 22:52:49,946 - SmartHomeAI - INFO - Initializing ViolenceDetector on cpu with model: E:\KLTN\AI-Smart-Home-Security\models/violence/Violence_Yolov8.pt
2025-12-14 22:52:50,012 - SmartHomeAI - INFO - Initializing FallDetector on cpu with model: E:\KLTN\AI-Smart-Home-Security\models/fall/Fall_Yolov11.pt
2025-12-14 22:52:50,203 - SmartHomeAI - INFO - Pygame mixer initialized.
2025-12-14 22:52:50,203 - SmartHomeAI - INFO - System Ready. Press 'q' to quit.
2025-12-14 22:52:50,583 - SmartHomeAI - WARNING - [22:52:50] [INTRUSION] Track 1 entered ROI
2025-12-14 22:52:50,583 - SmartHomeAI - WARNING - Sound file not found: data/assets/sounds\alarm.mp3
2025-12-14 22:52:51,640 - SmartHomeAI - WARNING - [22:52:51] [VIOLENCE] Violence detected near track 1
2025-12-14 22:52:51,640 - SmartHomeAI - WARNING - Sound file not found: data/assets/sounds\alarm.mp3
2025-12-14 22:52:52,209 - SmartHomeAI - WARNING - [22:52:51] [VIOLENCE] Violence detected near track 1
2025-12-14 22:52:52,209 - SmartHomeAI - WARNING - Sound file not found: data/assets/sounds\alarm.mp3
2025-12-14 22:52:52,387 - SmartHomeAI - INFO - [22:52:52] [RUNNING] Track 1 running (275.2 px/s)
2025-12-14 22:52:52,778 - SmartHomeAI - INFO - [22:52:52] [RUNNING] Track 1 running (201.1 px/s)
2025-12-14 22:52:52,781 - SmartHomeAI - WARNING - [22:52:52] [VIOLENCE] Violence detected near track 1
2025-12-14 22:52:52,781 - SmartHomeAI - WARNING - Sound file not found: data/assets/sounds\alarm.mp3
2025-12-14 22:52:52,961 - SmartHomeAI - INFO - [22:52:52] [RUNNING] Track 1 running (225.0 px/s)
2025-12-14 22:52:53,369 - SmartHomeAI - WARNING - [22:52:53] [VIOLENCE] Violence detected near track 1
2025-12-14 22:52:53,369 - SmartHomeAI - WARNING - Sound file not found: data/assets/sounds\alarm.mp3
2025-12-14 22:52:53,979 - SmartHomeAI - WARNING - [22:52:53] [VIOLENCE] Violence detected near track 1
2025-12-14 22:52:53,979 - SmartHomeAI - WARNING - Sound file not found: data/assets/sounds\alarm.mp3
2025-12-14 22:52:54,549 - SmartHomeAI - INFO - [22:52:54] [RUNNING] Track 1 running (202.0 px/s)
2025-12-14 22:52:54,552 - SmartHomeAI - WARNING - [22:52:54] [VIOLENCE] Violence detected near track 1
2025-12-14 22:52:54,552 - SmartHomeAI - WARNING - Sound file not found: data/assets/sounds\alarm.mp3
2025-12-14 22:52:55,150 - SmartHomeAI - INFO - [22:52:54] [RUNNING] Track 1 running (297.8 px/s)
2025-12-14 22:52:55,151 - SmartHomeAI - WARNING - [22:52:54] [VIOLENCE] Violence detected near track 1
2025-12-14 22:52:55,153 - SmartHomeAI - WARNING - Sound file not found: data/assets/sounds\alarm.mp3
2025-12-14 22:52:55,502 - SmartHomeAI - INFO - Telegram alert sent: [22:52:50] [INTRUSION] Track 1 entered ROI
2025-12-14 22:52:55,758 - SmartHomeAI - INFO - [22:52:55] [RUNNING] Track 1 running (293.1 px/s)
2025-12-14 22:52:55,761 - SmartHomeAI - WARNING - [22:52:55] [VIOLENCE] Violence detected near track 1
2025-12-14 22:52:55,761 - SmartHomeAI - WARNING - Sound file not found: data/assets/sounds\alarm.mp3
2025-12-14 22:52:55,789 - SmartHomeAI - INFO - Telegram alert sent: [22:52:51] [VIOLENCE] Violence detected near track 1
2025-12-14 22:52:55,834 - SmartHomeAI - INFO - [22:52:55] [LOITERING] Track 1 loitering (5.2s)
2025-12-14 22:52:55,920 - SmartHomeAI - WARNING - [22:52:55] [INTRUSION] Track 1 entered ROI
2025-12-14 22:52:55,920 - SmartHomeAI - WARNING - Sound file not found: data/assets/sounds\alarm.mp3
2025-12-14 22:52:56,482 - SmartHomeAI - WARNING - [22:52:56] [VIOLENCE] Violence detected near track 1
2025-12-14 22:52:56,482 - SmartHomeAI - WARNING - Sound file not found: data/assets/sounds\alarm.mp3
2025-12-14 22:52:56,679 - SmartHomeAI - INFO - [22:52:56] [RUNNING] Track 1 running (286.0 px/s)
2025-12-14 22:52:56,743 - SmartHomeAI - INFO - [22:52:56] [RUNNING] Track 1 running (540.1 px/s)
2025-12-14 22:52:56,796 - SmartHomeAI - INFO - Telegram alert sent: [22:52:52] [RUNNING] Track 1 running (201.1 px/s)
2025-12-14 22:52:57,100 - SmartHomeAI - INFO - [22:52:56] [RUNNING] Track 1 running (461.8 px/s)
2025-12-14 22:52:57,111 - SmartHomeAI - WARNING - [22:52:56] [VIOLENCE] Violence detected near track 1
2025-12-14 22:52:57,111 - SmartHomeAI - WARNING - Sound file not found: data/assets/sounds\alarm.mp3
2025-12-14 22:52:57,123 - SmartHomeAI - INFO - Telegram alert sent: [22:52:52] [RUNNING] Track 1 running (225.0 px/s)
2025-12-14 22:52:57,359 - SmartHomeAI - INFO - Telegram alert sent: [22:52:51] [VIOLENCE] Violence detected near track 1
2025-12-14 22:52:57,449 - SmartHomeAI - INFO - Telegram alert sent: [22:52:53] [VIOLENCE] Violence detected near track 1
2025-12-14 22:52:57,869 - SmartHomeAI - INFO - [22:52:57] [RUNNING] Track 1 running (271.9 px/s)
2025-12-14 22:52:57,871 - SmartHomeAI - WARNING - [22:52:57] [VIOLENCE] Violence detected near track 1
2025-12-14 22:52:57,872 - SmartHomeAI - WARNING - Sound file not found: data/assets/sounds\alarm.mp3
2025-12-14 22:52:58,018 - SmartHomeAI - WARNING - [22:52:57] [INTRUSION] Track 6 entered ROI
2025-12-14 22:52:58,018 - SmartHomeAI - WARNING - Sound file not found: data/assets/sounds\alarm.mp3
2025-12-14 22:52:58,418 - SmartHomeAI - INFO - Telegram alert sent: [22:52:54] [RUNNING] Track 1 running (202.0 px/s)
2025-12-14 22:52:58,706 - SmartHomeAI - WARNING - [22:52:58] [VIOLENCE] Violence detected near track 1
2025-12-14 22:52:58,707 - SmartHomeAI - WARNING - Sound file not found: data/assets/sounds\alarm.mp3
2025-12-14 22:52:59,012 - SmartHomeAI - INFO - Telegram alert sent: [22:52:54] [VIOLENCE] Violence detected near track 1
2025-12-14 22:52:59,071 - SmartHomeAI - INFO - Telegram alert sent: [22:52:54] [RUNNING] Track 1 running (297.8 px/s)
2025-12-14 22:52:59,106 - SmartHomeAI - INFO - Telegram alert sent: [22:52:53] [VIOLENCE] Violence detected near track 1
2025-12-14 22:52:59,133 - SmartHomeAI - INFO - Telegram alert sent: [22:52:54] [VIOLENCE] Violence detected near track 1
2025-12-14 22:52:59,366 - SmartHomeAI - WARNING - [22:52:58] [VIOLENCE] Violence detected near track 1
2025-12-14 22:52:59,366 - SmartHomeAI - WARNING - Sound file not found: data/assets/sounds\alarm.mp3
2025-12-14 22:52:59,515 - SmartHomeAI - INFO - [22:52:59] [RUNNING] Track 1 running (301.3 px/s)
2025-12-14 22:52:59,700 - SmartHomeAI - INFO - Telegram alert sent: [22:52:55] [RUNNING] Track 1 running (293.1 px/s)
2025-12-14 22:52:59,953 - SmartHomeAI - INFO - Telegram alert sent: [22:52:52] [RUNNING] Track 1 running (275.2 px/s)
2025-12-14 22:53:00,043 - SmartHomeAI - WARNING - [22:52:59] [VIOLENCE] Violence detected near track 1
2025-12-14 22:53:00,044 - SmartHomeAI - WARNING - Sound file not found: data/assets/sounds\alarm.mp3
2025-12-14 22:53:00,048 - SmartHomeAI - WARNING - [22:52:59] [VIOLENCE] Violence detected near track 6
2025-12-14 22:53:00,048 - SmartHomeAI - WARNING - Sound file not found: data/assets/sounds\alarm.mp3
2025-12-14 22:53:00,094 - SmartHomeAI - INFO - Telegram alert sent: [22:52:55] [LOITERING] Track 1 loitering (5.2s)
2025-12-14 22:53:00,348 - SmartHomeAI - INFO - [22:53:00] [RUNNING] Track 1 running (534.9 px/s)
2025-12-14 22:53:00,570 - SmartHomeAI - INFO - Telegram alert sent: [22:52:55] [VIOLENCE] Violence detected near track 1
2025-12-14 22:53:00,822 - SmartHomeAI - INFO - Telegram alert sent: [22:52:56] [RUNNING] Track 1 running (540.1 px/s)
2025-12-14 22:53:00,874 - SmartHomeAI - WARNING - [22:53:00] [VIOLENCE] Violence detected near track 1
2025-12-14 22:53:00,874 - SmartHomeAI - WARNING - Sound file not found: data/assets/sounds\alarm.mp3
2025-12-14 22:53:00,959 - SmartHomeAI - INFO - Telegram alert sent: [22:52:56] [VIOLENCE] Violence detected near track 1
2025-12-14 22:53:00,981 - SmartHomeAI - INFO - [22:53:00] [LOITERING] Track 1 loitering (5.0s)
2025-12-14 22:53:01,042 - SmartHomeAI - INFO - Telegram alert sent: [22:52:55] [INTRUSION] Track 1 entered ROI
2025-12-14 22:53:01,063 - SmartHomeAI - INFO - Telegram alert sent: [22:52:56] [RUNNING] Track 1 running (286.0 px/s)
2025-12-14 22:53:01,086 - SmartHomeAI - WARNING - [22:53:00] [INTRUSION] Track 1 entered ROI
2025-12-14 22:53:01,086 - SmartHomeAI - WARNING - Sound file not found: data/assets/sounds\alarm.mp3
2025-12-14 22:53:01,366 - SmartHomeAI - INFO - Telegram alert sent: [22:52:56] [RUNNING] Track 1 running (461.8 px/s)
2025-12-14 22:53:01,462 - SmartHomeAI - INFO - Telegram alert sent: [22:52:52] [VIOLENCE] Violence detected near track 1
2025-12-14 22:53:01,632 - SmartHomeAI - WARNING - [22:53:01] [VIOLENCE] Violence detected near track 1
2025-12-14 22:53:01,633 - SmartHomeAI - WARNING - Sound file not found: data/assets/sounds\alarm.mp3
2025-12-14 22:53:01,692 - SmartHomeAI - INFO - Telegram alert sent: [22:52:57] [RUNNING] Track 1 running (271.9 px/s)
2025-12-14 22:53:01,738 - SmartHomeAI - WARNING - [22:53:01] [INTRUSION] Track 7 entered ROI
2025-12-14 22:53:01,738 - SmartHomeAI - WARNING - Sound file not found: data/assets/sounds\alarm.mp3
2025-12-14 22:53:02,578 - SmartHomeAI - INFO - [22:53:01] [RUNNING] Track 1 running (238.1 px/s)
2025-12-14 22:53:02,581 - SmartHomeAI - WARNING - [22:53:01] [VIOLENCE] Violence detected near track 1
2025-12-14 22:53:02,581 - SmartHomeAI - WARNING - Sound file not found: data/assets/sounds\alarm.mp3
2025-12-14 22:53:02,584 - SmartHomeAI - WARNING - [22:53:01] [VIOLENCE] Violence detected near track 6
2025-12-14 22:53:02,584 - SmartHomeAI - WARNING - Sound file not found: data/assets/sounds\alarm.mp3
2025-12-14 22:53:02,801 - SmartHomeAI - INFO - [22:53:02] [RUNNING] Track 1 running (221.7 px/s)
2025-12-14 22:53:02,960 - SmartHomeAI - INFO - [22:53:02] [LOITERING] Track 6 loitering (5.0s)
2025-12-14 22:53:03,358 - SmartHomeAI - WARNING - [22:53:02] [INTRUSION] Track 6 entered ROI
2025-12-14 22:53:03,358 - SmartHomeAI - WARNING - Sound file not found: data/assets/sounds\alarm.mp3
2025-12-14 22:53:03,361 - SmartHomeAI - WARNING - [22:53:02] [VIOLENCE] Violence detected near track 1
2025-12-14 22:53:03,362 - SmartHomeAI - WARNING - Sound file not found: data/assets/sounds\alarm.mp3
2025-12-14 22:53:03,513 - SmartHomeAI - INFO - [22:53:03] [RUNNING] Track 1 running (279.0 px/s)
2025-12-14 22:53:04,048 - SmartHomeAI - WARNING - [22:53:03] [VIOLENCE] Violence detected near track 1
2025-12-14 22:53:04,048 - SmartHomeAI - WARNING - Sound file not found: data/assets/sounds\alarm.mp3
2025-12-14 22:53:04,811 - SmartHomeAI - WARNING - [22:53:04] [VIOLENCE] Violence detected near track 1
2025-12-14 22:53:04,811 - SmartHomeAI - WARNING - Sound file not found: data/assets/sounds\alarm.mp3
2025-12-14 22:53:05,046 - SmartHomeAI - INFO - Telegram alert sent: [22:52:57] [VIOLENCE] Violence detected near track 1
2025-12-14 22:53:05,210 - SmartHomeAI - INFO - Telegram alert sent: [22:52:56] [VIOLENCE] Violence detected near track 1
2025-12-14 22:53:05,217 - SmartHomeAI - INFO - Telegram alert sent: [22:52:57] [INTRUSION] Track 6 entered ROI
2025-12-14 22:53:05,294 - SmartHomeAI - INFO - Telegram alert sent: [22:52:58] [VIOLENCE] Violence detected near track 1
2025-12-14 22:53:05,398 - SmartHomeAI - INFO - Telegram alert sent: [22:52:58] [VIOLENCE] Violence detected near track 1
2025-12-14 22:53:05,787 - SmartHomeAI - INFO - [22:53:05] [RUNNING] Track 1 running (212.0 px/s)
2025-12-14 22:53:05,796 - SmartHomeAI - WARNING - [22:53:05] [VIOLENCE] Violence detected near track 1
2025-12-14 22:53:05,796 - SmartHomeAI - WARNING - Sound file not found: data/assets/sounds\alarm.mp3
2025-12-14 22:53:05,839 - SmartHomeAI - INFO - Telegram alert sent: [22:52:59] [VIOLENCE] Violence detected near track 6
2025-12-14 22:53:06,045 - SmartHomeAI - INFO - Telegram alert sent: [22:52:59] [VIOLENCE] Violence detected near track 1
2025-12-14 22:53:06,837 - SmartHomeAI - INFO - [22:53:06] [LOITERING] Track 1 loitering (5.7s)
2025-12-14 22:53:06,931 - SmartHomeAI - WARNING - [22:53:06] [INTRUSION] Track 1 entered ROI
2025-12-14 22:53:06,931 - SmartHomeAI - WARNING - Sound file not found: data/assets/sounds\alarm.mp3
2025-12-14 22:53:07,013 - SmartHomeAI - INFO - [22:53:06] [RUNNING] Track 1 running (306.5 px/s)
2025-12-14 22:53:07,398 - SmartHomeAI - WARNING - [22:53:07] [VIOLENCE] Violence detected near track 1
2025-12-14 22:53:07,399 - SmartHomeAI - WARNING - Sound file not found: data/assets/sounds\alarm.mp3
2025-12-14 22:53:07,570 - SmartHomeAI - INFO - Telegram alert sent: [22:52:59] [RUNNING] Track 1 running (301.3 px/s)
2025-12-14 22:53:07,887 - SmartHomeAI - INFO - Telegram alert sent: [22:53:00] [LOITERING] Track 1 loitering (5.0s)
2025-12-14 22:53:08,009 - SmartHomeAI - INFO - Telegram alert sent: [22:53:02] [LOITERING] Track 6 loitering (5.0s)
2025-12-14 22:53:08,053 - SmartHomeAI - WARNING - [22:53:07] [VIOLENCE] Violence detected near track 1
2025-12-14 22:53:08,053 - SmartHomeAI - WARNING - Sound file not found: data/assets/sounds\alarm.mp3
2025-12-14 22:53:08,087 - SmartHomeAI - INFO - Telegram alert sent: [22:53:01] [INTRUSION] Track 7 entered ROI
2025-12-14 22:53:08,126 - SmartHomeAI - INFO - [22:53:08] [LOITERING] Track 6 loitering (5.1s)
2025-12-14 22:53:08,172 - SmartHomeAI - INFO - Telegram alert sent: [22:53:03] [VIOLENCE] Violence detected near track 1
2025-12-14 22:53:08,209 - SmartHomeAI - WARNING - [22:53:08] [INTRUSION] Track 6 entered ROI
2025-12-14 22:53:08,209 - SmartHomeAI - WARNING - Sound file not found: data/assets/sounds\alarm.mp3
2025-12-14 22:53:08,211 - SmartHomeAI - INFO - [22:53:08] [RUNNING] Track 1 running (247.2 px/s)
2025-12-14 22:53:08,260 - SmartHomeAI - INFO - Telegram alert sent: [22:53:00] [INTRUSION] Track 1 entered ROI
2025-12-14 22:53:08,749 - SmartHomeAI - WARNING - [22:53:08] [VIOLENCE] Violence detected near track 1
2025-12-14 22:53:08,750 - SmartHomeAI - WARNING - Sound file not found: data/assets/sounds\alarm.mp3
2025-12-14 22:53:08,981 - SmartHomeAI - INFO - [22:53:08] [RUNNING] Track 1 running (216.7 px/s)
2025-12-14 22:53:09,439 - SmartHomeAI - WARNING - [22:53:09] [VIOLENCE] Violence detected near track 1
2025-12-14 22:53:09,440 - SmartHomeAI - WARNING - Sound file not found: data/assets/sounds\alarm.mp3
2025-12-14 22:53:09,564 - SmartHomeAI - INFO - [22:53:09] [RUNNING] Track 1 running (255.0 px/s)
2025-12-14 22:53:09,639 - SmartHomeAI - INFO - [22:53:09] [RUNNING] Track 1 running (511.9 px/s)
2025-12-14 22:53:09,714 - SmartHomeAI - INFO - [22:53:09] [RUNNING] Track 1 running (243.8 px/s)
2025-12-14 22:53:10,063 - SmartHomeAI - INFO - [22:53:09] [RUNNING] Track 1 running (215.1 px/s)
2025-12-14 22:53:10,066 - SmartHomeAI - WARNING - [22:53:09] [VIOLENCE] Violence detected near track 1
2025-12-14 22:53:10,067 - SmartHomeAI - WARNING - Sound file not found: data/assets/sounds\alarm.mp3
2025-12-14 22:53:10,209 - SmartHomeAI - INFO - [22:53:10] [RUNNING] Track 1 running (283.9 px/s)
2025-12-14 22:53:10,277 - SmartHomeAI - INFO - [22:53:10] [RUNNING] Track 1 running (232.1 px/s)
2025-12-14 22:53:10,349 - SmartHomeAI - INFO - [22:53:10] [RUNNING] Track 1 running (397.8 px/s)
2025-12-14 22:53:10,711 - SmartHomeAI - INFO - [22:53:10] [RUNNING] Track 1 running (271.8 px/s)
2025-12-14 22:53:10,715 - SmartHomeAI - WARNING - [22:53:10] [VIOLENCE] Violence detected near track 1
2025-12-14 22:53:10,715 - SmartHomeAI - WARNING - Sound file not found: data/assets/sounds\alarm.mp3
2025-12-14 22:53:11,424 - SmartHomeAI - INFO - [22:53:11] [RUNNING] Track 1 running (345.4 px/s)
2025-12-14 22:53:11,428 - SmartHomeAI - WARNING - [22:53:11] [VIOLENCE] Violence detected near track 1
2025-12-14 22:53:11,428 - SmartHomeAI - WARNING - Sound file not found: data/assets/sounds\alarm.mp3
2025-12-14 22:53:11,506 - SmartHomeAI - INFO - Telegram alert sent: [22:53:01] [VIOLENCE] Violence detected near track 1
2025-12-14 22:53:11,637 - SmartHomeAI - INFO - Telegram alert sent: [22:53:02] [VIOLENCE] Violence detected near track 1
2025-12-14 22:53:11,658 - SmartHomeAI - INFO - [22:53:11] [RUNNING] Track 1 running (390.0 px/s)
2025-12-14 22:53:11,701 - SmartHomeAI - INFO - Telegram alert sent: [22:53:03] [RUNNING] Track 1 running (279.0 px/s)
2025-12-14 22:53:11,745 - SmartHomeAI - INFO - [22:53:11] [RUNNING] Track 1 running (238.1 px/s)
2025-12-14 22:53:11,789 - SmartHomeAI - INFO - Telegram alert sent: [22:53:00] [RUNNING] Track 1 running (534.9 px/s)
2025-12-14 22:53:11,807 - SmartHomeAI - INFO - Telegram alert sent: [22:53:01] [VIOLENCE] Violence detected near track 1
2025-12-14 22:53:11,910 - SmartHomeAI - INFO - Telegram alert sent: [22:53:02] [RUNNING] Track 1 running (221.7 px/s)
2025-12-14 22:53:12,099 - SmartHomeAI - INFO - Telegram alert sent: [22:53:00] [VIOLENCE] Violence detected near track 1
2025-12-14 22:53:12,103 - SmartHomeAI - INFO - Telegram alert sent: [22:53:04] [VIOLENCE] Violence detected near track 1
2025-12-14 22:53:12,103 - SmartHomeAI - INFO - Telegram alert sent: [22:53:01] [RUNNING] Track 1 running (238.1 px/s)
2025-12-14 22:53:12,108 - SmartHomeAI - INFO - Telegram alert sent: [22:53:06] [LOITERING] Track 1 loitering (5.7s)
2025-12-14 22:53:12,135 - SmartHomeAI - INFO - Telegram alert sent: [22:53:01] [VIOLENCE] Violence detected near track 6
2025-12-14 22:53:12,963 - SmartHomeAI - INFO - Telegram alert sent: [22:53:02] [INTRUSION] Track 6 entered ROI
2025-12-14 22:53:13,898 - SmartHomeAI - INFO - [22:53:11] [RUNNING] Track 1 running (281.0 px/s)
2025-12-14 22:53:13,902 - SmartHomeAI - WARNING - [22:53:11] [VIOLENCE] Violence detected near track 1
2025-12-14 22:53:13,902 - SmartHomeAI - WARNING - Sound file not found: data/assets/sounds\alarm.mp3
2025-12-14 22:53:14,062 - SmartHomeAI - INFO - [22:53:13] [LOITERING] Track 1 loitering (7.1s)
2025-12-14 22:53:14,065 - SmartHomeAI - INFO - [22:53:13] [LOITERING] Track 6 loitering (5.8s)
2025-12-14 22:53:14,146 - SmartHomeAI - WARNING - [22:53:14] [INTRUSION] Track 1 entered ROI
2025-12-14 22:53:14,146 - SmartHomeAI - WARNING - Sound file not found: data/assets/sounds\alarm.mp3
2025-12-14 22:53:14,149 - SmartHomeAI - WARNING - [22:53:14] [INTRUSION] Track 6 entered ROI
2025-12-14 22:53:14,149 - SmartHomeAI - WARNING - Sound file not found: data/assets/sounds\alarm.mp3
2025-12-14 22:53:14,688 - SmartHomeAI - WARNING - [22:53:14] [VIOLENCE] Violence detected near track 1
2025-12-14 22:53:14,688 - SmartHomeAI - WARNING - Sound file not found: data/assets/sounds\alarm.mp3
2025-12-14 22:53:15,007 - SmartHomeAI - INFO - [22:53:14] [RUNNING] Track 1 running (380.0 px/s)
2025-12-14 22:53:15,609 - SmartHomeAI - WARNING - [22:53:15] [VIOLENCE] Violence detected near track 1
2025-12-14 22:53:15,610 - SmartHomeAI - WARNING - Sound file not found: data/assets/sounds\alarm.mp3
2025-12-14 22:53:17,272 - SmartHomeAI - INFO - [22:53:17] [RUNNING] Track 1 running (249.3 px/s)
2025-12-14 22:53:17,815 - SmartHomeAI - WARNING - [22:53:17] [VIOLENCE] Violence detected near track 1
2025-12-14 22:53:17,815 - SmartHomeAI - WARNING - Sound file not found: data/assets/sounds\alarm.mp3
2025-12-14 22:53:18,003 - SmartHomeAI - INFO - [22:53:17] [RUNNING] Track 1 running (203.7 px/s)
2025-12-14 22:53:18,069 - SmartHomeAI - INFO - [22:53:18] [RUNNING] Track 1 running (446.9 px/s)
2025-12-14 22:53:18,421 - SmartHomeAI - INFO - [22:53:18] [RUNNING] Track 1 running (300.6 px/s)
2025-12-14 22:53:18,433 - SmartHomeAI - WARNING - [22:53:18] [VIOLENCE] Violence detected near track 1
2025-12-14 22:53:18,433 - SmartHomeAI - WARNING - Sound file not found: data/assets/sounds\alarm.mp3
2025-12-14 22:53:18,560 - SmartHomeAI - INFO - [22:53:18] [RUNNING] Track 1 running (451.4 px/s)
2025-12-14 22:53:18,624 - SmartHomeAI - INFO - [22:53:18] [RUNNING] Track 1 running (414.9 px/s)
2025-12-14 22:53:19,001 - SmartHomeAI - WARNING - [22:53:18] [VIOLENCE] Violence detected near track 1
2025-12-14 22:53:19,001 - SmartHomeAI - WARNING - Sound file not found: data/assets/sounds\alarm.mp3
2025-12-14 22:53:19,172 - SmartHomeAI - INFO - [22:53:19] [LOITERING] Track 1 loitering (5.0s)
2025-12-14 22:53:19,176 - SmartHomeAI - INFO - [22:53:19] [LOITERING] Track 6 loitering (5.0s)
2025-12-14 22:53:19,240 - SmartHomeAI - WARNING - [22:53:19] [INTRUSION] Track 1 entered ROI
2025-12-14 22:53:19,240 - SmartHomeAI - WARNING - Sound file not found: data/assets/sounds\alarm.mp3
2025-12-14 22:53:19,251 - SmartHomeAI - WARNING - [22:53:19] [INTRUSION] Track 6 entered ROI
2025-12-14 22:53:19,251 - SmartHomeAI - WARNING - Sound file not found: data/assets/sounds\alarm.mp3
2025-12-14 22:53:20,453 - SmartHomeAI - INFO - [22:53:20] [RUNNING] Track 1 running (227.4 px/s)
2025-12-14 22:53:20,456 - SmartHomeAI - WARNING - [22:53:20] [VIOLENCE] Violence detected near track 1
2025-12-14 22:53:20,456 - SmartHomeAI - WARNING - Sound file not found: data/assets/sounds\alarm.mp3
2025-12-14 22:53:21,672 - SmartHomeAI - WARNING - [22:53:21] [VIOLENCE] Violence detected near track 1
2025-12-14 22:53:21,672 - SmartHomeAI - WARNING - Sound file not found: data/assets/sounds\alarm.mp3
2025-12-14 22:53:21,872 - SmartHomeAI - INFO - [22:53:21] [RUNNING] Track 1 running (409.9 px/s)
2025-12-14 22:53:21,940 - SmartHomeAI - INFO - [22:53:21] [RUNNING] Track 1 running (205.0 px/s)
2025-12-14 22:53:22,324 - SmartHomeAI - WARNING - [22:53:21] [VIOLENCE] Violence detected near track 1
2025-12-14 22:53:22,324 - SmartHomeAI - WARNING - Sound file not found: data/assets/sounds\alarm.mp3
2025-12-14 22:53:22,953 - SmartHomeAI - INFO - Telegram alert sent: [22:53:08] [LOITERING] Track 6 loitering (5.1s)
2025-12-14 22:53:22,963 - SmartHomeAI - INFO - [22:53:22] [RUNNING] Track 1 running (388.2 px/s)
2025-12-14 22:53:22,966 - SmartHomeAI - WARNING - [22:53:22] [VIOLENCE] Violence detected near track 1
2025-12-14 22:53:22,966 - SmartHomeAI - WARNING - Sound file not found: data/assets/sounds\alarm.mp3
2025-12-14 22:53:23,156 - SmartHomeAI - INFO - [22:53:23] [RUNNING] Track 1 running (343.4 px/s)
2025-12-14 22:53:23,173 - SmartHomeAI - INFO - Telegram alert sent: [22:53:07] [VIOLENCE] Violence detected near track 1
2025-12-14 22:53:23,220 - SmartHomeAI - INFO - [22:53:23] [RUNNING] Track 1 running (273.5 px/s)
2025-12-14 22:53:23,384 - SmartHomeAI - INFO - Telegram alert sent: [22:53:09] [RUNNING] Track 1 running (511.9 px/s)
2025-12-14 22:53:23,385 - SmartHomeAI - INFO - Telegram alert sent: [22:53:07] [VIOLENCE] Violence detected near track 1
2025-12-14 22:53:23,438 - SmartHomeAI - INFO - Telegram alert sent: [22:53:05] [VIOLENCE] Violence detected near track 1
2025-12-14 22:53:23,546 - SmartHomeAI - INFO - Telegram alert sent: [22:53:08] [RUNNING] Track 1 running (216.7 px/s)
2025-12-14 22:53:23,606 - SmartHomeAI - WARNING - [22:53:23] [VIOLENCE] Violence detected near track 1
2025-12-14 22:53:23,606 - SmartHomeAI - WARNING - Sound file not found: data/assets/sounds\alarm.mp3
2025-12-14 22:53:23,688 - SmartHomeAI - INFO - Telegram alert sent: [22:53:10] [RUNNING] Track 1 running (232.1 px/s)
2025-12-14 22:53:23,902 - SmartHomeAI - INFO - Telegram alert sent: [22:53:10] [RUNNING] Track 1 running (397.8 px/s)
2025-12-14 22:53:23,949 - SmartHomeAI - INFO - Telegram alert sent: [22:53:09] [VIOLENCE] Violence detected near track 1
2025-12-14 22:53:24,245 - SmartHomeAI - INFO - Telegram alert sent: [22:53:09] [RUNNING] Track 1 running (215.1 px/s)
2025-12-14 22:53:24,247 - SmartHomeAI - WARNING - [22:53:23] [VIOLENCE] Violence detected near track 1
2025-12-14 22:53:24,248 - SmartHomeAI - WARNING - Sound file not found: data/assets/sounds\alarm.mp3
2025-12-14 22:53:24,318 - SmartHomeAI - INFO - Telegram alert sent: [22:53:10] [RUNNING] Track 1 running (283.9 px/s)
2025-12-14 22:53:24,320 - SmartHomeAI - INFO - Telegram alert sent: [22:53:09] [VIOLENCE] Violence detected near track 1
2025-12-14 22:53:24,329 - SmartHomeAI - INFO - [22:53:24] [LOITERING] Track 1 loitering (5.1s)
2025-12-14 22:53:24,359 - SmartHomeAI - INFO - Telegram alert sent: [22:53:09] [RUNNING] Track 1 running (243.8 px/s)
2025-12-14 22:53:24,396 - SmartHomeAI - WARNING - [22:53:24] [INTRUSION] Track 1 entered ROI
2025-12-14 22:53:24,396 - SmartHomeAI - WARNING - Sound file not found: data/assets/sounds\alarm.mp3
2025-12-14 22:53:24,398 - SmartHomeAI - INFO - [22:53:24] [RUNNING] Track 1 running (224.6 px/s)
2025-12-14 22:53:24,516 - SmartHomeAI - INFO - Telegram alert sent: [22:53:06] [RUNNING] Track 1 running (306.5 px/s)
2025-12-14 22:53:24,545 - SmartHomeAI - INFO - [22:53:24] [RUNNING] Track 1 running (243.4 px/s)
2025-12-14 22:53:24,720 - SmartHomeAI - INFO - Telegram alert sent: [22:53:09] [RUNNING] Track 1 running (255.0 px/s)
2025-12-14 22:53:24,943 - SmartHomeAI - WARNING - [22:53:24] [VIOLENCE] Violence detected near track 1
2025-12-14 22:53:24,944 - SmartHomeAI - WARNING - Sound file not found: data/assets/sounds\alarm.mp3
2025-12-14 22:53:25,212 - SmartHomeAI - ERROR - Failed to send Telegram alert: HTTPSConnectionPool(host='api.telegram.org', port=443): Read timed out. (read timeout=10)
2025-12-14 22:53:25,222 - SmartHomeAI - INFO - Telegram alert sent: [22:53:08] [INTRUSION] Track 6 entered ROI
2025-12-14 22:53:25,251 - SmartHomeAI - INFO - Telegram alert sent: [22:53:06] [INTRUSION] Track 1 entered ROI
2025-12-14 22:53:25,251 - SmartHomeAI - INFO - Telegram alert sent: [22:53:11] [RUNNING] Track 1 running (238.1 px/s)
2025-12-14 22:53:25,315 - SmartHomeAI - ERROR - Failed to send Telegram alert: HTTPSConnectionPool(host='api.telegram.org', port=443): Read timed out. (read timeout=10)
2025-12-14 22:53:25,330 - SmartHomeAI - ERROR - Failed to send Telegram alert: HTTPSConnectionPool(host='api.telegram.org', port=443): Read timed out. (read timeout=10)
2025-12-14 22:53:25,579 - SmartHomeAI - WARNING - [22:53:25] [VIOLENCE] Violence detected near track 1
2025-12-14 22:53:25,579 - SmartHomeAI - WARNING - Sound file not found: data/assets/sounds\alarm.mp3
2025-12-14 22:53:25,632 - SmartHomeAI - INFO - Telegram alert sent: [22:53:05] [RUNNING] Track 1 running (212.0 px/s)
2025-12-14 22:53:25,633 - SmartHomeAI - INFO - Telegram alert sent: [22:53:11] [VIOLENCE] Violence detected near track 1
2025-12-14 22:53:25,690 - SmartHomeAI - ERROR - Failed to send Telegram alert: HTTPSConnectionPool(host='api.telegram.org', port=443): Read timed out. (read timeout=10)
2025-12-14 22:53:25,699 - SmartHomeAI - INFO - Telegram alert sent: [22:53:08] [VIOLENCE] Violence detected near track 1
2025-12-14 22:53:25,796 - SmartHomeAI - INFO - Telegram alert sent: [22:53:10] [RUNNING] Track 1 running (271.8 px/s)
2025-12-14 22:53:25,939 - SmartHomeAI - INFO - Telegram alert sent: [22:53:11] [RUNNING] Track 1 running (390.0 px/s)
2025-12-14 22:53:25,991 - SmartHomeAI - INFO - Telegram alert sent: [22:53:11] [RUNNING] Track 1 running (345.4 px/s)
2025-12-14 22:53:26,412 - SmartHomeAI - INFO - Telegram alert sent: [22:53:08] [RUNNING] Track 1 running (247.2 px/s)
2025-12-14 22:53:28,632 - SmartHomeAI - WARNING - [22:53:25] [VIOLENCE] Violence detected near track 1
2025-12-14 22:53:28,632 - SmartHomeAI - WARNING - Sound file not found: data/assets/sounds\alarm.mp3
2025-12-14 22:53:28,914 - SmartHomeAI - INFO - [22:53:28] [RUNNING] Track 1 running (409.9 px/s)
2025-12-14 22:53:29,295 - SmartHomeAI - WARNING - [22:53:28] [VIOLENCE] Violence detected near track 1
2025-12-14 22:53:29,295 - SmartHomeAI - WARNING - Sound file not found: data/assets/sounds\alarm.mp3
2025-12-14 22:53:29,457 - SmartHomeAI - INFO - [22:53:29] [LOITERING] Track 1 loitering (5.0s)
2025-12-14 22:53:29,520 - SmartHomeAI - WARNING - [22:53:29] [INTRUSION] Track 1 entered ROI
2025-12-14 22:53:29,520 - SmartHomeAI - WARNING - Sound file not found: data/assets/sounds\alarm.mp3
2025-12-14 22:53:29,523 - SmartHomeAI - INFO - Telegram alert sent: [22:53:14] [VIOLENCE] Violence detected near track 1
2025-12-14 22:53:29,779 - SmartHomeAI - ERROR - Failed to send Telegram alert: HTTPSConnectionPool(host='api.telegram.org', port=443): Read timed out. (read timeout=10)
2025-12-14 22:53:29,825 - SmartHomeAI - INFO - Telegram alert sent: [22:53:19] [LOITERING] Track 1 loitering (5.0s)
2025-12-14 22:53:29,825 - SmartHomeAI - INFO - Telegram alert sent: [22:53:13] [LOITERING] Track 1 loitering (7.1s)
2025-12-14 22:53:29,877 - SmartHomeAI - INFO - Telegram alert sent: [22:53:17] [RUNNING] Track 1 running (249.3 px/s)
2025-12-14 22:53:29,958 - SmartHomeAI - WARNING - [22:53:29] [VIOLENCE] Violence detected near track 1
2025-12-14 22:53:29,958 - SmartHomeAI - WARNING - Sound file not found: data/assets/sounds\alarm.mp3
2025-12-14 22:53:29,991 - SmartHomeAI - INFO - Telegram alert sent: [22:53:18] [VIOLENCE] Violence detected near track 1
2025-12-14 22:53:29,991 - SmartHomeAI - INFO - Telegram alert sent: [22:53:18] [VIOLENCE] Violence detected near track 1
2025-12-14 22:53:30,032 - SmartHomeAI - INFO - Telegram alert sent: [22:53:13] [LOITERING] Track 6 loitering (5.8s)
2025-12-14 22:53:30,233 - SmartHomeAI - INFO - [22:53:30] [RUNNING] Track 1 running (260.7 px/s)
2025-12-14 22:53:30,254 - SmartHomeAI - INFO - Telegram alert sent: [22:53:18] [RUNNING] Track 1 running (300.6 px/s)
2025-12-14 22:53:30,254 - SmartHomeAI - INFO - Telegram alert sent: [22:53:17] [RUNNING] Track 1 running (203.7 px/s)
2025-12-14 22:53:30,490 - SmartHomeAI - INFO - Telegram alert sent: [22:53:18] [RUNNING] Track 1 running (446.9 px/s)
2025-12-14 22:53:30,635 - SmartHomeAI - WARNING - [22:53:30] [VIOLENCE] Violence detected near track 1
2025-12-14 22:53:30,635 - SmartHomeAI - WARNING - Sound file not found: data/assets/sounds\alarm.mp3
2025-12-14 22:53:30,820 - SmartHomeAI - INFO - [22:53:30] [RUNNING] Track 1 running (448.1 px/s)
2025-12-14 22:53:31,556 - SmartHomeAI - WARNING - [22:53:30] [VIOLENCE] Violence detected near track 1
2025-12-14 22:53:31,556 - SmartHomeAI - WARNING - Sound file not found: data/assets/sounds\alarm.mp3
2025-12-14 22:53:31,682 - SmartHomeAI - INFO - Telegram alert sent: [22:53:23] [VIOLENCE] Violence detected near track 1
2025-12-14 22:53:31,684 - SmartHomeAI - INFO - Telegram alert sent: [22:53:23] [VIOLENCE] Violence detected near track 1
2025-12-14 22:53:31,687 - SmartHomeAI - INFO - Telegram alert sent: [22:53:21] [VIOLENCE] Violence detected near track 1
2025-12-14 22:53:31,688 - SmartHomeAI - INFO - Telegram alert sent: [22:53:19] [INTRUSION] Track 6 entered ROI
2025-12-14 22:53:31,945 - SmartHomeAI - INFO - Telegram alert sent: [22:53:19] [INTRUSION] Track 1 entered ROI
2025-12-14 22:53:31,945 - SmartHomeAI - INFO - Telegram alert sent: [22:53:24] [RUNNING] Track 1 running (224.6 px/s)
2025-12-14 22:53:31,949 - SmartHomeAI - INFO - Telegram alert sent: [22:53:18] [RUNNING] Track 1 running (414.9 px/s)
2025-12-14 22:53:31,951 - SmartHomeAI - INFO - Telegram alert sent: [22:53:11] [RUNNING] Track 1 running (281.0 px/s)
2025-12-14 22:53:32,296 - SmartHomeAI - INFO - Telegram alert sent: [22:53:15] [VIOLENCE] Violence detected near track 1
2025-12-14 22:53:32,451 - SmartHomeAI - INFO - Telegram alert sent: [22:53:24] [LOITERING] Track 1 loitering (5.1s)
2025-12-14 22:53:32,500 - SmartHomeAI - INFO - Telegram alert sent: [22:53:21] [RUNNING] Track 1 running (409.9 px/s)
2025-12-14 22:53:32,620 - SmartHomeAI - INFO - Telegram alert sent: [22:53:14] [RUNNING] Track 1 running (380.0 px/s)
2025-12-14 22:53:32,709 - SmartHomeAI - WARNING - [22:53:32] [VIOLENCE] Violence detected near track 1
2025-12-14 22:53:32,709 - SmartHomeAI - WARNING - Sound file not found: data/assets/sounds\alarm.mp3
2025-12-14 22:53:33,456 - SmartHomeAI - WARNING - [22:53:33] [VIOLENCE] Violence detected near track 1
2025-12-14 22:53:33,456 - SmartHomeAI - WARNING - Sound file not found: data/assets/sounds\alarm.mp3
2025-12-14 22:53:33,659 - SmartHomeAI - INFO - [22:53:33] [RUNNING] Track 1 running (270.2 px/s)
2025-12-14 22:53:33,770 - SmartHomeAI - INFO - Telegram alert sent: [22:53:20] [VIOLENCE] Violence detected near track 1
2025-12-14 22:53:34,110 - SmartHomeAI - WARNING - [22:53:33] [VIOLENCE] Violence detected near track 1
2025-12-14 22:53:34,111 - SmartHomeAI - WARNING - Sound file not found: data/assets/sounds\alarm.mp3
2025-12-14 22:53:34,745 - SmartHomeAI - WARNING - [22:53:34] [VIOLENCE] Violence detected near track 1
2025-12-14 22:53:34,745 - SmartHomeAI - WARNING - Sound file not found: data/assets/sounds\alarm.mp3
2025-12-14 22:53:34,830 - SmartHomeAI - INFO - [22:53:34] [LOITERING] Track 1 loitering (5.3s)
2025-12-14 22:53:34,911 - SmartHomeAI - WARNING - [22:53:34] [INTRUSION] Track 1 entered ROI
2025-12-14 22:53:34,912 - SmartHomeAI - WARNING - Sound file not found: data/assets/sounds\alarm.mp3
2025-12-14 22:53:35,459 - SmartHomeAI - WARNING - [22:53:35] [VIOLENCE] Violence detected near track 1
2025-12-14 22:53:35,460 - SmartHomeAI - WARNING - Sound file not found: data/assets/sounds\alarm.mp3
2025-12-14 22:53:35,761 - SmartHomeAI - INFO - Telegram alert sent: [22:53:18] [RUNNING] Track 1 running (451.4 px/s)
2025-12-14 22:53:35,840 - SmartHomeAI - INFO - Telegram alert sent: [22:53:20] [RUNNING] Track 1 running (227.4 px/s)
2025-12-14 22:53:35,874 - SmartHomeAI - INFO - Telegram alert sent: [22:53:21] [RUNNING] Track 1 running (205.0 px/s)
2025-12-14 22:53:35,972 - SmartHomeAI - INFO - Telegram alert sent: [22:53:23] [RUNNING] Track 1 running (273.5 px/s)
2025-12-14 22:53:36,052 - SmartHomeAI - INFO - Telegram alert sent: [22:53:22] [VIOLENCE] Violence detected near track 1
2025-12-14 22:53:36,093 - SmartHomeAI - WARNING - [22:53:35] [VIOLENCE] Violence detected near track 1
2025-12-14 22:53:36,093 - SmartHomeAI - WARNING - Sound file not found: data/assets/sounds\alarm.mp3
2025-12-14 22:53:36,122 - SmartHomeAI - INFO - Telegram alert sent: [22:53:24] [INTRUSION] Track 1 entered ROI
2025-12-14 22:53:36,161 - SmartHomeAI - INFO - Telegram alert sent: [22:53:19] [LOITERING] Track 6 loitering (5.0s)
2025-12-14 22:53:36,200 - SmartHomeAI - INFO - Telegram alert sent: [22:53:24] [RUNNING] Track 1 running (243.4 px/s)
2025-12-14 22:53:36,259 - SmartHomeAI - INFO - Telegram alert sent: [22:53:23] [RUNNING] Track 1 running (343.4 px/s)
2025-12-14 22:53:36,349 - SmartHomeAI - INFO - Telegram alert sent: [22:53:25] [VIOLENCE] Violence detected near track 1
2025-12-14 22:53:36,350 - SmartHomeAI - INFO - Telegram alert sent: [22:53:22] [RUNNING] Track 1 running (388.2 px/s)
2025-12-14 22:53:36,370 - SmartHomeAI - INFO - [22:53:36] [RUNNING] Track 1 running (247.2 px/s)
2025-12-14 22:53:36,475 - SmartHomeAI - INFO - Telegram alert sent: [22:53:28] [VIOLENCE] Violence detected near track 1
2025-12-14 22:53:36,552 - SmartHomeAI - INFO - Telegram alert sent: [22:53:28] [RUNNING] Track 1 running (409.9 px/s)
2025-12-14 22:53:36,600 - SmartHomeAI - INFO - Telegram alert sent: [22:53:25] [VIOLENCE] Violence detected near track 1
2025-12-14 22:53:36,779 - SmartHomeAI - WARNING - [22:53:36] [VIOLENCE] Violence detected near track 1
2025-12-14 22:53:36,780 - SmartHomeAI - WARNING - Sound file not found: data/assets/sounds\alarm.mp3
2025-12-14 22:53:37,617 - SmartHomeAI - INFO - Telegram alert sent: [22:53:24] [VIOLENCE] Violence detected near track 1
2025-12-14 22:53:37,822 - SmartHomeAI - INFO - Telegram alert sent: [22:53:21] [VIOLENCE] Violence detected near track 1
2025-12-14 22:53:38,102 - SmartHomeAI - WARNING - [22:53:37] [VIOLENCE] Violence detected near track 1
2025-12-14 22:53:38,102 - SmartHomeAI - WARNING - Sound file not found: data/assets/sounds\alarm.mp3
2025-12-14 22:53:38,749 - SmartHomeAI - WARNING - [22:53:38] [VIOLENCE] Violence detected near track 1
2025-12-14 22:53:38,749 - SmartHomeAI - WARNING - Sound file not found: data/assets/sounds\alarm.mp3
2025-12-14 22:53:39,043 - SmartHomeAI - WARNING - [22:53:38] [INTRUSION] Track 23 entered ROI
2025-12-14 22:53:39,044 - SmartHomeAI - WARNING - Sound file not found: data/assets/sounds\alarm.mp3
2025-12-14 22:53:39,400 - SmartHomeAI - WARNING - [22:53:39] [VIOLENCE] Violence detected near track 1
2025-12-14 22:53:39,400 - SmartHomeAI - WARNING - Sound file not found: data/assets/sounds\alarm.mp3
2025-12-14 22:53:39,403 - SmartHomeAI - WARNING - [22:53:39] [VIOLENCE] Violence detected near track 23
2025-12-14 22:53:39,403 - SmartHomeAI - WARNING - Sound file not found: data/assets/sounds\alarm.mp3
2025-12-14 22:53:40,078 - SmartHomeAI - WARNING - [22:53:39] [VIOLENCE] Violence detected near track 1
2025-12-14 22:53:40,078 - SmartHomeAI - WARNING - Sound file not found: data/assets/sounds\alarm.mp3
2025-12-14 22:53:40,152 - SmartHomeAI - INFO - [22:53:40] [LOITERING] Track 1 loitering (5.2s)
2025-12-14 22:53:40,229 - SmartHomeAI - WARNING - [22:53:40] [INTRUSION] Track 1 entered ROI
2025-12-14 22:53:40,229 - SmartHomeAI - WARNING - Sound file not found: data/assets/sounds\alarm.mp3
2025-12-14 22:53:40,749 - SmartHomeAI - INFO - [22:53:40] [RUNNING] Track 1 running (207.6 px/s)
2025-12-14 22:53:41,422 - SmartHomeAI - WARNING - [22:53:41] [VIOLENCE] Violence detected near track 1
2025-12-14 22:53:41,423 - SmartHomeAI - WARNING - Sound file not found: data/assets/sounds\alarm.mp3
2025-12-14 22:53:41,670 - SmartHomeAI - ERROR - Failed to send Telegram alert: HTTPSConnectionPool(host='api.telegram.org', port=443): Read timed out. (read timeout=10)
2025-12-14 22:53:42,059 - SmartHomeAI - INFO - Telegram alert sent: [22:53:29] [INTRUSION] Track 1 entered ROI
2025-12-14 22:53:42,231 - SmartHomeAI - INFO - Telegram alert sent: [22:53:33] [VIOLENCE] Violence detected near track 1
2025-12-14 22:53:42,231 - SmartHomeAI - INFO - Telegram alert sent: [22:53:30] [VIOLENCE] Violence detected near track 1
2025-12-14 22:53:42,233 - SmartHomeAI - INFO - Telegram alert sent: [22:53:34] [INTRUSION] Track 1 entered ROI
2025-12-14 22:53:42,236 - SmartHomeAI - INFO - Telegram alert sent: [22:53:30] [RUNNING] Track 1 running (448.1 px/s)
2025-12-14 22:53:42,236 - SmartHomeAI - INFO - Telegram alert sent: [22:53:30] [VIOLENCE] Violence detected near track 1
2025-12-14 22:53:42,245 - SmartHomeAI - INFO - Telegram alert sent: [22:53:32] [VIOLENCE] Violence detected near track 1
2025-12-14 22:53:42,247 - SmartHomeAI - INFO - Telegram alert sent: [22:53:34] [LOITERING] Track 1 loitering (5.3s)
2025-12-14 22:53:42,250 - SmartHomeAI - WARNING - [22:53:41] [VIOLENCE] Violence detected near track 1
2025-12-14 22:53:42,252 - SmartHomeAI - INFO - Telegram alert sent: [22:53:29] [VIOLENCE] Violence detected near track 1
2025-12-14 22:53:42,253 - SmartHomeAI - WARNING - Sound file not found: data/assets/sounds\alarm.mp3
2025-12-14 22:53:42,262 - SmartHomeAI - INFO - Telegram alert sent: [22:53:35] [VIOLENCE] Violence detected near track 1
2025-12-14 22:53:42,289 - SmartHomeAI - INFO - Telegram alert sent: [22:53:29] [LOITERING] Track 1 loitering (5.0s)
2025-12-14 22:53:42,289 - SmartHomeAI - INFO - Telegram alert sent: [22:53:33] [RUNNING] Track 1 running (270.2 px/s)
2025-12-14 22:53:42,289 - SmartHomeAI - INFO - Telegram alert sent: [22:53:34] [VIOLENCE] Violence detected near track 1
2025-12-14 22:53:42,333 - SmartHomeAI - INFO - Telegram alert sent: [22:53:33] [VIOLENCE] Violence detected near track 1
2025-12-14 22:53:42,992 - SmartHomeAI - WARNING - [22:53:42] [VIOLENCE] Violence detected near track 1
2025-12-14 22:53:42,993 - SmartHomeAI - WARNING - Sound file not found: data/assets/sounds\alarm.mp3
2025-12-14 22:53:43,375 - SmartHomeAI - INFO - Telegram alert sent: [22:53:36] [VIOLENCE] Violence detected near track 1
2025-12-14 22:53:43,375 - SmartHomeAI - INFO - Telegram alert sent: [22:53:39] [VIOLENCE] Violence detected near track 1
2025-12-14 22:53:43,549 - SmartHomeAI - INFO - Telegram alert sent: [22:53:39] [VIOLENCE] Violence detected near track 23
2025-12-14 22:53:43,629 - SmartHomeAI - WARNING - [22:53:43] [VIOLENCE] Violence detected near track 1
2025-12-14 22:53:43,629 - SmartHomeAI - WARNING - Sound file not found: data/assets/sounds\alarm.mp3
2025-12-14 22:53:43,762 - SmartHomeAI - INFO - [22:53:43] [RUNNING] Track 1 running (264.8 px/s)
2025-12-14 22:53:43,768 - SmartHomeAI - INFO - Telegram alert sent: [22:53:38] [VIOLENCE] Violence detected near track 1
2025-12-14 22:53:43,768 - SmartHomeAI - INFO - Telegram alert sent: [22:53:37] [VIOLENCE] Violence detected near track 1
2025-12-14 22:53:44,271 - SmartHomeAI - INFO - [22:53:43] [RUNNING] Track 1 running (233.0 px/s)
2025-12-14 22:53:44,274 - SmartHomeAI - WARNING - [22:53:43] [VIOLENCE] Violence detected near track 1
2025-12-14 22:53:44,274 - SmartHomeAI - WARNING - Sound file not found: data/assets/sounds\alarm.mp3
2025-12-14 22:53:44,346 - SmartHomeAI - INFO - [22:53:44] [LOITERING] Track 23 loitering (5.3s)
2025-12-14 22:53:44,422 - SmartHomeAI - WARNING - [22:53:44] [INTRUSION] Track 23 entered ROI
2025-12-14 22:53:44,422 - SmartHomeAI - WARNING - Sound file not found: data/assets/sounds\alarm.mp3
2025-12-14 22:53:45,093 - SmartHomeAI - WARNING - [22:53:44] [VIOLENCE] Violence detected near track 1
2025-12-14 22:53:45,094 - SmartHomeAI - WARNING - Sound file not found: data/assets/sounds\alarm.mp3
2025-12-14 22:53:45,289 - SmartHomeAI - INFO - [22:53:45] [LOITERING] Track 1 loitering (5.0s)
2025-12-14 22:53:45,292 - SmartHomeAI - INFO - [22:53:45] [RUNNING] Track 1 running (282.6 px/s)
2025-12-14 22:53:45,374 - SmartHomeAI - WARNING - [22:53:45] [INTRUSION] Track 1 entered ROI
2025-12-14 22:53:45,374 - SmartHomeAI - WARNING - Sound file not found: data/assets/sounds\alarm.mp3
2025-12-14 22:53:46,089 - SmartHomeAI - WARNING - [22:53:45] [VIOLENCE] Violence detected near track 1
2025-12-14 22:53:46,089 - SmartHomeAI - WARNING - Sound file not found: data/assets/sounds\alarm.mp3
2025-12-14 22:53:46,832 - SmartHomeAI - WARNING - [22:53:46] [VIOLENCE] Violence detected near track 1
2025-12-14 22:53:46,833 - SmartHomeAI - WARNING - Sound file not found: data/assets/sounds\alarm.mp3
2025-12-14 22:53:46,837 - SmartHomeAI - INFO - Cleaning up...
2025-12-14 22:53:46,838 - SmartHomeAI - INFO - Approx. FPS: 6.36
2025-12-14 22:53:47,102 - SmartHomeAI - INFO - Video stream stopped.
2025-12-14 22:53:53,073 - SmartHomeAI - INFO - Telegram alert sent: [22:53:40] [LOITERING] Track 1 loitering (5.2s)
2025-12-14 22:53:53,287 - SmartHomeAI - INFO - Telegram alert sent: [22:53:38] [INTRUSION] Track 23 entered ROI
2025-12-14 22:53:53,388 - SmartHomeAI - INFO - Telegram alert sent: [22:53:40] [RUNNING] Track 1 running (207.6 px/s)
2025-12-14 22:53:53,529 - SmartHomeAI - INFO - Telegram alert sent: [22:53:35] [VIOLENCE] Violence detected near track 1
2025-12-14 22:53:53,651 - SmartHomeAI - INFO - Telegram alert sent: [22:53:36] [RUNNING] Track 1 running (247.2 px/s)
2025-12-14 22:53:53,751 - SmartHomeAI - INFO - Telegram alert sent: [22:53:40] [INTRUSION] Track 1 entered ROI
2025-12-14 22:53:53,825 - SmartHomeAI - INFO - Telegram alert sent: [22:53:41] [VIOLENCE] Violence detected near track 1
2025-12-14 22:53:54,113 - SmartHomeAI - INFO - Telegram alert sent: [22:53:41] [VIOLENCE] Violence detected near track 1
2025-12-14 22:53:54,253 - SmartHomeAI - INFO - Telegram alert sent: [22:53:39] [VIOLENCE] Violence detected near track 1
2025-12-14 22:53:55,296 - SmartHomeAI - INFO - Telegram alert sent: [22:53:43] [RUNNING] Track 1 running (264.8 px/s)
2025-12-14 22:53:55,549 - SmartHomeAI - INFO - Telegram alert sent: [22:53:43] [VIOLENCE] Violence detected near track 1
2025-12-14 22:53:55,632 - SmartHomeAI - INFO - Telegram alert sent: [22:53:43] [VIOLENCE] Violence detected near track 1
2025-12-14 22:53:55,909 - SmartHomeAI - INFO - Telegram alert sent: [22:53:44] [VIOLENCE] Violence detected near track 1
2025-12-14 22:53:56,049 - SmartHomeAI - INFO - Telegram alert sent: [22:53:45] [LOITERING] Track 1 loitering (5.0s)
2025-12-14 22:53:56,149 - SmartHomeAI - INFO - Telegram alert sent: [22:53:46] [VIOLENCE] Violence detected near track 1
2025-12-14 22:53:56,273 - SmartHomeAI - INFO - Telegram alert sent: [22:53:45] [INTRUSION] Track 1 entered ROI
2025-12-14 22:53:56,590 - SmartHomeAI - INFO - Telegram alert sent: [22:53:44] [INTRUSION] Track 23 entered ROI
2025-12-14 22:53:56,833 - SmartHomeAI - WARNING - Failed to grab frame. Retrying...
2025-12-14 22:53:59,523 - SmartHomeAI - INFO - Telegram alert sent: [22:53:45] [RUNNING] Track 1 running (282.6 px/s)
2025-12-14 22:53:59,537 - SmartHomeAI - INFO - Telegram alert sent: [22:53:42] [VIOLENCE] Violence detected near track 1
2025-12-14 22:53:59,708 - SmartHomeAI - INFO - Telegram alert sent: [22:53:44] [LOITERING] Track 23 loitering (5.3s)
2025-12-14 22:53:59,929 - SmartHomeAI - INFO - Telegram alert sent: [22:53:45] [VIOLENCE] Violence detected near track 1
2025-12-14 22:53:59,931 - SmartHomeAI - INFO - Telegram alert sent: [22:53:43] [RUNNING] Track 1 running (233.0 px/s)
2025-12-14 23:20:40,198 - SmartHomeAI - INFO - Initializing components...
2025-12-14 23:20:40,198 - SmartHomeAI - INFO - Opening camera source: E:\KLTN\Video\Walk2.mpg
2025-12-14 23:20:40,260 - SmartHomeAI - INFO - Camera opened successfully: E:\KLTN\Video\Walk2.mpg
2025-12-14 23:20:40,260 - SmartHomeAI - INFO - Starting video stream thread.
2025-12-14 23:20:42,261 - SmartHomeAI - INFO - Initializing Detector on device: cpu
2025-12-14 23:20:42,346 - SmartHomeAI - WARNING - CUDA not available, switching DeepSort embedder to CPU.
2025-12-14 23:20:42,346 - SmartHomeAI - INFO - Initializing DeepSort with max_age=30, n_init=3, embedder=mobilenet
2025-12-14 23:20:44,175 - SmartHomeAI - INFO - Initializing ViolenceDetector on cpu with model: E:\KLTN\AI-Smart-Home-Security\models/violence/Violence_Yolov8.pt
2025-12-14 23:20:44,241 - SmartHomeAI - INFO - Initializing FallDetector on cpu with model: E:\KLTN\AI-Smart-Home-Security\models/fall/Fall_Yolov11.pt
2025-12-14 23:20:44,527 - SmartHomeAI - INFO - Pygame mixer initialized.
2025-12-14 23:20:44,528 - SmartHomeAI - INFO - System Ready. Press 'q' to quit.
2025-12-14 23:20:47,446 - SmartHomeAI - WARNING - Failed to grab frame. Retrying...
2025-12-14 23:20:48,527 - SmartHomeAI - WARNING - [23:20:48] [INTRUSION] Track 1 entered ROI
2025-12-14 23:20:48,527 - SmartHomeAI - WARNING - Sound file not found: data/assets/sounds\alarm.mp3
2025-12-14 23:20:48,530 - SmartHomeAI - WARNING - [23:20:48] [INTRUSION] Track 2 entered ROI
2025-12-14 23:20:48,531 - SmartHomeAI - WARNING - Sound file not found: data/assets/sounds\alarm.mp3
2025-12-14 23:20:52,450 - SmartHomeAI - INFO - Opening camera source: E:\KLTN\Video\Walk2.mpg
2025-12-14 23:20:52,461 - SmartHomeAI - INFO - Camera opened successfully: E:\KLTN\Video\Walk2.mpg
2025-12-14 23:20:53,956 - SmartHomeAI - INFO - Telegram alert sent: [23:20:48] [INTRUSION] Track 2 entered ROI
2025-12-14 23:20:54,611 - SmartHomeAI - INFO - Telegram alert sent: [23:20:48] [INTRUSION] Track 1 entered ROI
2025-12-14 23:20:59,213 - SmartHomeAI - WARNING - Failed to grab frame. Retrying...
2025-12-14 23:20:59,515 - SmartHomeAI - WARNING - [23:20:59] [INTRUSION] Track 9 entered ROI
2025-12-14 23:20:59,515 - SmartHomeAI - WARNING - Sound file not found: data/assets/sounds\alarm.mp3
2025-12-14 23:20:59,519 - SmartHomeAI - WARNING - [23:20:59] [INTRUSION] Track 10 entered ROI
2025-12-14 23:20:59,519 - SmartHomeAI - WARNING - Sound file not found: data/assets/sounds\alarm.mp3
2025-12-14 23:21:04,216 - SmartHomeAI - INFO - Opening camera source: E:\KLTN\Video\Walk2.mpg
2025-12-14 23:21:04,227 - SmartHomeAI - INFO - Camera opened successfully: E:\KLTN\Video\Walk2.mpg
2025-12-14 23:21:05,736 - SmartHomeAI - INFO - Telegram alert sent: [23:20:59] [INTRUSION] Track 10 entered ROI
2025-12-14 23:21:06,056 - SmartHomeAI - INFO - Telegram alert sent: [23:20:59] [INTRUSION] Track 9 entered ROI
2025-12-14 23:21:10,978 - SmartHomeAI - WARNING - Failed to grab frame. Retrying...
2025-12-14 23:21:11,432 - SmartHomeAI - WARNING - [23:21:11] [INTRUSION] Track 16 entered ROI
2025-12-14 23:21:11,432 - SmartHomeAI - WARNING - Sound file not found: data/assets/sounds\alarm.mp3
2025-12-14 23:21:15,982 - SmartHomeAI - INFO - Opening camera source: E:\KLTN\Video\Walk2.mpg
2025-12-14 23:21:15,990 - SmartHomeAI - INFO - Camera opened successfully: E:\KLTN\Video\Walk2.mpg
2025-12-14 23:21:18,788 - SmartHomeAI - INFO - Telegram alert sent: [23:21:11] [INTRUSION] Track 16 entered ROI
2025-12-14 23:21:22,632 - SmartHomeAI - WARNING - Failed to grab frame. Retrying...
2025-12-14 23:21:22,996 - SmartHomeAI - WARNING - [23:21:22] [INTRUSION] Track 21 entered ROI
2025-12-14 23:21:22,996 - SmartHomeAI - WARNING - Sound file not found: data/assets/sounds\alarm.mp3
2025-12-14 23:21:23,009 - SmartHomeAI - WARNING - [23:21:22] [INTRUSION] Track 22 entered ROI
2025-12-14 23:21:23,009 - SmartHomeAI - WARNING - Sound file not found: data/assets/sounds\alarm.mp3
2025-12-14 23:21:27,635 - SmartHomeAI - INFO - Opening camera source: E:\KLTN\Video\Walk2.mpg
2025-12-14 23:21:27,648 - SmartHomeAI - INFO - Camera opened successfully: E:\KLTN\Video\Walk2.mpg
2025-12-14 23:21:28,883 - SmartHomeAI - INFO - Telegram alert sent: [23:21:22] [INTRUSION] Track 22 entered ROI
2025-12-14 23:21:28,963 - SmartHomeAI - INFO - Telegram alert sent: [23:21:22] [INTRUSION] Track 21 entered ROI
2025-12-14 23:21:34,498 - SmartHomeAI - WARNING - Failed to grab frame. Retrying...
2025-12-14 23:21:35,046 - SmartHomeAI - WARNING - [23:21:34] [INTRUSION] Track 29 entered ROI
2025-12-14 23:21:35,046 - SmartHomeAI - WARNING - Sound file not found: data/assets/sounds\alarm.mp3
2025-12-14 23:21:35,048 - SmartHomeAI - WARNING - [23:21:34] [INTRUSION] Track 30 entered ROI
2025-12-14 23:21:35,048 - SmartHomeAI - WARNING - Sound file not found: data/assets/sounds\alarm.mp3
2025-12-14 23:21:39,500 - SmartHomeAI - INFO - Opening camera source: E:\KLTN\Video\Walk2.mpg
2025-12-14 23:21:39,507 - SmartHomeAI - INFO - Camera opened successfully: E:\KLTN\Video\Walk2.mpg
2025-12-14 23:21:41,181 - SmartHomeAI - INFO - Telegram alert sent: [23:21:34] [INTRUSION] Track 30 entered ROI
2025-12-14 23:21:43,454 - SmartHomeAI - INFO - Telegram alert sent: [23:21:34] [INTRUSION] Track 29 entered ROI
2025-12-14 23:21:46,325 - SmartHomeAI - WARNING - Failed to grab frame. Retrying...
2025-12-14 23:21:46,828 - SmartHomeAI - WARNING - [23:21:46] [INTRUSION] Track 38 entered ROI
2025-12-14 23:21:46,828 - SmartHomeAI - WARNING - Sound file not found: data/assets/sounds\alarm.mp3
2025-12-14 23:21:46,835 - SmartHomeAI - WARNING - [23:21:46] [INTRUSION] Track 39 entered ROI
2025-12-14 23:21:46,835 - SmartHomeAI - WARNING - Sound file not found: data/assets/sounds\alarm.mp3
2025-12-14 23:21:51,291 - SmartHomeAI - INFO - Telegram alert sent: [23:21:46] [INTRUSION] Track 39 entered ROI
2025-12-14 23:21:51,329 - SmartHomeAI - INFO - Opening camera source: E:\KLTN\Video\Walk2.mpg
2025-12-14 23:21:51,336 - SmartHomeAI - INFO - Telegram alert sent: [23:21:46] [INTRUSION] Track 38 entered ROI
2025-12-14 23:21:51,338 - SmartHomeAI - INFO - Camera opened successfully: E:\KLTN\Video\Walk2.mpg
2025-12-14 23:21:58,054 - SmartHomeAI - WARNING - Failed to grab frame. Retrying...
2025-12-14 23:21:58,290 - SmartHomeAI - WARNING - [23:21:58] [INTRUSION] Track 46 entered ROI
2025-12-14 23:21:58,290 - SmartHomeAI - WARNING - Sound file not found: data/assets/sounds\alarm.mp3
2025-12-14 23:21:58,294 - SmartHomeAI - WARNING - [23:21:58] [INTRUSION] Track 47 entered ROI
2025-12-14 23:21:58,294 - SmartHomeAI - WARNING - Sound file not found: data/assets/sounds\alarm.mp3
2025-12-14 23:22:02,747 - SmartHomeAI - INFO - Telegram alert sent: [23:21:58] [INTRUSION] Track 46 entered ROI
2025-12-14 23:22:02,936 - SmartHomeAI - INFO - Telegram alert sent: [23:21:58] [INTRUSION] Track 47 entered ROI
2025-12-14 23:22:03,056 - SmartHomeAI - INFO - Opening camera source: E:\KLTN\Video\Walk2.mpg
2025-12-14 23:22:03,074 - SmartHomeAI - INFO - Camera opened successfully: E:\KLTN\Video\Walk2.mpg
2025-12-14 23:22:07,044 - SmartHomeAI - INFO - Cleaning up...
2025-12-14 23:22:07,044 - SmartHomeAI - INFO - Approx. FPS: 8.97
2025-12-14 23:22:07,045 - SmartHomeAI - INFO - Video stream stopped.
2025-12-14 23:22:07,047 - SmartHomeAI - INFO - Video stream thread stopping.
2025-12-14 23:34:49,313 - SmartHomeAI - INFO - Initializing components...
2025-12-14 23:34:49,313 - SmartHomeAI - INFO - Opening camera source: E:\KLTN\Video\Walk2.mpg
2025-12-14 23:34:49,384 - SmartHomeAI - INFO - Camera opened successfully: E:\KLTN\Video\Walk2.mpg
2025-12-14 23:34:49,384 - SmartHomeAI - INFO - Starting video stream thread.
2025-12-14 23:34:52,692 - SmartHomeAI - INFO - Initializing Detector on device: cuda
2025-12-14 23:34:53,207 - SmartHomeAI - INFO - Initializing DeepSort with max_age=30, n_init=3, embedder=mobilenet
2025-12-14 23:34:57,241 - SmartHomeAI - INFO - Initializing ViolenceDetector on cuda with model: E:\KLTN\AI-Smart-Home-Security\models/violence/Violence_Yolov8.pt
2025-12-14 23:34:57,311 - SmartHomeAI - INFO - Initializing FallDetector on cuda with model: E:\KLTN\AI-Smart-Home-Security\models/fall/Fall_Yolov11.pt
2025-12-14 23:34:57,720 - SmartHomeAI - INFO - Pygame mixer initialized.
2025-12-14 23:34:57,721 - SmartHomeAI - INFO - System Ready. Press 'q' to quit.
2025-12-14 23:34:59,021 - SmartHomeAI - WARNING - Failed to grab frame. Retrying...
2025-12-14 23:35:01,384 - SmartHomeAI - WARNING - [23:35:01] [INTRUSION] Track 2 entered ROI
2025-12-14 23:35:01,385 - SmartHomeAI - WARNING - Sound file not found: data/assets/sounds\alarm.mp3
2025-12-14 23:35:01,389 - SmartHomeAI - WARNING - [23:35:01] [INTRUSION] Track 3 entered ROI
2025-12-14 23:35:01,389 - SmartHomeAI - WARNING - Sound file not found: data/assets/sounds\alarm.mp3
2025-12-14 23:35:04,064 - SmartHomeAI - INFO - Opening camera source: E:\KLTN\Video\Walk2.mpg
2025-12-14 23:35:04,098 - SmartHomeAI - INFO - Camera opened successfully: E:\KLTN\Video\Walk2.mpg
2025-12-14 23:35:05,138 - SmartHomeAI - WARNING - [23:35:05] [INTRUSION] Track 6 entered ROI
2025-12-14 23:35:05,138 - SmartHomeAI - WARNING - Sound file not found: data/assets/sounds\alarm.mp3
2025-12-14 23:35:05,332 - SmartHomeAI - INFO - [23:35:05] [RUNNING] Track 6 running (240.5 px/s)
2025-12-14 23:35:05,499 - SmartHomeAI - INFO - [23:35:05] [RUNNING] Track 6 running (258.0 px/s)
2025-12-14 23:35:05,532 - SmartHomeAI - INFO - Telegram alert sent: [23:35:01] [INTRUSION] Track 3 entered ROI
2025-12-14 23:35:05,556 - SmartHomeAI - INFO - [23:35:05] [RUNNING] Track 6 running (200.9 px/s)
2025-12-14 23:35:05,581 - SmartHomeAI - INFO - [23:35:05] [RUNNING] Track 6 running (211.7 px/s)
2025-12-14 23:35:05,591 - SmartHomeAI - INFO - Telegram alert sent: [23:35:01] [INTRUSION] Track 2 entered ROI
2025-12-14 23:35:05,609 - SmartHomeAI - INFO - [23:35:05] [RUNNING] Track 6 running (273.1 px/s)
2025-12-14 23:35:05,664 - SmartHomeAI - INFO - [23:35:05] [RUNNING] Track 6 running (215.8 px/s)
2025-12-14 23:35:05,709 - SmartHomeAI - INFO - [23:35:05] [RUNNING] Track 6 running (273.7 px/s)
2025-12-14 23:35:05,736 - SmartHomeAI - INFO - [23:35:05] [RUNNING] Track 6 running (245.4 px/s)
2025-12-14 23:35:05,842 - SmartHomeAI - INFO - [23:35:05] [RUNNING] Track 6 running (282.7 px/s)
2025-12-14 23:35:05,887 - SmartHomeAI - INFO - [23:35:05] [RUNNING] Track 6 running (265.7 px/s)
2025-12-14 23:35:05,911 - SmartHomeAI - INFO - [23:35:05] [RUNNING] Track 6 running (283.2 px/s)
2025-12-14 23:35:05,937 - SmartHomeAI - INFO - [23:35:05] [RUNNING] Track 6 running (246.0 px/s)
2025-12-14 23:35:06,014 - SmartHomeAI - INFO - [23:35:05] [RUNNING] Track 6 running (225.4 px/s)
2025-12-14 23:35:06,066 - SmartHomeAI - INFO - [23:35:06] [RUNNING] Track 6 running (272.1 px/s)
2025-12-14 23:35:06,094 - SmartHomeAI - INFO - [23:35:06] [RUNNING] Track 6 running (206.6 px/s)
2025-12-14 23:35:06,121 - SmartHomeAI - INFO - [23:35:06] [RUNNING] Track 6 running (214.1 px/s)
2025-12-14 23:35:06,197 - SmartHomeAI - INFO - [23:35:06] [RUNNING] Track 6 running (222.1 px/s)
2025-12-14 23:35:06,245 - SmartHomeAI - INFO - [23:35:06] [RUNNING] Track 6 running (262.9 px/s)
2025-12-14 23:35:06,276 - SmartHomeAI - INFO - [23:35:06] [RUNNING] Track 6 running (230.7 px/s)
2025-12-14 23:35:06,395 - SmartHomeAI - INFO - [23:35:06] [RUNNING] Track 6 running (302.8 px/s)
2025-12-14 23:35:09,298 - SmartHomeAI - INFO - Telegram alert sent: [23:35:05] [RUNNING] Track 6 running (240.5 px/s)
2025-12-14 23:35:09,528 - SmartHomeAI - INFO - Telegram alert sent: [23:35:05] [RUNNING] Track 6 running (258.0 px/s)
2025-12-14 23:35:09,618 - SmartHomeAI - INFO - Telegram alert sent: [23:35:05] [INTRUSION] Track 6 entered ROI
2025-12-14 23:35:09,703 - SmartHomeAI - INFO - Telegram alert sent: [23:35:05] [RUNNING] Track 6 running (215.8 px/s)
2025-12-14 23:35:09,722 - SmartHomeAI - INFO - Telegram alert sent: [23:35:05] [RUNNING] Track 6 running (273.7 px/s)
2025-12-14 23:35:09,796 - SmartHomeAI - INFO - Telegram alert sent: [23:35:05] [RUNNING] Track 6 running (211.7 px/s)
2025-12-14 23:35:09,954 - SmartHomeAI - INFO - Telegram alert sent: [23:35:05] [RUNNING] Track 6 running (245.4 px/s)
2025-12-14 23:35:10,045 - SmartHomeAI - INFO - Telegram alert sent: [23:35:05] [RUNNING] Track 6 running (282.7 px/s)
2025-12-14 23:35:10,092 - SmartHomeAI - INFO - Telegram alert sent: [23:35:05] [RUNNING] Track 6 running (265.7 px/s)
2025-12-14 23:35:10,112 - SmartHomeAI - INFO - Telegram alert sent: [23:35:05] [RUNNING] Track 6 running (200.9 px/s)
2025-12-14 23:35:10,163 - SmartHomeAI - INFO - Telegram alert sent: [23:35:05] [RUNNING] Track 6 running (246.0 px/s)
2025-12-14 23:35:10,224 - SmartHomeAI - INFO - Telegram alert sent: [23:35:05] [RUNNING] Track 6 running (283.2 px/s)
2025-12-14 23:35:10,272 - SmartHomeAI - INFO - Telegram alert sent: [23:35:05] [RUNNING] Track 6 running (225.4 px/s)
2025-12-14 23:35:10,465 - SmartHomeAI - INFO - Telegram alert sent: [23:35:05] [RUNNING] Track 6 running (273.1 px/s)
2025-12-14 23:35:10,763 - SmartHomeAI - INFO - Telegram alert sent: [23:35:06] [RUNNING] Track 6 running (272.1 px/s)
2025-12-14 23:35:10,792 - SmartHomeAI - INFO - Telegram alert sent: [23:35:06] [RUNNING] Track 6 running (222.1 px/s)
2025-12-14 23:35:10,828 - SmartHomeAI - INFO - Telegram alert sent: [23:35:06] [RUNNING] Track 6 running (230.7 px/s)
2025-12-14 23:35:10,896 - SmartHomeAI - INFO - Telegram alert sent: [23:35:06] [RUNNING] Track 6 running (206.6 px/s)
2025-12-14 23:35:11,489 - SmartHomeAI - WARNING - Failed to grab frame. Retrying...
2025-12-14 23:35:11,592 - SmartHomeAI - WARNING - [23:35:11] [INTRUSION] Track 13 entered ROI
2025-12-14 23:35:11,592 - SmartHomeAI - WARNING - Sound file not found: data/assets/sounds\alarm.mp3
2025-12-14 23:35:11,594 - SmartHomeAI - WARNING - [23:35:11] [INTRUSION] Track 14 entered ROI
2025-12-14 23:35:11,595 - SmartHomeAI - WARNING - Sound file not found: data/assets/sounds\alarm.mp3
2025-12-14 23:35:14,114 - SmartHomeAI - INFO - Telegram alert sent: [23:35:06] [RUNNING] Track 6 running (302.8 px/s)
2025-12-14 23:35:14,164 - SmartHomeAI - INFO - Telegram alert sent: [23:35:06] [RUNNING] Track 6 running (214.1 px/s)
2025-12-14 23:35:14,206 - SmartHomeAI - INFO - Telegram alert sent: [23:35:06] [RUNNING] Track 6 running (262.9 px/s)
2025-12-14 23:35:15,166 - SmartHomeAI - INFO - Telegram alert sent: [23:35:11] [INTRUSION] Track 13 entered ROI
2025-12-14 23:35:15,217 - SmartHomeAI - INFO - Telegram alert sent: [23:35:11] [INTRUSION] Track 14 entered ROI
2025-12-14 23:35:16,492 - SmartHomeAI - INFO - Opening camera source: E:\KLTN\Video\Walk2.mpg
2025-12-14 23:35:16,511 - SmartHomeAI - INFO - Camera opened successfully: E:\KLTN\Video\Walk2.mpg
2025-12-14 23:35:23,167 - SmartHomeAI - WARNING - Failed to grab frame. Retrying...
2025-12-14 23:35:23,316 - SmartHomeAI - WARNING - [23:35:23] [INTRUSION] Track 27 entered ROI
2025-12-14 23:35:23,316 - SmartHomeAI - WARNING - Sound file not found: data/assets/sounds\alarm.mp3
2025-12-14 23:35:26,402 - SmartHomeAI - INFO - Telegram alert sent: [23:35:23] [INTRUSION] Track 27 entered ROI
2025-12-14 23:35:28,173 - SmartHomeAI - INFO - Opening camera source: E:\KLTN\Video\Walk2.mpg
2025-12-14 23:35:28,184 - SmartHomeAI - INFO - Camera opened successfully: E:\KLTN\Video\Walk2.mpg
2025-12-14 23:35:29,234 - SmartHomeAI - WARNING - [23:35:29] [INTRUSION] Track 32 entered ROI
2025-12-14 23:35:29,234 - SmartHomeAI - WARNING - Sound file not found: data/assets/sounds\alarm.mp3
2025-12-14 23:35:30,852 - SmartHomeAI - WARNING - [23:35:30] [INTRUSION] Track 38 entered ROI
2025-12-14 23:35:30,852 - SmartHomeAI - WARNING - Sound file not found: data/assets/sounds\alarm.mp3
2025-12-14 23:35:30,984 - SmartHomeAI - INFO - [23:35:30] [RUNNING] Track 38 running (222.4 px/s)
2025-12-14 23:35:31,051 - SmartHomeAI - INFO - [23:35:31] [RUNNING] Track 38 running (217.8 px/s)
2025-12-14 23:35:31,124 - SmartHomeAI - INFO - [23:35:31] [RUNNING] Track 38 running (267.4 px/s)
2025-12-14 23:35:31,280 - SmartHomeAI - INFO - [23:35:31] [RUNNING] Track 38 running (298.9 px/s)
2025-12-14 23:35:31,314 - SmartHomeAI - INFO - [23:35:31] [RUNNING] Track 38 running (223.6 px/s)
2025-12-14 23:35:31,430 - SmartHomeAI - INFO - [23:35:31] [RUNNING] Track 38 running (242.6 px/s)
2025-12-14 23:35:31,569 - SmartHomeAI - INFO - [23:35:31] [RUNNING] Track 38 running (210.5 px/s)
2025-12-14 23:35:31,752 - SmartHomeAI - INFO - [23:35:31] [RUNNING] Track 38 running (244.4 px/s)
2025-12-14 23:35:31,793 - SmartHomeAI - INFO - [23:35:31] [RUNNING] Track 38 running (208.6 px/s)
2025-12-14 23:35:31,971 - SmartHomeAI - INFO - [23:35:31] [RUNNING] Track 38 running (221.7 px/s)
2025-12-14 23:35:32,155 - SmartHomeAI - INFO - [23:35:32] [RUNNING] Track 38 running (231.0 px/s)
2025-12-14 23:35:32,228 - SmartHomeAI - INFO - [23:35:32] [RUNNING] Track 38 running (210.4 px/s)
2025-12-14 23:35:32,858 - SmartHomeAI - INFO - Telegram alert sent: [23:35:29] [INTRUSION] Track 32 entered ROI
2025-12-14 23:35:35,238 - SmartHomeAI - INFO - Telegram alert sent: [23:35:30] [INTRUSION] Track 38 entered ROI
2025-12-14 23:35:35,479 - SmartHomeAI - WARNING - Failed to grab frame. Retrying...
2025-12-14 23:35:35,656 - SmartHomeAI - WARNING - [23:35:35] [INTRUSION] Track 40 entered ROI
2025-12-14 23:35:35,657 - SmartHomeAI - WARNING - Sound file not found: data/assets/sounds\alarm.mp3
2025-12-14 23:35:35,661 - SmartHomeAI - WARNING - [23:35:35] [INTRUSION] Track 41 entered ROI
2025-12-14 23:35:35,664 - SmartHomeAI - INFO - Telegram alert sent: [23:35:31] [RUNNING] Track 38 running (217.8 px/s)
2025-12-14 23:35:35,664 - SmartHomeAI - WARNING - Sound file not found: data/assets/sounds\alarm.mp3
2025-12-14 23:35:35,822 - SmartHomeAI - INFO - Telegram alert sent: [23:35:30] [RUNNING] Track 38 running (222.4 px/s)
2025-12-14 23:35:35,874 - SmartHomeAI - INFO - Cleaning up...
2025-12-14 23:35:35,874 - SmartHomeAI - INFO - Approx. FPS: 28.52
2025-12-14 23:35:35,874 - SmartHomeAI - INFO - Video stream stopped.
2025-12-14 23:35:35,906 - SmartHomeAI - INFO - Telegram alert sent: [23:35:31] [RUNNING] Track 38 running (267.4 px/s)
2025-12-14 23:35:35,933 - SmartHomeAI - INFO - Telegram alert sent: [23:35:31] [RUNNING] Track 38 running (223.6 px/s)
2025-12-14 23:35:35,953 - SmartHomeAI - INFO - Telegram alert sent: [23:35:31] [RUNNING] Track 38 running (298.9 px/s)
2025-12-14 23:35:36,151 - SmartHomeAI - INFO - Telegram alert sent: [23:35:31] [RUNNING] Track 38 running (242.6 px/s)
2025-12-14 23:35:36,201 - SmartHomeAI - INFO - Telegram alert sent: [23:35:31] [RUNNING] Track 38 running (210.5 px/s)
2025-12-14 23:35:36,388 - SmartHomeAI - INFO - Telegram alert sent: [23:35:31] [RUNNING] Track 38 running (208.6 px/s)
2025-12-14 23:35:36,420 - SmartHomeAI - INFO - Telegram alert sent: [23:35:31] [RUNNING] Track 38 running (244.4 px/s)
2025-12-14 23:35:36,453 - SmartHomeAI - INFO - Telegram alert sent: [23:35:31] [RUNNING] Track 38 running (221.7 px/s)
2025-12-14 23:35:36,845 - SmartHomeAI - INFO - Telegram alert sent: [23:35:32] [RUNNING] Track 38 running (231.0 px/s)
2025-12-14 23:35:36,903 - SmartHomeAI - INFO - Telegram alert sent: [23:35:32] [RUNNING] Track 38 running (210.4 px/s)
2025-12-14 23:35:39,367 - SmartHomeAI - INFO - Telegram alert sent: [23:35:35] [INTRUSION] Track 40 entered ROI
2025-12-14 23:35:39,544 - SmartHomeAI - INFO - Telegram alert sent: [23:35:35] [INTRUSION] Track 41 entered ROI
2025-12-14 23:36:19,276 - SmartHomeAI - INFO - Initializing components...
2025-12-14 23:36:19,277 - SmartHomeAI - INFO - Opening camera source: E:\KLTN\Video\Browse_WhileWaiting2.mpg
2025-12-14 23:36:19,293 - SmartHomeAI - INFO - Camera opened successfully: E:\KLTN\Video\Browse_WhileWaiting2.mpg
2025-12-14 23:36:19,294 - SmartHomeAI - INFO - Starting video stream thread.
2025-12-14 23:36:22,559 - SmartHomeAI - INFO - Initializing Detector on device: cuda
2025-12-14 23:36:22,606 - SmartHomeAI - INFO - Initializing DeepSort with max_age=30, n_init=3, embedder=mobilenet
2025-12-14 23:36:24,872 - SmartHomeAI - INFO - Initializing ViolenceDetector on cuda with model: E:\KLTN\AI-Smart-Home-Security\models/violence/Violence_Yolov8.pt
2025-12-14 23:36:24,920 - SmartHomeAI - INFO - Initializing FallDetector on cuda with model: E:\KLTN\AI-Smart-Home-Security\models/fall/Fall_Yolov11.pt
2025-12-14 23:36:25,208 - SmartHomeAI - INFO - Pygame mixer initialized.
2025-12-14 23:36:25,208 - SmartHomeAI - INFO - System Ready. Press 'q' to quit.
2025-12-14 23:36:33,189 - SmartHomeAI - WARNING - Failed to grab frame. Retrying...
2025-12-14 23:36:38,193 - SmartHomeAI - INFO - Opening camera source: E:\KLTN\Video\Browse_WhileWaiting2.mpg
2025-12-14 23:36:38,202 - SmartHomeAI - INFO - Camera opened successfully: E:\KLTN\Video\Browse_WhileWaiting2.mpg
2025-12-14 23:36:49,829 - SmartHomeAI - WARNING - Failed to grab frame. Retrying...
2025-12-14 23:36:54,833 - SmartHomeAI - INFO - Opening camera source: E:\KLTN\Video\Browse_WhileWaiting2.mpg
2025-12-14 23:36:54,844 - SmartHomeAI - INFO - Camera opened successfully: E:\KLTN\Video\Browse_WhileWaiting2.mpg
2025-12-14 23:37:00,060 - SmartHomeAI - INFO - Cleaning up...
2025-12-14 23:37:00,060 - SmartHomeAI - INFO - Approx. FPS: 37.41
2025-12-14 23:37:00,062 - SmartHomeAI - INFO - Video stream thread stopping.
2025-12-14 23:37:00,064 - SmartHomeAI - INFO - Video stream stopped.
2025-12-15 00:00:12,788 - SmartHomeAI - INFO - Initializing components...
2025-12-15 00:00:12,789 - SmartHomeAI - INFO - Opening camera source: E:\KLTN\Video\crowd_plaza1.avi
2025-12-15 00:00:12,856 - SmartHomeAI - INFO - Camera opened successfully: E:\KLTN\Video\crowd_plaza1.avi
2025-12-15 00:00:12,856 - SmartHomeAI - INFO - Starting video stream thread.
2025-12-15 00:00:16,207 - SmartHomeAI - INFO - Initializing Detector on device: cuda
2025-12-15 00:00:16,303 - SmartHomeAI - INFO - Initializing DeepSort with max_age=30, n_init=3, embedder=mobilenet
2025-12-15 00:00:19,325 - SmartHomeAI - INFO - Initializing ViolenceDetector on cuda with model: E:\KLTN\AI-Smart-Home-Security\models/violence/Violence_Yolov8.pt
2025-12-15 00:00:19,388 - SmartHomeAI - INFO - Initializing FallDetector on cuda with model: E:\KLTN\AI-Smart-Home-Security\models/fall/Fall_Yolov11.pt
2025-12-15 00:00:19,721 - SmartHomeAI - INFO - Pygame mixer initialized.
2025-12-15 00:00:19,722 - SmartHomeAI - INFO - System Ready. Press 'q' to quit.
2025-12-15 00:00:21,285 - SmartHomeAI - WARNING - [00:00:21] [INTRUSION] Track 9 entered ROI
2025-12-15 00:00:21,285 - SmartHomeAI - WARNING - Sound file not found: data/assets/sounds\alarm.mp3
2025-12-15 00:00:21,289 - SmartHomeAI - WARNING - [00:00:21] [INTRUSION] Track 10 entered ROI
2025-12-15 00:00:21,291 - SmartHomeAI - WARNING - Sound file not found: data/assets/sounds\alarm.mp3
2025-12-15 00:00:21,293 - SmartHomeAI - WARNING - [00:00:21] [INTRUSION] Track 11 entered ROI
2025-12-15 00:00:21,293 - SmartHomeAI - WARNING - Sound file not found: data/assets/sounds\alarm.mp3
2025-12-15 00:00:21,335 - SmartHomeAI - INFO - [00:00:21] [RUNNING] Track 10 running (231.2 px/s)
2025-12-15 00:00:21,338 - SmartHomeAI - INFO - [00:00:21] [RUNNING] Track 11 running (245.6 px/s)
2025-12-15 00:00:21,425 - SmartHomeAI - INFO - [00:00:21] [RUNNING] Track 10 running (282.9 px/s)
2025-12-15 00:00:21,427 - SmartHomeAI - INFO - [00:00:21] [RUNNING] Track 11 running (284.4 px/s)
2025-12-15 00:00:21,429 - SmartHomeAI - WARNING - [00:00:21] [VIOLENCE] Violence detected near track 10
2025-12-15 00:00:21,429 - SmartHomeAI - WARNING - Sound file not found: data/assets/sounds\alarm.mp3
2025-12-15 00:00:21,462 - SmartHomeAI - INFO - [00:00:21] [RUNNING] Track 10 running (204.4 px/s)
2025-12-15 00:00:21,499 - SmartHomeAI - INFO - [00:00:21] [RUNNING] Track 10 running (401.3 px/s)
2025-12-15 00:00:21,502 - SmartHomeAI - INFO - [00:00:21] [RUNNING] Track 11 running (733.3 px/s)
2025-12-15 00:00:21,539 - SmartHomeAI - INFO - [00:00:21] [RUNNING] Track 10 running (388.2 px/s)
2025-12-15 00:00:21,542 - SmartHomeAI - INFO - [00:00:21] [RUNNING] Track 11 running (296.2 px/s)
2025-12-15 00:00:21,579 - SmartHomeAI - INFO - [00:00:21] [RUNNING] Track 10 running (300.2 px/s)
2025-12-15 00:00:21,582 - SmartHomeAI - INFO - [00:00:21] [RUNNING] Track 11 running (318.2 px/s)
2025-12-15 00:00:21,661 - SmartHomeAI - INFO - [00:00:21] [RUNNING] Track 10 running (319.3 px/s)
2025-12-15 00:00:21,664 - SmartHomeAI - INFO - [00:00:21] [RUNNING] Track 11 running (277.7 px/s)
2025-12-15 00:00:21,666 - SmartHomeAI - WARNING - [00:00:21] [VIOLENCE] Violence detected near track 10
2025-12-15 00:00:21,666 - SmartHomeAI - WARNING - Sound file not found: data/assets/sounds\alarm.mp3
2025-12-15 00:00:21,926 - SmartHomeAI - INFO - [00:00:21] [RUNNING] Track 10 running (714.6 px/s)
2025-12-15 00:00:21,941 - SmartHomeAI - INFO - [00:00:21] [RUNNING] Track 11 running (310.9 px/s)
2025-12-15 00:00:22,313 - SmartHomeAI - INFO - [00:00:22] [RUNNING] Track 10 running (243.3 px/s)
2025-12-15 00:00:22,341 - SmartHomeAI - INFO - [00:00:22] [RUNNING] Track 11 running (205.9 px/s)
2025-12-15 00:00:22,599 - SmartHomeAI - INFO - [00:00:22] [RUNNING] Track 10 running (681.5 px/s)
2025-12-15 00:00:22,609 - SmartHomeAI - INFO - [00:00:22] [RUNNING] Track 11 running (555.1 px/s)
2025-12-15 00:00:22,711 - SmartHomeAI - INFO - [00:00:22] [RUNNING] Track 10 running (663.2 px/s)
2025-12-15 00:00:22,715 - SmartHomeAI - INFO - [00:00:22] [RUNNING] Track 11 running (561.3 px/s)
2025-12-15 00:00:22,756 - SmartHomeAI - INFO - [00:00:22] [RUNNING] Track 10 running (708.2 px/s)
2025-12-15 00:00:22,759 - SmartHomeAI - INFO - [00:00:22] [RUNNING] Track 11 running (595.1 px/s)
2025-12-15 00:00:22,782 - SmartHomeAI - INFO - [00:00:22] [RUNNING] Track 10 running (535.2 px/s)
2025-12-15 00:00:22,787 - SmartHomeAI - INFO - [00:00:22] [RUNNING] Track 11 running (453.7 px/s)
2025-12-15 00:00:22,814 - SmartHomeAI - INFO - [00:00:22] [RUNNING] Track 10 running (444.0 px/s)
2025-12-15 00:00:22,817 - SmartHomeAI - INFO - [00:00:22] [RUNNING] Track 11 running (373.5 px/s)
2025-12-15 00:00:22,907 - SmartHomeAI - INFO - [00:00:22] [RUNNING] Track 10 running (439.9 px/s)
2025-12-15 00:00:22,911 - SmartHomeAI - INFO - [00:00:22] [RUNNING] Track 11 running (372.3 px/s)
2025-12-15 00:00:22,991 - SmartHomeAI - INFO - [00:00:22] [RUNNING] Track 10 running (541.1 px/s)
2025-12-15 00:00:22,994 - SmartHomeAI - INFO - [00:00:22] [RUNNING] Track 11 running (467.9 px/s)
2025-12-15 00:00:23,017 - SmartHomeAI - INFO - [00:00:22] [RUNNING] Track 10 running (490.2 px/s)
2025-12-15 00:00:23,021 - SmartHomeAI - INFO - [00:00:22] [RUNNING] Track 11 running (398.4 px/s)
2025-12-15 00:00:23,785 - SmartHomeAI - INFO - [00:00:23] [RUNNING] Track 10 running (358.4 px/s)
2025-12-15 00:00:24,283 - SmartHomeAI - INFO - [00:00:23] [RUNNING] Track 11 running (303.4 px/s)
2025-12-15 00:00:24,547 - SmartHomeAI - INFO - [00:00:24] [RUNNING] Track 10 running (252.2 px/s)
2025-12-15 00:00:24,746 - SmartHomeAI - INFO - [00:00:24] [RUNNING] Track 11 running (213.5 px/s)
2025-12-15 00:00:24,892 - SmartHomeAI - INFO - [00:00:24] [RUNNING] Track 10 running (540.8 px/s)
2025-12-15 00:00:24,915 - SmartHomeAI - INFO - [00:00:24] [RUNNING] Track 11 running (448.9 px/s)
2025-12-15 00:00:25,044 - SmartHomeAI - INFO - [00:00:24] [RUNNING] Track 10 running (402.0 px/s)
2025-12-15 00:00:25,048 - SmartHomeAI - INFO - [00:00:24] [RUNNING] Track 11 running (344.7 px/s)
2025-12-15 00:00:25,262 - SmartHomeAI - INFO - [00:00:25] [RUNNING] Track 10 running (317.9 px/s)
2025-12-15 00:00:29,495 - SmartHomeAI - INFO - Telegram alert sent: [00:00:21] [VIOLENCE] Violence detected near track 10
2025-12-15 00:00:29,743 - SmartHomeAI - INFO - Telegram alert sent: [00:00:21] [RUNNING] Track 11 running (284.4 px/s)
2025-12-15 00:00:29,774 - SmartHomeAI - INFO - Telegram alert sent: [00:00:21] [RUNNING] Track 10 running (282.9 px/s)
2025-12-15 00:00:29,885 - SmartHomeAI - INFO - Telegram alert sent: [00:00:21] [INTRUSION] Track 11 entered ROI
2025-12-15 00:00:29,909 - SmartHomeAI - INFO - Telegram alert sent: [00:00:21] [RUNNING] Track 10 running (204.4 px/s)
2025-12-15 00:00:29,949 - SmartHomeAI - INFO - Telegram alert sent: [00:00:21] [INTRUSION] Track 9 entered ROI
2025-12-15 00:00:29,972 - SmartHomeAI - INFO - Telegram alert sent: [00:00:21] [RUNNING] Track 11 running (245.6 px/s)
2025-12-15 00:00:30,014 - SmartHomeAI - INFO - Telegram alert sent: [00:00:21] [INTRUSION] Track 10 entered ROI
2025-12-15 00:00:30,046 - SmartHomeAI - INFO - Telegram alert sent: [00:00:21] [RUNNING] Track 11 running (296.2 px/s)
2025-12-15 00:00:30,077 - SmartHomeAI - INFO - Telegram alert sent: [00:00:21] [RUNNING] Track 10 running (300.2 px/s)
2025-12-15 00:00:30,104 - SmartHomeAI - INFO - Telegram alert sent: [00:00:21] [RUNNING] Track 10 running (231.2 px/s)
2025-12-15 00:00:30,244 - SmartHomeAI - INFO - Telegram alert sent: [00:00:22] [RUNNING] Track 10 running (243.3 px/s)
2025-12-15 00:00:30,275 - SmartHomeAI - INFO - Telegram alert sent: [00:00:21] [RUNNING] Track 10 running (388.2 px/s)
2025-12-15 00:00:33,170 - SmartHomeAI - WARNING - Failed to grab frame. Retrying...
2025-12-15 00:00:34,479 - SmartHomeAI - INFO - Telegram alert sent: [00:00:21] [RUNNING] Track 11 running (310.9 px/s)
2025-12-15 00:00:34,514 - SmartHomeAI - INFO - Telegram alert sent: [00:00:21] [VIOLENCE] Violence detected near track 10
2025-12-15 00:00:34,547 - SmartHomeAI - INFO - Telegram alert sent: [00:00:21] [RUNNING] Track 11 running (318.2 px/s)
2025-12-15 00:00:34,587 - SmartHomeAI - INFO - Telegram alert sent: [00:00:21] [RUNNING] Track 11 running (277.7 px/s)
2025-12-15 00:00:34,622 - SmartHomeAI - INFO - Telegram alert sent: [00:00:21] [RUNNING] Track 10 running (714.6 px/s)
2025-12-15 00:00:34,664 - SmartHomeAI - INFO - Telegram alert sent: [00:00:22] [RUNNING] Track 10 running (681.5 px/s)
2025-12-15 00:00:34,701 - SmartHomeAI - INFO - Telegram alert sent: [00:00:22] [RUNNING] Track 11 running (373.5 px/s)
2025-12-15 00:00:34,742 - SmartHomeAI - INFO - Telegram alert sent: [00:00:22] [RUNNING] Track 11 running (453.7 px/s)
2025-12-15 00:00:34,792 - SmartHomeAI - INFO - Telegram alert sent: [00:00:21] [RUNNING] Track 10 running (319.3 px/s)
2025-12-15 00:00:34,825 - SmartHomeAI - INFO - Telegram alert sent: [00:00:22] [RUNNING] Track 11 running (561.3 px/s)
2025-12-15 00:00:34,855 - SmartHomeAI - INFO - Telegram alert sent: [00:00:21] [RUNNING] Track 10 running (401.3 px/s)
2025-12-15 00:00:34,901 - SmartHomeAI - INFO - Telegram alert sent: [00:00:22] [RUNNING] Track 11 running (555.1 px/s)
2025-12-15 00:00:34,955 - SmartHomeAI - INFO - Telegram alert sent: [00:00:21] [RUNNING] Track 11 running (733.3 px/s)
2025-12-15 00:00:34,982 - SmartHomeAI - INFO - Telegram alert sent: [00:00:22] [RUNNING] Track 10 running (663.2 px/s)
2025-12-15 00:00:35,006 - SmartHomeAI - INFO - Telegram alert sent: [00:00:22] [RUNNING] Track 10 running (444.0 px/s)
2025-12-15 00:00:35,044 - SmartHomeAI - INFO - Telegram alert sent: [00:00:22] [RUNNING] Track 10 running (708.2 px/s)
2025-12-15 00:00:35,075 - SmartHomeAI - INFO - Telegram alert sent: [00:00:22] [RUNNING] Track 11 running (205.9 px/s)
2025-12-15 00:00:35,104 - SmartHomeAI - INFO - Telegram alert sent: [00:00:22] [RUNNING] Track 10 running (439.9 px/s)
2025-12-15 00:00:35,215 - SmartHomeAI - INFO - Telegram alert sent: [00:00:22] [RUNNING] Track 11 running (372.3 px/s)
2025-12-15 00:00:35,252 - SmartHomeAI - INFO - Telegram alert sent: [00:00:22] [RUNNING] Track 11 running (398.4 px/s)
2025-12-15 00:00:35,292 - SmartHomeAI - INFO - Telegram alert sent: [00:00:22] [RUNNING] Track 11 running (595.1 px/s)
2025-12-15 00:00:35,312 - SmartHomeAI - INFO - Telegram alert sent: [00:00:22] [RUNNING] Track 10 running (541.1 px/s)
2025-12-15 00:00:35,349 - SmartHomeAI - INFO - Telegram alert sent: [00:00:22] [RUNNING] Track 10 running (535.2 px/s)
2025-12-15 00:00:35,399 - SmartHomeAI - INFO - Telegram alert sent: [00:00:22] [RUNNING] Track 11 running (467.9 px/s)
2025-12-15 00:00:35,438 - SmartHomeAI - INFO - Telegram alert sent: [00:00:22] [RUNNING] Track 10 running (490.2 px/s)
2025-12-15 00:00:35,503 - SmartHomeAI - INFO - Telegram alert sent: [00:00:24] [RUNNING] Track 11 running (448.9 px/s)
2025-12-15 00:00:35,538 - SmartHomeAI - INFO - Telegram alert sent: [00:00:24] [RUNNING] Track 10 running (252.2 px/s)
2025-12-15 00:00:35,570 - SmartHomeAI - INFO - Telegram alert sent: [00:00:24] [RUNNING] Track 10 running (540.8 px/s)
2025-12-15 00:00:35,642 - SmartHomeAI - INFO - Telegram alert sent: [00:00:23] [RUNNING] Track 11 running (303.4 px/s)
2025-12-15 00:00:35,695 - SmartHomeAI - INFO - Telegram alert sent: [00:00:24] [RUNNING] Track 10 running (402.0 px/s)
2025-12-15 00:00:38,186 - SmartHomeAI - INFO - Opening camera source: E:\KLTN\Video\crowd_plaza1.avi
2025-12-15 00:00:38,202 - SmartHomeAI - INFO - Camera opened successfully: E:\KLTN\Video\crowd_plaza1.avi
2025-12-15 00:00:39,988 - SmartHomeAI - INFO - Telegram alert sent: [00:00:25] [RUNNING] Track 10 running (317.9 px/s)
2025-12-15 00:00:40,013 - SmartHomeAI - INFO - Telegram alert sent: [00:00:24] [RUNNING] Track 11 running (213.5 px/s)
2025-12-15 00:00:40,074 - SmartHomeAI - INFO - Telegram alert sent: [00:00:23] [RUNNING] Track 10 running (358.4 px/s)
2025-12-15 00:00:40,099 - SmartHomeAI - INFO - Telegram alert sent: [00:00:24] [RUNNING] Track 11 running (344.7 px/s)
2025-12-15 00:00:41,154 - SmartHomeAI - WARNING - [00:00:41] [INTRUSION] Track 35 entered ROI
2025-12-15 00:00:41,154 - SmartHomeAI - WARNING - Sound file not found: data/assets/sounds\alarm.mp3
2025-12-15 00:00:41,262 - SmartHomeAI - INFO - [00:00:41] [RUNNING] Track 35 running (261.9 px/s)
2025-12-15 00:00:41,302 - SmartHomeAI - INFO - [00:00:41] [RUNNING] Track 35 running (341.3 px/s)
2025-12-15 00:00:41,395 - SmartHomeAI - INFO - [00:00:41] [RUNNING] Track 35 running (252.7 px/s)
2025-12-15 00:00:41,428 - SmartHomeAI - INFO - [00:00:41] [RUNNING] Track 35 running (376.8 px/s)
2025-12-15 00:00:41,447 - SmartHomeAI - INFO - [00:00:41] [RUNNING] Track 35 running (212.9 px/s)
2025-12-15 00:00:41,528 - SmartHomeAI - INFO - [00:00:41] [RUNNING] Track 35 running (356.7 px/s)
2025-12-15 00:00:41,592 - SmartHomeAI - WARNING - [00:00:41] [INTRUSION] Track 56 entered ROI
2025-12-15 00:00:41,592 - SmartHomeAI - WARNING - Sound file not found: data/assets/sounds\alarm.mp3
2025-12-15 00:00:41,594 - SmartHomeAI - INFO - [00:00:41] [RUNNING] Track 35 running (207.4 px/s)
2025-12-15 00:00:41,612 - SmartHomeAI - INFO - [00:00:41] [RUNNING] Track 35 running (201.4 px/s)
2025-12-15 00:00:41,634 - SmartHomeAI - INFO - [00:00:41] [RUNNING] Track 35 running (361.2 px/s)
2025-12-15 00:00:41,691 - SmartHomeAI - INFO - [00:00:41] [RUNNING] Track 35 running (315.6 px/s)
2025-12-15 00:00:41,749 - SmartHomeAI - INFO - [00:00:41] [RUNNING] Track 35 running (349.2 px/s)
2025-12-15 00:00:41,752 - SmartHomeAI - INFO - [00:00:41] [RUNNING] Track 56 running (209.3 px/s)
2025-12-15 00:00:41,791 - SmartHomeAI - INFO - [00:00:41] [RUNNING] Track 56 running (455.6 px/s)
2025-12-15 00:00:41,869 - SmartHomeAI - INFO - [00:00:41] [RUNNING] Track 35 running (343.5 px/s)
2025-12-15 00:00:41,873 - SmartHomeAI - INFO - [00:00:41] [RUNNING] Track 56 running (301.7 px/s)
2025-12-15 00:00:41,917 - SmartHomeAI - INFO - [00:00:41] [RUNNING] Track 35 running (366.3 px/s)
2025-12-15 00:00:41,920 - SmartHomeAI - INFO - [00:00:41] [RUNNING] Track 56 running (329.0 px/s)
2025-12-15 00:00:41,947 - SmartHomeAI - INFO - [00:00:41] [RUNNING] Track 35 running (231.5 px/s)
2025-12-15 00:00:42,057 - SmartHomeAI - INFO - [00:00:41] [RUNNING] Track 35 running (318.2 px/s)
2025-12-15 00:00:42,063 - SmartHomeAI - INFO - [00:00:41] [RUNNING] Track 56 running (279.5 px/s)
2025-12-15 00:00:42,105 - SmartHomeAI - INFO - [00:00:42] [RUNNING] Track 35 running (334.7 px/s)
2025-12-15 00:00:42,110 - SmartHomeAI - INFO - [00:00:42] [RUNNING] Track 56 running (294.0 px/s)
2025-12-15 00:00:42,142 - SmartHomeAI - INFO - [00:00:42] [RUNNING] Track 35 running (238.9 px/s)
2025-12-15 00:00:42,321 - SmartHomeAI - INFO - [00:00:42] [RUNNING] Track 56 running (219.8 px/s)
2025-12-15 00:00:42,720 - SmartHomeAI - INFO - [00:00:42] [RUNNING] Track 56 running (483.7 px/s)
2025-12-15 00:00:43,102 - SmartHomeAI - INFO - [00:00:43] [RUNNING] Track 56 running (357.7 px/s)
2025-12-15 00:00:43,195 - SmartHomeAI - INFO - [00:00:43] [RUNNING] Track 56 running (437.3 px/s)
2025-12-15 00:00:43,365 - SmartHomeAI - INFO - [00:00:43] [RUNNING] Track 56 running (216.7 px/s)
2025-12-15 00:00:43,406 - SmartHomeAI - INFO - [00:00:43] [RUNNING] Track 56 running (387.2 px/s)
2025-12-15 00:00:43,489 - SmartHomeAI - INFO - [00:00:43] [RUNNING] Track 56 running (293.3 px/s)
2025-12-15 00:00:43,532 - SmartHomeAI - INFO - [00:00:43] [RUNNING] Track 56 running (358.9 px/s)
2025-12-15 00:00:43,552 - SmartHomeAI - INFO - [00:00:43] [RUNNING] Track 56 running (336.6 px/s)
2025-12-15 00:00:43,575 - SmartHomeAI - INFO - [00:00:43] [RUNNING] Track 56 running (321.3 px/s)
2025-12-15 00:00:43,644 - SmartHomeAI - INFO - [00:00:43] [RUNNING] Track 56 running (271.8 px/s)
2025-12-15 00:00:43,690 - SmartHomeAI - INFO - [00:00:43] [RUNNING] Track 56 running (331.0 px/s)
2025-12-15 00:00:43,712 - SmartHomeAI - INFO - [00:00:43] [RUNNING] Track 56 running (272.5 px/s)
2025-12-15 00:00:43,737 - SmartHomeAI - INFO - [00:00:43] [RUNNING] Track 56 running (287.4 px/s)
2025-12-15 00:00:43,817 - SmartHomeAI - INFO - [00:00:43] [RUNNING] Track 56 running (289.0 px/s)
2025-12-15 00:00:43,910 - SmartHomeAI - INFO - [00:00:43] [RUNNING] Track 56 running (226.5 px/s)
2025-12-15 00:00:44,512 - SmartHomeAI - INFO - [00:00:44] [RUNNING] Track 56 running (288.8 px/s)
2025-12-15 00:00:44,608 - SmartHomeAI - INFO - [00:00:44] [RUNNING] Track 56 running (370.2 px/s)
2025-12-15 00:00:44,710 - SmartHomeAI - INFO - [00:00:44] [RUNNING] Track 56 running (200.9 px/s)
2025-12-15 00:00:44,819 - SmartHomeAI - INFO - Telegram alert sent: [00:00:41] [INTRUSION] Track 35 entered ROI
2025-12-15 00:00:45,211 - SmartHomeAI - INFO - [00:00:45] [RUNNING] Track 56 running (210.2 px/s)
2025-12-15 00:00:46,886 - SmartHomeAI - WARNING - [00:00:46] [INTRUSION] Track 74 entered ROI
2025-12-15 00:00:46,886 - SmartHomeAI - WARNING - Sound file not found: data/assets/sounds\alarm.mp3
2025-12-15 00:00:46,888 - SmartHomeAI - INFO - [00:00:46] [RUNNING] Track 70 running (291.6 px/s)
2025-12-15 00:00:47,039 - SmartHomeAI - WARNING - [00:00:47] [INTRUSION] Track 70 entered ROI
2025-12-15 00:00:47,039 - SmartHomeAI - WARNING - Sound file not found: data/assets/sounds\alarm.mp3
2025-12-15 00:00:47,070 - SmartHomeAI - INFO - [00:00:47] [RUNNING] Track 70 running (338.0 px/s)
2025-12-15 00:00:47,103 - SmartHomeAI - WARNING - [00:00:47] [INTRUSION] Track 77 entered ROI
2025-12-15 00:00:47,103 - SmartHomeAI - WARNING - Sound file not found: data/assets/sounds\alarm.mp3
2025-12-15 00:00:47,106 - SmartHomeAI - INFO - [00:00:47] [RUNNING] Track 70 running (256.1 px/s)
2025-12-15 00:00:47,141 - SmartHomeAI - INFO - [00:00:47] [RUNNING] Track 70 running (266.5 px/s)
2025-12-15 00:00:47,211 - SmartHomeAI - INFO - [00:00:47] [RUNNING] Track 70 running (226.9 px/s)
2025-12-15 00:00:47,214 - SmartHomeAI - WARNING - [00:00:47] [VIOLENCE] Violence detected near track 70
2025-12-15 00:00:47,214 - SmartHomeAI - WARNING - Sound file not found: data/assets/sounds\alarm.mp3
2025-12-15 00:00:47,247 - SmartHomeAI - INFO - [00:00:47] [RUNNING] Track 70 running (224.0 px/s)
2025-12-15 00:00:47,282 - SmartHomeAI - INFO - [00:00:47] [RUNNING] Track 70 running (323.1 px/s)
2025-12-15 00:00:47,325 - SmartHomeAI - WARNING - [00:00:47] [INTRUSION] Track 80 entered ROI
2025-12-15 00:00:47,325 - SmartHomeAI - WARNING - Sound file not found: data/assets/sounds\alarm.mp3
2025-12-15 00:00:47,328 - SmartHomeAI - INFO - [00:00:47] [RUNNING] Track 70 running (257.2 px/s)
2025-12-15 00:00:47,366 - SmartHomeAI - INFO - [00:00:47] [RUNNING] Track 70 running (262.5 px/s)
2025-12-15 00:00:47,369 - SmartHomeAI - INFO - [00:00:47] [RUNNING] Track 80 running (222.2 px/s)
2025-12-15 00:00:47,448 - SmartHomeAI - INFO - [00:00:47] [RUNNING] Track 70 running (331.2 px/s)
2025-12-15 00:00:47,452 - SmartHomeAI - INFO - [00:00:47] [RUNNING] Track 80 running (315.3 px/s)
2025-12-15 00:00:47,453 - SmartHomeAI - WARNING - [00:00:47] [VIOLENCE] Violence detected near track 70
2025-12-15 00:00:47,455 - SmartHomeAI - WARNING - Sound file not found: data/assets/sounds\alarm.mp3
2025-12-15 00:00:47,457 - SmartHomeAI - WARNING - [00:00:47] [VIOLENCE] Violence detected near track 80
2025-12-15 00:00:47,457 - SmartHomeAI - WARNING - Sound file not found: data/assets/sounds\alarm.mp3
2025-12-15 00:00:47,531 - SmartHomeAI - INFO - [00:00:47] [RUNNING] Track 70 running (243.1 px/s)
2025-12-15 00:00:47,533 - SmartHomeAI - INFO - [00:00:47] [RUNNING] Track 80 running (201.0 px/s)
2025-12-15 00:00:47,571 - SmartHomeAI - WARNING - [00:00:47] [INTRUSION] Track 82 entered ROI
2025-12-15 00:00:47,571 - SmartHomeAI - WARNING - Sound file not found: data/assets/sounds\alarm.mp3
2025-12-15 00:00:47,574 - SmartHomeAI - INFO - [00:00:47] [RUNNING] Track 70 running (283.8 px/s)
2025-12-15 00:00:47,578 - SmartHomeAI - INFO - [00:00:47] [RUNNING] Track 80 running (817.2 px/s)
2025-12-15 00:00:47,601 - SmartHomeAI - INFO - [00:00:47] [RUNNING] Track 70 running (212.6 px/s)
2025-12-15 00:00:47,604 - SmartHomeAI - INFO - [00:00:47] [RUNNING] Track 80 running (251.9 px/s)
2025-12-15 00:00:47,667 - SmartHomeAI - INFO - [00:00:47] [RUNNING] Track 70 running (370.1 px/s)
2025-12-15 00:00:47,671 - SmartHomeAI - INFO - [00:00:47] [RUNNING] Track 80 running (419.5 px/s)
2025-12-15 00:00:47,675 - SmartHomeAI - INFO - [00:00:47] [RUNNING] Track 82 running (285.8 px/s)
2025-12-15 00:00:47,739 - SmartHomeAI - INFO - [00:00:47] [RUNNING] Track 70 running (251.1 px/s)
2025-12-15 00:00:47,742 - SmartHomeAI - INFO - [00:00:47] [RUNNING] Track 80 running (300.8 px/s)
2025-12-15 00:00:47,784 - SmartHomeAI - INFO - [00:00:47] [RUNNING] Track 70 running (335.8 px/s)
2025-12-15 00:00:47,787 - SmartHomeAI - INFO - [00:00:47] [RUNNING] Track 80 running (422.3 px/s)
2025-12-15 00:00:47,791 - SmartHomeAI - INFO - [00:00:47] [RUNNING] Track 82 running (265.9 px/s)
2025-12-15 00:00:47,833 - SmartHomeAI - INFO - [00:00:47] [RUNNING] Track 70 running (213.0 px/s)
2025-12-15 00:00:47,835 - SmartHomeAI - INFO - [00:00:47] [RUNNING] Track 80 running (236.7 px/s)
2025-12-15 00:00:47,911 - SmartHomeAI - INFO - [00:00:47] [RUNNING] Track 70 running (211.1 px/s)
2025-12-15 00:00:47,915 - SmartHomeAI - INFO - [00:00:47] [RUNNING] Track 80 running (243.1 px/s)
2025-12-15 00:00:47,963 - SmartHomeAI - INFO - [00:00:47] [RUNNING] Track 70 running (461.2 px/s)
2025-12-15 00:00:47,967 - SmartHomeAI - INFO - [00:00:47] [RUNNING] Track 74 running (200.3 px/s)
2025-12-15 00:00:47,970 - SmartHomeAI - INFO - [00:00:47] [RUNNING] Track 80 running (500.8 px/s)
2025-12-15 00:00:47,973 - SmartHomeAI - INFO - [00:00:47] [RUNNING] Track 82 running (341.1 px/s)
2025-12-15 00:00:48,020 - SmartHomeAI - INFO - [00:00:47] [RUNNING] Track 70 running (250.5 px/s)
2025-12-15 00:00:48,023 - SmartHomeAI - INFO - [00:00:47] [RUNNING] Track 80 running (314.7 px/s)
2025-12-15 00:00:48,026 - SmartHomeAI - INFO - [00:00:47] [RUNNING] Track 82 running (202.6 px/s)
2025-12-15 00:00:48,049 - SmartHomeAI - INFO - [00:00:48] [RUNNING] Track 80 running (216.8 px/s)
2025-12-15 00:00:48,118 - SmartHomeAI - INFO - [00:00:48] [RUNNING] Track 70 running (403.8 px/s)
2025-12-15 00:00:48,121 - SmartHomeAI - INFO - [00:00:48] [RUNNING] Track 80 running (469.4 px/s)
2025-12-15 00:00:48,125 - SmartHomeAI - INFO - [00:00:48] [RUNNING] Track 82 running (310.0 px/s)
2025-12-15 00:00:48,169 - SmartHomeAI - INFO - [00:00:48] [RUNNING] Track 70 running (466.9 px/s)
2025-12-15 00:00:48,171 - SmartHomeAI - INFO - [00:00:48] [RUNNING] Track 80 running (542.8 px/s)
2025-12-15 00:00:48,174 - SmartHomeAI - INFO - [00:00:48] [RUNNING] Track 82 running (391.4 px/s)
2025-12-15 00:00:48,198 - SmartHomeAI - INFO - [00:00:48] [RUNNING] Track 70 running (348.6 px/s)
2025-12-15 00:00:48,201 - SmartHomeAI - INFO - [00:00:48] [RUNNING] Track 80 running (411.1 px/s)
2025-12-15 00:00:48,204 - SmartHomeAI - INFO - [00:00:48] [RUNNING] Track 82 running (269.2 px/s)
2025-12-15 00:00:48,228 - SmartHomeAI - INFO - [00:00:48] [RUNNING] Track 70 running (353.9 px/s)
2025-12-15 00:00:48,231 - SmartHomeAI - INFO - [00:00:48] [RUNNING] Track 80 running (415.7 px/s)
2025-12-15 00:00:48,234 - SmartHomeAI - INFO - [00:00:48] [RUNNING] Track 82 running (247.9 px/s)
2025-12-15 00:00:48,288 - SmartHomeAI - INFO - [00:00:48] [RUNNING] Track 70 running (324.1 px/s)
2025-12-15 00:00:48,291 - SmartHomeAI - INFO - [00:00:48] [RUNNING] Track 80 running (384.1 px/s)
2025-12-15 00:00:48,293 - SmartHomeAI - INFO - [00:00:48] [RUNNING] Track 82 running (268.9 px/s)
2025-12-15 00:00:48,325 - SmartHomeAI - INFO - [00:00:48] [RUNNING] Track 70 running (716.5 px/s)
2025-12-15 00:00:48,327 - SmartHomeAI - INFO - [00:00:48] [RUNNING] Track 80 running (759.4 px/s)
2025-12-15 00:00:48,329 - SmartHomeAI - INFO - [00:00:48] [RUNNING] Track 82 running (518.4 px/s)
2025-12-15 00:00:48,346 - SmartHomeAI - INFO - [00:00:48] [RUNNING] Track 70 running (417.5 px/s)
2025-12-15 00:00:48,350 - SmartHomeAI - INFO - [00:00:48] [RUNNING] Track 80 running (508.6 px/s)
2025-12-15 00:00:48,352 - SmartHomeAI - INFO - [00:00:48] [RUNNING] Track 82 running (356.0 px/s)
2025-12-15 00:00:48,372 - SmartHomeAI - INFO - [00:00:48] [RUNNING] Track 70 running (449.7 px/s)
2025-12-15 00:00:48,374 - SmartHomeAI - INFO - [00:00:48] [RUNNING] Track 80 running (551.5 px/s)
2025-12-15 00:00:48,375 - SmartHomeAI - INFO - [00:00:48] [RUNNING] Track 82 running (348.0 px/s)
2025-12-15 00:00:48,430 - SmartHomeAI - INFO - [00:00:48] [RUNNING] Track 70 running (414.6 px/s)
2025-12-15 00:00:48,433 - SmartHomeAI - INFO - [00:00:48] [RUNNING] Track 80 running (470.0 px/s)
2025-12-15 00:00:48,434 - SmartHomeAI - INFO - [00:00:48] [RUNNING] Track 82 running (300.9 px/s)
2025-12-15 00:00:48,467 - SmartHomeAI - INFO - [00:00:48] [RUNNING] Track 70 running (609.1 px/s)
2025-12-15 00:00:48,470 - SmartHomeAI - INFO - [00:00:48] [RUNNING] Track 80 running (708.0 px/s)
2025-12-15 00:00:48,472 - SmartHomeAI - INFO - [00:00:48] [RUNNING] Track 82 running (467.5 px/s)
2025-12-15 00:00:48,492 - SmartHomeAI - INFO - [00:00:48] [RUNNING] Track 70 running (478.8 px/s)
2025-12-15 00:00:48,494 - SmartHomeAI - INFO - [00:00:48] [RUNNING] Track 80 running (528.7 px/s)
2025-12-15 00:00:48,496 - SmartHomeAI - INFO - [00:00:48] [RUNNING] Track 82 running (349.1 px/s)
2025-12-15 00:00:48,515 - SmartHomeAI - INFO - [00:00:48] [RUNNING] Track 70 running (372.9 px/s)
2025-12-15 00:00:48,518 - SmartHomeAI - INFO - [00:00:48] [RUNNING] Track 80 running (459.6 px/s)
2025-12-15 00:00:48,520 - SmartHomeAI - INFO - [00:00:48] [RUNNING] Track 82 running (303.4 px/s)
2025-12-15 00:00:48,578 - SmartHomeAI - INFO - [00:00:48] [RUNNING] Track 70 running (425.5 px/s)
2025-12-15 00:00:48,579 - SmartHomeAI - INFO - [00:00:48] [RUNNING] Track 80 running (504.9 px/s)
2025-12-15 00:00:48,582 - SmartHomeAI - INFO - [00:00:48] [RUNNING] Track 82 running (337.6 px/s)
2025-12-15 00:00:48,620 - SmartHomeAI - INFO - [00:00:48] [RUNNING] Track 80 running (649.6 px/s)
2025-12-15 00:00:48,622 - SmartHomeAI - INFO - [00:00:48] [RUNNING] Track 82 running (458.9 px/s)
2025-12-15 00:00:48,651 - SmartHomeAI - INFO - [00:00:48] [RUNNING] Track 80 running (484.9 px/s)
2025-12-15 00:00:48,654 - SmartHomeAI - INFO - [00:00:48] [RUNNING] Track 82 running (301.3 px/s)
2025-12-15 00:00:52,271 - SmartHomeAI - ERROR - Failed to send Telegram alert: ('Connection aborted.', ConnectionResetError(10054, 'An existing connection was forcibly closed by the remote host', None, 10054, None))
2025-12-15 00:00:53,526 - SmartHomeAI - INFO - Telegram alert sent: [00:00:41] [RUNNING] Track 35 running (341.3 px/s)
2025-12-15 00:00:53,799 - SmartHomeAI - INFO - Telegram alert sent: [00:00:41] [RUNNING] Track 35 running (376.8 px/s)
2025-12-15 00:00:53,812 - SmartHomeAI - INFO - Telegram alert sent: [00:00:41] [RUNNING] Track 35 running (212.9 px/s)
2025-12-15 00:00:53,854 - SmartHomeAI - INFO - Telegram alert sent: [00:00:41] [RUNNING] Track 35 running (252.7 px/s)
2025-12-15 00:00:53,888 - SmartHomeAI - INFO - Telegram alert sent: [00:00:41] [RUNNING] Track 35 running (261.9 px/s)
2025-12-15 00:00:53,951 - SmartHomeAI - INFO - Telegram alert sent: [00:00:41] [RUNNING] Track 35 running (356.7 px/s)
2025-12-15 00:00:53,964 - SmartHomeAI - INFO - Telegram alert sent: [00:00:41] [RUNNING] Track 35 running (361.2 px/s)
2025-12-15 00:00:54,075 - SmartHomeAI - INFO - Telegram alert sent: [00:00:41] [RUNNING] Track 35 running (315.6 px/s)
2025-12-15 00:00:54,091 - SmartHomeAI - INFO - Telegram alert sent: [00:00:41] [RUNNING] Track 35 running (201.4 px/s)
2025-12-15 00:00:54,161 - SmartHomeAI - INFO - Telegram alert sent: [00:00:41] [RUNNING] Track 35 running (207.4 px/s)
2025-12-15 00:00:54,165 - SmartHomeAI - INFO - Telegram alert sent: [00:00:41] [RUNNING] Track 56 running (455.6 px/s)
2025-12-15 00:00:54,167 - SmartHomeAI - INFO - Telegram alert sent: [00:00:41] [INTRUSION] Track 56 entered ROI
2025-12-15 00:00:54,173 - SmartHomeAI - INFO - Telegram alert sent: [00:00:41] [RUNNING] Track 56 running (329.0 px/s)
2025-12-15 00:00:54,189 - SmartHomeAI - INFO - Telegram alert sent: [00:00:42] [RUNNING] Track 56 running (483.7 px/s)
2025-12-15 00:00:54,176 - SmartHomeAI - INFO - Telegram alert sent: [00:00:41] [RUNNING] Track 35 running (318.2 px/s)
2025-12-15 00:00:54,188 - SmartHomeAI - INFO - Telegram alert sent: [00:00:41] [RUNNING] Track 35 running (231.5 px/s)
2025-12-15 00:00:54,183 - SmartHomeAI - INFO - Telegram alert sent: [00:00:42] [RUNNING] Track 56 running (294.0 px/s)
2025-12-15 00:00:54,193 - SmartHomeAI - INFO - Telegram alert sent: [00:00:41] [RUNNING] Track 56 running (279.5 px/s)
2025-12-15 00:00:54,197 - SmartHomeAI - INFO - Telegram alert sent: [00:00:41] [RUNNING] Track 56 running (209.3 px/s)
2025-12-15 00:00:54,211 - SmartHomeAI - INFO - Telegram alert sent: [00:00:42] [RUNNING] Track 35 running (334.7 px/s)
2025-12-15 00:00:54,254 - SmartHomeAI - INFO - Telegram alert sent: [00:00:41] [RUNNING] Track 56 running (301.7 px/s)
2025-12-15 00:00:54,254 - SmartHomeAI - INFO - Telegram alert sent: [00:00:42] [RUNNING] Track 35 running (238.9 px/s)
2025-12-15 00:00:54,261 - SmartHomeAI - INFO - Telegram alert sent: [00:00:41] [RUNNING] Track 35 running (343.5 px/s)
2025-12-15 00:00:54,285 - SmartHomeAI - INFO - Telegram alert sent: [00:00:41] [RUNNING] Track 35 running (349.2 px/s)
2025-12-15 00:00:54,293 - SmartHomeAI - INFO - Telegram alert sent: [00:00:42] [RUNNING] Track 56 running (219.8 px/s)
2025-12-15 00:00:54,313 - SmartHomeAI - INFO - Telegram alert sent: [00:00:41] [RUNNING] Track 35 running (366.3 px/s)
2025-12-15 00:00:58,531 - SmartHomeAI - WARNING - [00:00:58] [INTRUSION] Track 91 entered ROI
2025-12-15 00:00:58,532 - SmartHomeAI - WARNING - Sound file not found: data/assets/sounds\alarm.mp3
2025-12-15 00:00:58,938 - SmartHomeAI - INFO - [00:00:58] [RUNNING] Track 91 running (651.2 px/s)
2025-12-15 00:00:59,656 - SmartHomeAI - INFO - Telegram alert sent: [00:00:43] [RUNNING] Track 56 running (358.9 px/s)
2025-12-15 00:01:01,138 - SmartHomeAI - INFO - Cleaning up...
2025-12-15 00:01:01,138 - SmartHomeAI - INFO - Approx. FPS: 26.13
2025-12-15 00:01:04,289 - SmartHomeAI - INFO - Telegram alert sent: [00:00:43] [RUNNING] Track 56 running (216.7 px/s)
2025-12-15 00:01:04,290 - SmartHomeAI - INFO - Telegram alert sent: [00:00:43] [RUNNING] Track 56 running (357.7 px/s)
2025-12-15 00:01:04,292 - SmartHomeAI - INFO - Telegram alert sent: [00:00:43] [RUNNING] Track 56 running (226.5 px/s)
2025-12-15 00:01:04,694 - SmartHomeAI - INFO - Telegram alert sent: [00:00:43] [RUNNING] Track 56 running (289.0 px/s)
2025-12-15 00:01:04,700 - SmartHomeAI - INFO - Telegram alert sent: [00:00:43] [RUNNING] Track 56 running (336.6 px/s)
2025-12-15 00:01:04,706 - SmartHomeAI - INFO - Telegram alert sent: [00:00:43] [RUNNING] Track 56 running (437.3 px/s)
2025-12-15 00:01:04,710 - SmartHomeAI - INFO - Telegram alert sent: [00:00:45] [RUNNING] Track 56 running (210.2 px/s)
2025-12-15 00:01:04,715 - SmartHomeAI - INFO - Telegram alert sent: [00:00:43] [RUNNING] Track 56 running (331.0 px/s)
2025-12-15 00:01:04,725 - SmartHomeAI - INFO - Telegram alert sent: [00:00:46] [RUNNING] Track 70 running (291.6 px/s)
2025-12-15 00:01:04,739 - SmartHomeAI - INFO - Telegram alert sent: [00:00:43] [RUNNING] Track 56 running (287.4 px/s)
2025-12-15 00:01:04,746 - SmartHomeAI - INFO - Telegram alert sent: [00:00:43] [RUNNING] Track 56 running (387.2 px/s)
2025-12-15 00:01:04,751 - SmartHomeAI - INFO - Telegram alert sent: [00:00:46] [INTRUSION] Track 74 entered ROI
2025-12-15 00:01:04,755 - SmartHomeAI - INFO - Telegram alert sent: [00:00:43] [RUNNING] Track 56 running (272.5 px/s)
2025-12-15 00:01:04,779 - SmartHomeAI - INFO - Telegram alert sent: [00:00:43] [RUNNING] Track 56 running (293.3 px/s)
2025-12-15 00:01:04,812 - SmartHomeAI - INFO - Telegram alert sent: [00:00:43] [RUNNING] Track 56 running (271.8 px/s)
2025-12-15 00:01:04,921 - SmartHomeAI - INFO - Telegram alert sent: [00:00:47] [RUNNING] Track 70 running (266.5 px/s)
2025-12-15 00:01:05,014 - SmartHomeAI - INFO - Telegram alert sent: [00:00:47] [RUNNING] Track 80 running (315.3 px/s)
2025-12-15 00:01:05,105 - SmartHomeAI - INFO - Telegram alert sent: [00:00:44] [RUNNING] Track 56 running (200.9 px/s)
2025-12-15 00:01:05,115 - SmartHomeAI - INFO - Telegram alert sent: [00:00:47] [RUNNING] Track 80 running (222.2 px/s)
2025-12-15 00:01:05,217 - SmartHomeAI - INFO - Telegram alert sent: [00:00:44] [RUNNING] Track 56 running (288.8 px/s)
2025-12-15 00:01:05,221 - SmartHomeAI - INFO - Telegram alert sent: [00:00:44] [RUNNING] Track 56 running (370.2 px/s)
2025-12-15 00:01:05,292 - SmartHomeAI - INFO - Telegram alert sent: [00:00:47] [INTRUSION] Track 70 entered ROI
2025-12-15 00:01:05,314 - SmartHomeAI - INFO - Telegram alert sent: [00:00:47] [RUNNING] Track 70 running (213.0 px/s)
2025-12-15 00:01:05,473 - SmartHomeAI - INFO - Telegram alert sent: [00:00:47] [INTRUSION] Track 77 entered ROI
2025-12-15 00:01:05,478 - SmartHomeAI - INFO - Telegram alert sent: [00:00:47] [INTRUSION] Track 80 entered ROI
2025-12-15 00:01:05,579 - SmartHomeAI - INFO - Telegram alert sent: [00:00:47] [RUNNING] Track 70 running (243.1 px/s)
2025-12-15 00:01:05,579 - SmartHomeAI - INFO - Telegram alert sent: [00:00:47] [RUNNING] Track 70 running (331.2 px/s)
2025-12-15 00:01:05,591 - SmartHomeAI - INFO - Telegram alert sent: [00:00:47] [RUNNING] Track 70 running (370.1 px/s)
2025-12-15 00:01:15,796 - SmartHomeAI - INFO - Telegram alert sent: [00:00:47] [RUNNING] Track 70 running (251.1 px/s)
2025-12-15 00:01:15,799 - SmartHomeAI - INFO - Telegram alert sent: [00:00:47] [RUNNING] Track 80 running (419.5 px/s)
2025-12-15 00:01:15,805 - SmartHomeAI - INFO - Telegram alert sent: [00:00:43] [RUNNING] Track 56 running (321.3 px/s)
2025-12-15 00:01:15,805 - SmartHomeAI - INFO - Telegram alert sent: [00:00:47] [RUNNING] Track 70 running (283.8 px/s)
2025-12-15 00:06:04,733 - SmartHomeAI - INFO - Initializing components...
2025-12-15 00:06:04,734 - SmartHomeAI - INFO - Opening camera source: E:\KLTN\Video\crowd_plaza1.avi
2025-12-15 00:06:04,813 - SmartHomeAI - INFO - Camera opened successfully: E:\KLTN\Video\crowd_plaza1.avi
2025-12-15 00:06:04,814 - SmartHomeAI - INFO - Source FPS: 30.0. Target delay: 0.0333s
2025-12-15 00:06:04,814 - SmartHomeAI - INFO - Starting video stream thread.
2025-12-15 00:06:08,166 - SmartHomeAI - INFO - Initializing Detector on device: cuda
2025-12-15 00:06:08,256 - SmartHomeAI - INFO - Initializing DeepSort with max_age=30, n_init=3, embedder=mobilenet
2025-12-15 00:06:11,562 - SmartHomeAI - INFO - Initializing ViolenceDetector on cuda with model: E:\KLTN\AI-Smart-Home-Security\models/violence/Violence_Yolov8.pt
2025-12-15 00:06:11,623 - SmartHomeAI - INFO - Initializing FallDetector on cuda with model: E:\KLTN\AI-Smart-Home-Security\models/fall/Fall_Yolov11.pt
2025-12-15 00:06:12,094 - SmartHomeAI - INFO - Pygame mixer initialized.
2025-12-15 00:06:12,094 - SmartHomeAI - INFO - System Ready. Press 'q' to quit.
2025-12-15 00:06:13,425 - SmartHomeAI - WARNING - [00:06:13] [INTRUSION] Track 1 entered ROI
2025-12-15 00:06:13,427 - SmartHomeAI - WARNING - Sound file not found: data/assets/sounds\alarm.mp3
2025-12-15 00:06:13,469 - SmartHomeAI - WARNING - [00:06:13] [INTRUSION] Track 2 entered ROI
2025-12-15 00:06:13,470 - SmartHomeAI - WARNING - Sound file not found: data/assets/sounds\alarm.mp3
2025-12-15 00:06:13,542 - SmartHomeAI - WARNING - [00:06:13] [VIOLENCE] Violence detected near track 2
2025-12-15 00:06:13,542 - SmartHomeAI - WARNING - Sound file not found: data/assets/sounds\alarm.mp3
2025-12-15 00:06:13,544 - SmartHomeAI - WARNING - [00:06:13] [VIOLENCE] Violence detected near track 1
2025-12-15 00:06:13,544 - SmartHomeAI - WARNING - Sound file not found: data/assets/sounds\alarm.mp3
2025-12-15 00:06:13,747 - SmartHomeAI - WARNING - [00:06:13] [VIOLENCE] Violence detected near track 1
2025-12-15 00:06:13,747 - SmartHomeAI - WARNING - Sound file not found: data/assets/sounds\alarm.mp3
2025-12-15 00:06:13,751 - SmartHomeAI - WARNING - [00:06:13] [VIOLENCE] Violence detected near track 2
2025-12-15 00:06:13,751 - SmartHomeAI - WARNING - Sound file not found: data/assets/sounds\alarm.mp3
2025-12-15 00:06:13,926 - SmartHomeAI - WARNING - [00:06:13] [VIOLENCE] Violence detected near track 1
2025-12-15 00:06:13,926 - SmartHomeAI - WARNING - Sound file not found: data/assets/sounds\alarm.mp3
2025-12-15 00:06:14,080 - SmartHomeAI - WARNING - [00:06:14] [VIOLENCE] Violence detected near track 1
2025-12-15 00:06:14,080 - SmartHomeAI - WARNING - Sound file not found: data/assets/sounds\alarm.mp3
2025-12-15 00:06:14,581 - SmartHomeAI - WARNING - [00:06:14] [VIOLENCE] Violence detected near track 1
2025-12-15 00:06:14,581 - SmartHomeAI - WARNING - Sound file not found: data/assets/sounds\alarm.mp3
2025-12-15 00:06:16,887 - SmartHomeAI - INFO - Telegram alert sent: [00:06:13] [INTRUSION] Track 1 entered ROI
2025-12-15 00:06:16,956 - SmartHomeAI - INFO - Telegram alert sent: [00:06:13] [INTRUSION] Track 2 entered ROI
2025-12-15 00:06:17,033 - SmartHomeAI - INFO - Telegram alert sent: [00:06:13] [VIOLENCE] Violence detected near track 1
2025-12-15 00:06:17,136 - SmartHomeAI - INFO - Telegram alert sent: [00:06:13] [VIOLENCE] Violence detected near track 2
2025-12-15 00:06:17,180 - SmartHomeAI - INFO - Telegram alert sent: [00:06:13] [VIOLENCE] Violence detected near track 1
2025-12-15 00:06:17,251 - SmartHomeAI - INFO - Telegram alert sent: [00:06:14] [VIOLENCE] Violence detected near track 1
2025-12-15 00:06:17,527 - SmartHomeAI - INFO - Telegram alert sent: [00:06:13] [VIOLENCE] Violence detected near track 2
2025-12-15 00:06:17,562 - SmartHomeAI - INFO - Telegram alert sent: [00:06:13] [VIOLENCE] Violence detected near track 1
2025-12-15 00:06:17,598 - SmartHomeAI - INFO - Telegram alert sent: [00:06:14] [VIOLENCE] Violence detected near track 1
2025-12-15 00:06:23,209 - SmartHomeAI - WARNING - [00:06:23] [INTRUSION] Track 27 entered ROI
2025-12-15 00:06:23,210 - SmartHomeAI - WARNING - Sound file not found: data/assets/sounds\alarm.mp3
2025-12-15 00:06:23,245 - SmartHomeAI - WARNING - [00:06:23] [INTRUSION] Track 31 entered ROI
2025-12-15 00:06:23,245 - SmartHomeAI - WARNING - Sound file not found: data/assets/sounds\alarm.mp3
2025-12-15 00:06:23,305 - SmartHomeAI - INFO - [00:06:23] [RUNNING] Track 31 running (202.9 px/s)
2025-12-15 00:06:23,613 - SmartHomeAI - INFO - [00:06:23] [RUNNING] Track 31 running (219.8 px/s)
2025-12-15 00:06:23,646 - SmartHomeAI - WARNING - [00:06:23] [INTRUSION] Track 39 entered ROI
2025-12-15 00:06:23,647 - SmartHomeAI - WARNING - Sound file not found: data/assets/sounds\alarm.mp3
2025-12-15 00:06:23,684 - SmartHomeAI - INFO - [00:06:23] [RUNNING] Track 29 running (220.3 px/s)
2025-12-15 00:06:23,687 - SmartHomeAI - INFO - [00:06:23] [RUNNING] Track 39 running (280.7 px/s)
2025-12-15 00:06:23,729 - SmartHomeAI - WARNING - [00:06:23] [INTRUSION] Track 29 entered ROI
2025-12-15 00:06:23,729 - SmartHomeAI - WARNING - Sound file not found: data/assets/sounds\alarm.mp3
2025-12-15 00:06:23,732 - SmartHomeAI - INFO - [00:06:23] [RUNNING] Track 39 running (211.3 px/s)
2025-12-15 00:06:23,772 - SmartHomeAI - INFO - [00:06:23] [RUNNING] Track 29 running (236.1 px/s)
2025-12-15 00:06:23,775 - SmartHomeAI - INFO - [00:06:23] [RUNNING] Track 39 running (200.0 px/s)
2025-12-15 00:06:23,852 - SmartHomeAI - INFO - [00:06:23] [RUNNING] Track 29 running (277.2 px/s)
2025-12-15 00:06:23,932 - SmartHomeAI - INFO - [00:06:23] [RUNNING] Track 39 running (207.1 px/s)
2025-12-15 00:06:23,973 - SmartHomeAI - INFO - [00:06:23] [RUNNING] Track 39 running (223.0 px/s)
2025-12-15 00:06:24,016 - SmartHomeAI - INFO - [00:06:23] [RUNNING] Track 39 running (218.5 px/s)
2025-12-15 00:06:24,204 - SmartHomeAI - WARNING - [00:06:24] [INTRUSION] Track 46 entered ROI
2025-12-15 00:06:24,205 - SmartHomeAI - WARNING - Sound file not found: data/assets/sounds\alarm.mp3
2025-12-15 00:06:24,207 - SmartHomeAI - WARNING - [00:06:24] [INTRUSION] Track 47 entered ROI
2025-12-15 00:06:24,208 - SmartHomeAI - WARNING - Sound file not found: data/assets/sounds\alarm.mp3
2025-12-15 00:06:24,209 - SmartHomeAI - INFO - [00:06:24] [RUNNING] Track 39 running (206.9 px/s)
2025-12-15 00:06:24,455 - SmartHomeAI - INFO - [00:06:24] [RUNNING] Track 27 running (207.2 px/s)
2025-12-15 00:06:24,775 - SmartHomeAI - INFO - [00:06:24] [RUNNING] Track 27 running (349.4 px/s)
2025-12-15 00:06:24,783 - SmartHomeAI - INFO - [00:06:24] [RUNNING] Track 31 running (450.3 px/s)
2025-12-15 00:06:24,837 - SmartHomeAI - INFO - [00:06:24] [RUNNING] Track 39 running (213.2 px/s)
2025-12-15 00:06:24,849 - SmartHomeAI - INFO - [00:06:24] [RUNNING] Track 46 running (499.1 px/s)
2025-12-15 00:06:24,907 - SmartHomeAI - INFO - [00:06:24] [RUNNING] Track 27 running (203.2 px/s)
2025-12-15 00:06:24,918 - SmartHomeAI - INFO - [00:06:24] [RUNNING] Track 31 running (207.8 px/s)
2025-12-15 00:06:24,921 - SmartHomeAI - INFO - [00:06:24] [RUNNING] Track 39 running (406.4 px/s)
2025-12-15 00:06:24,925 - SmartHomeAI - INFO - [00:06:24] [RUNNING] Track 46 running (272.6 px/s)
2025-12-15 00:06:24,966 - SmartHomeAI - INFO - [00:06:24] [RUNNING] Track 39 running (225.7 px/s)
2025-12-15 00:06:25,012 - SmartHomeAI - INFO - [00:06:24] [RUNNING] Track 39 running (209.4 px/s)
2025-12-15 00:06:25,112 - SmartHomeAI - WARNING - [00:06:25] [VIOLENCE] Violence detected near track 27
2025-12-15 00:06:25,242 - SmartHomeAI - WARNING - Sound file not found: data/assets/sounds\alarm.mp3
2025-12-15 00:06:26,343 - SmartHomeAI - INFO - [00:06:26] [RUNNING] Track 27 running (352.4 px/s)
2025-12-15 00:06:26,576 - SmartHomeAI - INFO - [00:06:26] [RUNNING] Track 29 running (201.4 px/s)
2025-12-15 00:06:26,594 - SmartHomeAI - INFO - [00:06:26] [RUNNING] Track 31 running (414.8 px/s)
2025-12-15 00:06:26,607 - SmartHomeAI - INFO - [00:06:26] [RUNNING] Track 39 running (485.1 px/s)
2025-12-15 00:06:26,626 - SmartHomeAI - INFO - [00:06:26] [RUNNING] Track 46 running (280.6 px/s)
2025-12-15 00:06:26,766 - SmartHomeAI - INFO - [00:06:26] [RUNNING] Track 27 running (243.6 px/s)
2025-12-15 00:06:26,770 - SmartHomeAI - INFO - [00:06:26] [RUNNING] Track 31 running (391.1 px/s)
2025-12-15 00:06:26,773 - SmartHomeAI - INFO - [00:06:26] [RUNNING] Track 39 running (462.9 px/s)
2025-12-15 00:06:26,777 - SmartHomeAI - INFO - [00:06:26] [RUNNING] Track 46 running (299.4 px/s)
2025-12-15 00:06:26,875 - SmartHomeAI - INFO - [00:06:26] [RUNNING] Track 39 running (206.6 px/s)
2025-12-15 00:06:26,896 - SmartHomeAI - INFO - Telegram alert sent: [00:06:23] [INTRUSION] Track 27 entered ROI
2025-12-15 00:06:27,180 - SmartHomeAI - INFO - Telegram alert sent: [00:06:23] [RUNNING] Track 31 running (202.9 px/s)
2025-12-15 00:06:27,719 - SmartHomeAI - INFO - [00:06:27] [RUNNING] Track 31 running (571.6 px/s)
2025-12-15 00:06:28,122 - SmartHomeAI - INFO - [00:06:28] [RUNNING] Track 27 running (208.1 px/s)
2025-12-15 00:06:28,171 - SmartHomeAI - INFO - [00:06:28] [LOITERING] Track 27 loitering (5.0s)
2025-12-15 00:06:28,197 - SmartHomeAI - WARNING - [00:06:28] [INTRUSION] Track 27 entered ROI
2025-12-15 00:06:28,200 - SmartHomeAI - WARNING - Sound file not found: data/assets/sounds\alarm.mp3
2025-12-15 00:06:28,251 - SmartHomeAI - INFO - [00:06:28] [LOITERING] Track 31 loitering (5.0s)
2025-12-15 00:06:28,254 - SmartHomeAI - INFO - [00:06:28] [RUNNING] Track 27 running (258.8 px/s)
2025-12-15 00:06:28,338 - SmartHomeAI - WARNING - [00:06:28] [INTRUSION] Track 31 entered ROI
2025-12-15 00:06:28,338 - SmartHomeAI - WARNING - Sound file not found: data/assets/sounds\alarm.mp3
2025-12-15 00:06:28,370 - SmartHomeAI - INFO - [00:06:28] [RUNNING] Track 27 running (363.2 px/s)
2025-12-15 00:06:28,373 - SmartHomeAI - INFO - [00:06:28] [RUNNING] Track 31 running (242.2 px/s)
2025-12-15 00:06:28,375 - SmartHomeAI - INFO - [00:06:28] [RUNNING] Track 46 running (242.2 px/s)
2025-12-15 00:06:28,392 - SmartHomeAI - INFO - [00:06:28] [RUNNING] Track 27 running (236.5 px/s)
2025-12-15 00:06:28,419 - SmartHomeAI - INFO - [00:06:28] [RUNNING] Track 27 running (295.2 px/s)
2025-12-15 00:06:28,420 - SmartHomeAI - INFO - [00:06:28] [RUNNING] Track 31 running (201.1 px/s)
2025-12-15 00:06:28,519 - SmartHomeAI - INFO - [00:06:28] [RUNNING] Track 27 running (395.2 px/s)
2025-12-15 00:06:28,520 - SmartHomeAI - INFO - [00:06:28] [RUNNING] Track 31 running (226.3 px/s)
2025-12-15 00:06:28,539 - SmartHomeAI - INFO - [00:06:28] [RUNNING] Track 27 running (248.1 px/s)
2025-12-15 00:06:28,560 - SmartHomeAI - INFO - [00:06:28] [RUNNING] Track 27 running (319.8 px/s)
2025-12-15 00:06:28,562 - SmartHomeAI - INFO - [00:06:28] [RUNNING] Track 31 running (208.9 px/s)
2025-12-15 00:06:28,630 - SmartHomeAI - INFO - [00:06:28] [RUNNING] Track 27 running (214.5 px/s)
2025-12-15 00:06:28,670 - SmartHomeAI - INFO - [00:06:28] [RUNNING] Track 27 running (289.4 px/s)
2025-12-15 00:06:28,697 - SmartHomeAI - INFO - [00:06:28] [RUNNING] Track 27 running (262.4 px/s)
2025-12-15 00:06:28,793 - SmartHomeAI - INFO - [00:06:28] [RUNNING] Track 27 running (314.0 px/s)
2025-12-15 00:06:29,249 - SmartHomeAI - INFO - [00:06:29] [LOITERING] Track 46 loitering (5.1s)
2025-12-15 00:06:29,347 - SmartHomeAI - WARNING - [00:06:29] [INTRUSION] Track 46 entered ROI
2025-12-15 00:06:29,350 - SmartHomeAI - WARNING - Sound file not found: data/assets/sounds\alarm.mp3
2025-12-15 00:06:29,534 - SmartHomeAI - INFO - [00:06:29] [RUNNING] Track 27 running (250.3 px/s)
2025-12-15 00:06:29,674 - SmartHomeAI - INFO - [00:06:29] [RUNNING] Track 27 running (229.8 px/s)
2025-12-15 00:06:30,453 - SmartHomeAI - INFO - Telegram alert sent: [00:06:23] [INTRUSION] Track 31 entered ROI
2025-12-15 00:06:30,494 - SmartHomeAI - INFO - Telegram alert sent: [00:06:23] [RUNNING] Track 31 running (219.8 px/s)
2025-12-15 00:06:30,560 - SmartHomeAI - INFO - Telegram alert sent: [00:06:23] [RUNNING] Track 39 running (280.7 px/s)
2025-12-15 00:06:30,596 - SmartHomeAI - INFO - Telegram alert sent: [00:06:23] [RUNNING] Track 39 running (211.3 px/s)
2025-12-15 00:06:30,675 - SmartHomeAI - INFO - Telegram alert sent: [00:06:23] [INTRUSION] Track 29 entered ROI
2025-12-15 00:06:30,755 - SmartHomeAI - INFO - Telegram alert sent: [00:06:23] [RUNNING] Track 29 running (236.1 px/s)
2025-12-15 00:06:30,826 - SmartHomeAI - INFO - Telegram alert sent: [00:06:24] [INTRUSION] Track 46 entered ROI
2025-12-15 00:06:30,864 - SmartHomeAI - INFO - Telegram alert sent: [00:06:23] [RUNNING] Track 29 running (220.3 px/s)
2025-12-15 00:06:30,901 - SmartHomeAI - INFO - Telegram alert sent: [00:06:23] [RUNNING] Track 29 running (277.2 px/s)
2025-12-15 00:06:31,129 - SmartHomeAI - INFO - Telegram alert sent: [00:06:23] [RUNNING] Track 39 running (218.5 px/s)
2025-12-15 00:06:31,150 - SmartHomeAI - INFO - Telegram alert sent: [00:06:23] [RUNNING] Track 39 running (200.0 px/s)
2025-12-15 00:06:31,187 - SmartHomeAI - INFO - Telegram alert sent: [00:06:23] [RUNNING] Track 39 running (207.1 px/s)
2025-12-15 00:06:31,298 - SmartHomeAI - INFO - Telegram alert sent: [00:06:23] [INTRUSION] Track 39 entered ROI
2025-12-15 00:06:31,329 - SmartHomeAI - INFO - Telegram alert sent: [00:06:24] [INTRUSION] Track 47 entered ROI
2025-12-15 00:06:32,185 - SmartHomeAI - WARNING - [00:06:32] [INTRUSION] Track 63 entered ROI
2025-12-15 00:06:32,185 - SmartHomeAI - WARNING - Sound file not found: data/assets/sounds\alarm.mp3
2025-12-15 00:06:32,189 - SmartHomeAI - WARNING - [00:06:32] [INTRUSION] Track 64 entered ROI
2025-12-15 00:06:32,190 - SmartHomeAI - WARNING - Sound file not found: data/assets/sounds\alarm.mp3
2025-12-15 00:06:32,388 - SmartHomeAI - INFO - [00:06:32] [RUNNING] Track 63 running (756.2 px/s)
2025-12-15 00:06:32,698 - SmartHomeAI - INFO - [00:06:32] [RUNNING] Track 63 running (1116.4 px/s)
2025-12-15 00:06:32,771 - SmartHomeAI - WARNING - [00:06:32] [VIOLENCE] Violence detected near track 63
2025-12-15 00:06:32,771 - SmartHomeAI - WARNING - Sound file not found: data/assets/sounds\alarm.mp3
2025-12-15 00:06:32,774 - SmartHomeAI - WARNING - [00:06:32] [VIOLENCE] Violence detected near track 64
2025-12-15 00:06:32,774 - SmartHomeAI - WARNING - Sound file not found: data/assets/sounds\alarm.mp3
2025-12-15 00:06:32,914 - SmartHomeAI - WARNING - [00:06:32] [VIOLENCE] Violence detected near track 63
2025-12-15 00:06:32,914 - SmartHomeAI - WARNING - Sound file not found: data/assets/sounds\alarm.mp3
2025-12-15 00:06:32,916 - SmartHomeAI - WARNING - [00:06:32] [VIOLENCE] Violence detected near track 64
2025-12-15 00:06:32,916 - SmartHomeAI - WARNING - Sound file not found: data/assets/sounds\alarm.mp3
2025-12-15 00:06:33,331 - SmartHomeAI - INFO - [00:06:33] [RUNNING] Track 63 running (245.4 px/s)
2025-12-15 00:06:33,409 - SmartHomeAI - INFO - [00:06:33] [RUNNING] Track 64 running (290.5 px/s)
2025-12-15 00:06:33,595 - SmartHomeAI - WARNING - [00:06:33] [INTRUSION] Track 72 entered ROI
2025-12-15 00:06:33,596 - SmartHomeAI - WARNING - Sound file not found: data/assets/sounds\alarm.mp3
2025-12-15 00:06:33,598 - SmartHomeAI - WARNING - [00:06:33] [INTRUSION] Track 73 entered ROI
2025-12-15 00:06:33,598 - SmartHomeAI - WARNING - Sound file not found: data/assets/sounds\alarm.mp3
2025-12-15 00:06:33,842 - SmartHomeAI - WARNING - [00:06:33] [VIOLENCE] Violence detected near track 64
2025-12-15 00:06:33,843 - SmartHomeAI - WARNING - Sound file not found: data/assets/sounds\alarm.mp3
2025-12-15 00:06:34,096 - SmartHomeAI - WARNING - [00:06:34] [VIOLENCE] Violence detected near track 64
2025-12-15 00:06:34,096 - SmartHomeAI - WARNING - Sound file not found: data/assets/sounds\alarm.mp3
2025-12-15 00:06:34,322 - SmartHomeAI - INFO - [00:06:34] [RUNNING] Track 64 running (1284.8 px/s)
2025-12-15 00:06:35,614 - SmartHomeAI - INFO - Telegram alert sent: [00:06:24] [RUNNING] Track 39 running (206.9 px/s)
2025-12-15 00:06:35,645 - SmartHomeAI - INFO - Telegram alert sent: [00:06:23] [RUNNING] Track 39 running (223.0 px/s)
2025-12-15 00:06:35,708 - SmartHomeAI - INFO - Telegram alert sent: [00:06:24] [RUNNING] Track 27 running (207.2 px/s)
2025-12-15 00:06:35,741 - SmartHomeAI - INFO - Telegram alert sent: [00:06:24] [RUNNING] Track 46 running (499.1 px/s)
2025-12-15 00:06:35,773 - SmartHomeAI - INFO - Telegram alert sent: [00:06:24] [RUNNING] Track 27 running (203.2 px/s)
2025-12-15 00:06:35,957 - SmartHomeAI - WARNING - [00:06:35] [INTRUSION] Track 77 entered ROI
2025-12-15 00:06:35,957 - SmartHomeAI - WARNING - Sound file not found: data/assets/sounds\alarm.mp3
2025-12-15 00:06:36,004 - SmartHomeAI - INFO - Telegram alert sent: [00:06:26] [RUNNING] Track 39 running (462.9 px/s)
2025-12-15 00:06:36,022 - SmartHomeAI - INFO - Telegram alert sent: [00:06:26] [RUNNING] Track 39 running (206.6 px/s)
2025-12-15 00:06:36,033 - SmartHomeAI - INFO - Telegram alert sent: [00:06:24] [RUNNING] Track 27 running (349.4 px/s)
2025-12-15 00:06:36,037 - SmartHomeAI - INFO - Telegram alert sent: [00:06:26] [RUNNING] Track 39 running (485.1 px/s)
2025-12-15 00:06:36,038 - SmartHomeAI - INFO - Telegram alert sent: [00:06:26] [RUNNING] Track 46 running (299.4 px/s)
2025-12-15 00:06:36,043 - SmartHomeAI - INFO - Telegram alert sent: [00:06:28] [RUNNING] Track 27 running (208.1 px/s)
2025-12-15 00:06:36,044 - SmartHomeAI - INFO - Telegram alert sent: [00:06:24] [RUNNING] Track 31 running (207.8 px/s)
2025-12-15 00:06:36,044 - SmartHomeAI - INFO - Telegram alert sent: [00:06:26] [RUNNING] Track 27 running (243.6 px/s)
2025-12-15 00:06:36,060 - SmartHomeAI - INFO - Telegram alert sent: [00:06:26] [RUNNING] Track 29 running (201.4 px/s)
2025-12-15 00:06:36,061 - SmartHomeAI - INFO - Telegram alert sent: [00:06:28] [INTRUSION] Track 27 entered ROI
2025-12-15 00:06:36,062 - SmartHomeAI - INFO - Telegram alert sent: [00:06:26] [RUNNING] Track 31 running (391.1 px/s)
2025-12-15 00:06:36,063 - SmartHomeAI - INFO - Telegram alert sent: [00:06:25] [VIOLENCE] Violence detected near track 27
2025-12-15 00:06:36,065 - SmartHomeAI - INFO - Telegram alert sent: [00:06:24] [RUNNING] Track 39 running (406.4 px/s)
2025-12-15 00:06:36,068 - SmartHomeAI - INFO - Telegram alert sent: [00:06:26] [RUNNING] Track 46 running (280.6 px/s)
2025-12-15 00:06:36,077 - SmartHomeAI - INFO - Telegram alert sent: [00:06:24] [RUNNING] Track 39 running (225.7 px/s)
2025-12-15 00:06:36,080 - SmartHomeAI - INFO - Telegram alert sent: [00:06:27] [RUNNING] Track 31 running (571.6 px/s)
2025-12-15 00:06:36,081 - SmartHomeAI - INFO - Telegram alert sent: [00:06:26] [RUNNING] Track 31 running (414.8 px/s)
2025-12-15 00:06:36,085 - SmartHomeAI - INFO - Telegram alert sent: [00:06:28] [LOITERING] Track 27 loitering (5.0s)
2025-12-15 00:06:36,086 - SmartHomeAI - INFO - Telegram alert sent: [00:06:24] [RUNNING] Track 31 running (450.3 px/s)
2025-12-15 00:06:36,093 - SmartHomeAI - INFO - Telegram alert sent: [00:06:24] [RUNNING] Track 39 running (209.4 px/s)
2025-12-15 00:06:36,100 - SmartHomeAI - INFO - Telegram alert sent: [00:06:24] [RUNNING] Track 46 running (272.6 px/s)
2025-12-15 00:06:36,104 - SmartHomeAI - INFO - Telegram alert sent: [00:06:24] [RUNNING] Track 39 running (213.2 px/s)
2025-12-15 00:06:36,191 - SmartHomeAI - INFO - Telegram alert sent: [00:06:26] [RUNNING] Track 27 running (352.4 px/s)
2025-12-15 00:06:36,769 - SmartHomeAI - WARNING - [00:06:36] [VIOLENCE] Violence detected near track 77
2025-12-15 00:06:36,789 - SmartHomeAI - WARNING - Sound file not found: data/assets/sounds\alarm.mp3
2025-12-15 00:06:37,416 - SmartHomeAI - INFO - Cleaning up...
2025-12-15 00:06:37,451 - SmartHomeAI - INFO - Approx. FPS: 28.51
2025-12-15 00:06:37,532 - SmartHomeAI - INFO - Video stream thread stopping.
2025-12-15 00:06:38,039 - SmartHomeAI - INFO - Video stream stopped.
2025-12-15 00:06:44,771 - SmartHomeAI - INFO - Telegram alert sent: [00:06:28] [RUNNING] Track 27 running (258.8 px/s)
2025-12-15 00:06:45,011 - SmartHomeAI - INFO - Telegram alert sent: [00:06:28] [INTRUSION] Track 31 entered ROI
2025-12-15 00:06:45,084 - SmartHomeAI - INFO - Telegram alert sent: [00:06:28] [LOITERING] Track 31 loitering (5.0s)
2025-12-15 00:06:45,109 - SmartHomeAI - INFO - Telegram alert sent: [00:06:28] [RUNNING] Track 27 running (363.2 px/s)
2025-12-15 00:06:45,174 - SmartHomeAI - INFO - Telegram alert sent: [00:06:28] [RUNNING] Track 31 running (226.3 px/s)
2025-12-15 00:06:45,216 - SmartHomeAI - INFO - Telegram alert sent: [00:06:28] [RUNNING] Track 31 running (242.2 px/s)
2025-12-15 00:06:45,245 - SmartHomeAI - INFO - Telegram alert sent: [00:06:28] [RUNNING] Track 31 running (201.1 px/s)
2025-12-15 00:06:45,316 - SmartHomeAI - INFO - Telegram alert sent: [00:06:28] [RUNNING] Track 46 running (242.2 px/s)
2025-12-15 00:06:45,352 - SmartHomeAI - INFO - Telegram alert sent: [00:06:28] [RUNNING] Track 27 running (248.1 px/s)
2025-12-15 00:06:45,423 - SmartHomeAI - INFO - Telegram alert sent: [00:06:32] [VIOLENCE] Violence detected near track 63
2025-12-15 00:06:45,523 - SmartHomeAI - INFO - Telegram alert sent: [00:06:29] [INTRUSION] Track 46 entered ROI
2025-12-15 00:06:45,595 - SmartHomeAI - INFO - Telegram alert sent: [00:06:29] [LOITERING] Track 46 loitering (5.1s)
2025-12-15 00:06:45,631 - SmartHomeAI - INFO - Telegram alert sent: [00:06:28] [RUNNING] Track 27 running (236.5 px/s)
2025-12-15 00:06:45,701 - SmartHomeAI - INFO - Telegram alert sent: [00:06:33] [VIOLENCE] Violence detected near track 64
2025-12-15 00:06:45,734 - SmartHomeAI - INFO - Telegram alert sent: [00:06:32] [VIOLENCE] Violence detected near track 64
2025-12-15 00:06:45,827 - SmartHomeAI - INFO - Telegram alert sent: [00:06:33] [INTRUSION] Track 72 entered ROI
2025-12-15 00:06:45,923 - SmartHomeAI - INFO - Telegram alert sent: [00:06:34] [RUNNING] Track 64 running (1284.8 px/s)
2025-12-15 00:06:45,970 - SmartHomeAI - INFO - Telegram alert sent: [00:06:28] [RUNNING] Track 27 running (314.0 px/s)
2025-12-15 00:06:46,046 - SmartHomeAI - INFO - Telegram alert sent: [00:06:32] [RUNNING] Track 63 running (756.2 px/s)
2025-12-15 00:06:46,082 - SmartHomeAI - INFO - Telegram alert sent: [00:06:33] [INTRUSION] Track 73 entered ROI
2025-12-15 00:06:46,123 - SmartHomeAI - INFO - Telegram alert sent: [00:06:28] [RUNNING] Track 27 running (262.4 px/s)
2025-12-15 00:06:46,203 - SmartHomeAI - INFO - Telegram alert sent: [00:06:32] [INTRUSION] Track 63 entered ROI
2025-12-15 00:06:46,246 - SmartHomeAI - INFO - Telegram alert sent: [00:06:32] [INTRUSION] Track 64 entered ROI
2025-12-15 00:06:46,270 - SmartHomeAI - INFO - Telegram alert sent: [00:06:32] [RUNNING] Track 63 running (1116.4 px/s)
2025-12-15 00:06:46,301 - SmartHomeAI - INFO - Telegram alert sent: [00:06:28] [RUNNING] Track 27 running (214.5 px/s)
2025-12-15 00:06:46,397 - SmartHomeAI - INFO - Telegram alert sent: [00:06:29] [RUNNING] Track 27 running (250.3 px/s)
2025-12-15 00:06:46,439 - SmartHomeAI - INFO - Telegram alert sent: [00:06:28] [RUNNING] Track 31 running (208.9 px/s)
2025-12-15 00:06:46,482 - SmartHomeAI - INFO - Telegram alert sent: [00:06:28] [RUNNING] Track 27 running (289.4 px/s)
2025-12-15 00:06:46,512 - SmartHomeAI - INFO - Telegram alert sent: [00:06:29] [RUNNING] Track 27 running (229.8 px/s)
2025-12-15 00:06:46,516 - SmartHomeAI - INFO - Telegram alert sent: [00:06:28] [RUNNING] Track 27 running (295.2 px/s)
2025-12-15 00:06:46,527 - SmartHomeAI - INFO - Telegram alert sent: [00:06:33] [RUNNING] Track 63 running (245.4 px/s)
2025-12-15 00:06:46,542 - SmartHomeAI - INFO - Telegram alert sent: [00:06:28] [RUNNING] Track 27 running (395.2 px/s)
2025-12-15 00:06:46,544 - SmartHomeAI - INFO - Telegram alert sent: [00:06:33] [RUNNING] Track 64 running (290.5 px/s)
2025-12-15 00:06:46,548 - SmartHomeAI - INFO - Telegram alert sent: [00:06:32] [VIOLENCE] Violence detected near track 64
2025-12-15 00:06:46,552 - SmartHomeAI - INFO - Telegram alert sent: [00:06:32] [VIOLENCE] Violence detected near track 63
2025-12-15 00:06:46,568 - SmartHomeAI - INFO - Telegram alert sent: [00:06:34] [VIOLENCE] Violence detected near track 64
2025-12-15 00:06:46,610 - SmartHomeAI - INFO - Telegram alert sent: [00:06:28] [RUNNING] Track 27 running (319.8 px/s)
2025-12-15 00:06:48,985 - SmartHomeAI - ERROR - Failed to send Telegram alert: HTTPSConnectionPool(host='api.telegram.org', port=443): Read timed out. (read timeout=10)
2025-12-15 00:06:52,310 - SmartHomeAI - INFO - Telegram alert sent: [00:06:35] [INTRUSION] Track 77 entered ROI
2025-12-15 00:16:10,082 - SmartHomeAI - INFO - Initializing components...
2025-12-15 00:16:10,083 - SmartHomeAI - INFO - Opening camera source: E:\KLTN\Video\crowd_plaza1.avi
2025-12-15 00:16:10,095 - SmartHomeAI - INFO - Camera opened successfully: E:\KLTN\Video\crowd_plaza1.avi
2025-12-15 00:16:10,095 - SmartHomeAI - INFO - Source FPS: 30.0. Target delay: 0.0333s
2025-12-15 00:16:10,095 - SmartHomeAI - INFO - Starting video stream thread.
2025-12-15 00:16:13,369 - SmartHomeAI - INFO - Initializing Detector on device: cuda
2025-12-15 00:16:13,414 - SmartHomeAI - INFO - Initializing DeepSort with max_age=30, n_init=3, embedder=mobilenet
2025-12-15 00:16:15,652 - SmartHomeAI - INFO - Initializing ViolenceDetector on cuda with model: E:\KLTN\AI-Smart-Home-Security\models/violence/Violence_Yolov8.pt
2025-12-15 00:16:15,697 - SmartHomeAI - INFO - Initializing FallDetector on cuda with model: E:\KLTN\AI-Smart-Home-Security\models/fall/Fall_Yolov11.pt
2025-12-15 00:16:16,003 - SmartHomeAI - INFO - Pygame mixer initialized.
2025-12-15 00:16:16,003 - SmartHomeAI - INFO - System Ready. Press 'q' to quit.
2025-12-15 00:16:18,299 - SmartHomeAI - INFO - [00:16:18] [RUNNING] Track 2 running (210.9 px/s)
2025-12-15 00:16:18,441 - SmartHomeAI - WARNING - [00:16:18] [VIOLENCE] Violence detected near track 4
2025-12-15 00:16:18,441 - SmartHomeAI - WARNING - Sound file not found: data/assets/sounds\alarm.mp3
2025-12-15 00:16:18,662 - SmartHomeAI - WARNING - [00:16:18] [VIOLENCE] Violence detected near track 4
2025-12-15 00:16:18,662 - SmartHomeAI - WARNING - Sound file not found: data/assets/sounds\alarm.mp3
2025-12-15 00:16:18,721 - SmartHomeAI - INFO - [00:16:18] [RUNNING] Track 4 running (211.8 px/s)
2025-12-15 00:16:18,810 - SmartHomeAI - INFO - [00:16:18] [RUNNING] Track 4 running (208.3 px/s)
2025-12-15 00:16:18,822 - SmartHomeAI - WARNING - [00:16:18] [VIOLENCE] Violence detected near track 4
2025-12-15 00:16:18,822 - SmartHomeAI - WARNING - Sound file not found: data/assets/sounds\alarm.mp3
2025-12-15 00:16:18,916 - SmartHomeAI - INFO - [00:16:18] [RUNNING] Track 4 running (200.3 px/s)
2025-12-15 00:16:18,969 - SmartHomeAI - WARNING - [00:16:18] [VIOLENCE] Violence detected near track 4
2025-12-15 00:16:18,969 - SmartHomeAI - WARNING - Sound file not found: data/assets/sounds\alarm.mp3
2025-12-15 00:16:19,048 - SmartHomeAI - INFO - [00:16:19] [RUNNING] Track 4 running (215.5 px/s)
2025-12-15 00:16:19,107 - SmartHomeAI - WARNING - [00:16:19] [VIOLENCE] Violence detected near track 4
2025-12-15 00:16:19,108 - SmartHomeAI - WARNING - Sound file not found: data/assets/sounds\alarm.mp3
2025-12-15 00:16:19,143 - SmartHomeAI - INFO - [00:16:19] [RUNNING] Track 4 running (224.7 px/s)
2025-12-15 00:16:19,231 - SmartHomeAI - WARNING - [00:16:19] [VIOLENCE] Violence detected near track 4
2025-12-15 00:16:19,231 - SmartHomeAI - WARNING - Sound file not found: data/assets/sounds\alarm.mp3
2025-12-15 00:16:19,266 - SmartHomeAI - INFO - [00:16:19] [RUNNING] Track 4 running (230.7 px/s)
2025-12-15 00:16:19,437 - SmartHomeAI - INFO - [00:16:19] [RUNNING] Track 4 running (206.1 px/s)
2025-12-15 00:16:19,516 - SmartHomeAI - WARNING - [00:16:19] [VIOLENCE] Violence detected near track 4
2025-12-15 00:16:19,516 - SmartHomeAI - WARNING - Sound file not found: data/assets/sounds\alarm.mp3
2025-12-15 00:16:19,552 - SmartHomeAI - INFO - [00:16:19] [RUNNING] Track 4 running (251.4 px/s)
2025-12-15 00:16:22,383 - SmartHomeAI - INFO - Telegram alert sent: [00:16:18] [RUNNING] Track 2 running (210.9 px/s)
2025-12-15 00:16:22,790 - SmartHomeAI - INFO - Telegram alert sent: [00:16:18] [VIOLENCE] Violence detected near track 4
2025-12-15 00:16:23,010 - SmartHomeAI - INFO - Telegram alert sent: [00:16:18] [RUNNING] Track 4 running (211.8 px/s)
2025-12-15 00:16:23,063 - SmartHomeAI - INFO - Telegram alert sent: [00:16:18] [RUNNING] Track 4 running (200.3 px/s)
2025-12-15 00:16:23,118 - SmartHomeAI - INFO - Telegram alert sent: [00:16:18] [VIOLENCE] Violence detected near track 4
2025-12-15 00:16:23,184 - SmartHomeAI - INFO - Telegram alert sent: [00:16:18] [RUNNING] Track 4 running (208.3 px/s)
2025-12-15 00:16:23,534 - SmartHomeAI - INFO - Telegram alert sent: [00:16:19] [VIOLENCE] Violence detected near track 4
2025-12-15 00:16:23,581 - SmartHomeAI - INFO - Telegram alert sent: [00:16:18] [VIOLENCE] Violence detected near track 4
2025-12-15 00:16:23,655 - SmartHomeAI - INFO - Telegram alert sent: [00:16:19] [VIOLENCE] Violence detected near track 4
2025-12-15 00:16:23,714 - SmartHomeAI - INFO - Telegram alert sent: [00:16:19] [VIOLENCE] Violence detected near track 4
2025-12-15 00:16:23,841 - SmartHomeAI - INFO - Telegram alert sent: [00:16:19] [RUNNING] Track 4 running (230.7 px/s)
2025-12-15 00:16:23,890 - SmartHomeAI - INFO - Telegram alert sent: [00:16:18] [VIOLENCE] Violence detected near track 4
2025-12-15 00:16:23,928 - SmartHomeAI - INFO - Telegram alert sent: [00:16:19] [RUNNING] Track 4 running (251.4 px/s)
2025-12-15 00:16:24,135 - SmartHomeAI - INFO - Telegram alert sent: [00:16:19] [RUNNING] Track 4 running (215.5 px/s)
2025-12-15 00:16:27,372 - SmartHomeAI - INFO - Telegram alert sent: [00:16:19] [RUNNING] Track 4 running (224.7 px/s)
2025-12-15 00:16:27,423 - SmartHomeAI - WARNING - [00:16:27] [VIOLENCE] Violence detected near track 6
2025-12-15 00:16:27,425 - SmartHomeAI - WARNING - Sound file not found: data/assets/sounds\alarm.mp3
2025-12-15 00:16:27,425 - SmartHomeAI - INFO - Telegram alert sent: [00:16:19] [RUNNING] Track 4 running (206.1 px/s)
2025-12-15 00:16:27,589 - SmartHomeAI - WARNING - [00:16:27] [VIOLENCE] Violence detected near track 6
2025-12-15 00:16:27,589 - SmartHomeAI - WARNING - Sound file not found: data/assets/sounds\alarm.mp3
2025-12-15 00:16:27,882 - SmartHomeAI - INFO - [00:16:27] [RUNNING] Track 6 running (1019.5 px/s)
2025-12-15 00:16:28,012 - SmartHomeAI - WARNING - [00:16:27] [VIOLENCE] Violence detected near track 6
2025-12-15 00:16:28,013 - SmartHomeAI - WARNING - Sound file not found: data/assets/sounds\alarm.mp3
2025-12-15 00:16:28,070 - SmartHomeAI - INFO - [00:16:28] [RUNNING] Track 6 running (452.0 px/s)
2025-12-15 00:16:28,232 - SmartHomeAI - INFO - [00:16:28] [RUNNING] Track 6 running (245.4 px/s)
2025-12-15 00:16:28,244 - SmartHomeAI - INFO - [00:16:28] [RUNNING] Track 10 running (306.9 px/s)
2025-12-15 00:16:28,372 - SmartHomeAI - INFO - [00:16:28] [RUNNING] Track 6 running (280.9 px/s)
2025-12-15 00:16:28,377 - SmartHomeAI - INFO - [00:16:28] [RUNNING] Track 13 running (311.5 px/s)
2025-12-15 00:16:28,416 - SmartHomeAI - INFO - [00:16:28] [RUNNING] Track 6 running (235.5 px/s)
2025-12-15 00:16:28,419 - SmartHomeAI - INFO - [00:16:28] [RUNNING] Track 13 running (255.7 px/s)
2025-12-15 00:16:28,494 - SmartHomeAI - INFO - [00:16:28] [RUNNING] Track 6 running (232.6 px/s)
2025-12-15 00:16:28,498 - SmartHomeAI - INFO - [00:16:28] [RUNNING] Track 10 running (315.5 px/s)
2025-12-15 00:16:28,502 - SmartHomeAI - INFO - [00:16:28] [RUNNING] Track 13 running (259.4 px/s)
2025-12-15 00:16:28,559 - SmartHomeAI - INFO - [00:16:28] [RUNNING] Track 10 running (209.2 px/s)
2025-12-15 00:16:28,563 - SmartHomeAI - INFO - [00:16:28] [RUNNING] Track 13 running (313.7 px/s)
2025-12-15 00:16:28,589 - SmartHomeAI - INFO - [00:16:28] [RUNNING] Track 6 running (274.4 px/s)
2025-12-15 00:16:28,593 - SmartHomeAI - INFO - [00:16:28] [RUNNING] Track 10 running (290.9 px/s)
2025-12-15 00:16:28,596 - SmartHomeAI - INFO - [00:16:28] [RUNNING] Track 13 running (421.2 px/s)
2025-12-15 00:16:28,639 - SmartHomeAI - INFO - [00:16:28] [RUNNING] Track 10 running (204.7 px/s)
2025-12-15 00:16:28,644 - SmartHomeAI - INFO - [00:16:28] [RUNNING] Track 13 running (272.7 px/s)
2025-12-15 00:16:28,650 - SmartHomeAI - INFO - [00:16:28] [RUNNING] Track 14 running (1516.1 px/s)
2025-12-15 00:16:28,763 - SmartHomeAI - INFO - [00:16:28] [RUNNING] Track 6 running (346.0 px/s)
2025-12-15 00:16:28,776 - SmartHomeAI - INFO - [00:16:28] [RUNNING] Track 10 running (246.8 px/s)
2025-12-15 00:16:30,052 - SmartHomeAI - WARNING - [00:16:30] [INTRUSION] Track 14 entered ROI
2025-12-15 00:16:30,052 - SmartHomeAI - WARNING - Sound file not found: data/assets/sounds\alarm.mp3
2025-12-15 00:16:30,058 - SmartHomeAI - INFO - [00:16:30] [RUNNING] Track 6 running (494.2 px/s)
2025-12-15 00:16:30,063 - SmartHomeAI - INFO - [00:16:30] [RUNNING] Track 10 running (670.0 px/s)
2025-12-15 00:16:30,067 - SmartHomeAI - INFO - [00:16:30] [RUNNING] Track 13 running (533.6 px/s)
2025-12-15 00:16:30,073 - SmartHomeAI - INFO - [00:16:30] [RUNNING] Track 14 running (535.1 px/s)
2025-12-15 00:16:30,079 - SmartHomeAI - INFO - [00:16:30] [RUNNING] Track 17 running (636.5 px/s)
2025-12-15 00:16:30,084 - SmartHomeAI - INFO - [00:16:30] [RUNNING] Track 18 running (615.0 px/s)
2025-12-15 00:16:30,107 - SmartHomeAI - INFO - [00:16:30] [RUNNING] Track 17 running (211.8 px/s)
2025-12-15 00:16:30,132 - SmartHomeAI - INFO - [00:16:30] [RUNNING] Track 6 running (352.2 px/s)
2025-12-15 00:16:30,137 - SmartHomeAI - INFO - [00:16:30] [RUNNING] Track 10 running (457.9 px/s)
2025-12-15 00:16:30,141 - SmartHomeAI - INFO - [00:16:30] [RUNNING] Track 13 running (399.5 px/s)
2025-12-15 00:16:30,145 - SmartHomeAI - INFO - [00:16:30] [RUNNING] Track 14 running (397.9 px/s)
2025-12-15 00:16:30,150 - SmartHomeAI - INFO - [00:16:30] [RUNNING] Track 17 running (472.6 px/s)
2025-12-15 00:16:30,155 - SmartHomeAI - INFO - [00:16:30] [RUNNING] Track 18 running (445.6 px/s)
2025-12-15 00:16:30,236 - SmartHomeAI - INFO - [00:16:30] [RUNNING] Track 10 running (247.0 px/s)
2025-12-15 00:16:30,240 - SmartHomeAI - INFO - [00:16:30] [RUNNING] Track 13 running (212.4 px/s)
2025-12-15 00:16:30,245 - SmartHomeAI - INFO - [00:16:30] [RUNNING] Track 14 running (222.2 px/s)
2025-12-15 00:16:30,249 - SmartHomeAI - INFO - [00:16:30] [RUNNING] Track 17 running (239.6 px/s)
2025-12-15 00:16:30,254 - SmartHomeAI - INFO - [00:16:30] [RUNNING] Track 18 running (498.7 px/s)
2025-12-15 00:16:30,297 - SmartHomeAI - INFO - [00:16:30] [RUNNING] Track 17 running (516.5 px/s)
2025-12-15 00:16:30,418 - SmartHomeAI - INFO - [00:16:30] [RUNNING] Track 10 running (744.9 px/s)
2025-12-15 00:16:30,442 - SmartHomeAI - INFO - [00:16:30] [RUNNING] Track 13 running (200.3 px/s)
2025-12-15 00:16:30,486 - SmartHomeAI - INFO - [00:16:30] [RUNNING] Track 14 running (211.6 px/s)
2025-12-15 00:16:31,698 - SmartHomeAI - INFO - Telegram alert sent: [00:16:27] [VIOLENCE] Violence detected near track 6
2025-12-15 00:16:31,789 - SmartHomeAI - INFO - Telegram alert sent: [00:16:27] [VIOLENCE] Violence detected near track 6
2025-12-15 00:16:32,333 - SmartHomeAI - INFO - Telegram alert sent: [00:16:27] [RUNNING] Track 6 running (1019.5 px/s)
2025-12-15 00:16:32,390 - SmartHomeAI - INFO - Telegram alert sent: [00:16:27] [VIOLENCE] Violence detected near track 6
2025-12-15 00:16:32,544 - SmartHomeAI - INFO - Telegram alert sent: [00:16:28] [RUNNING] Track 6 running (452.0 px/s)
2025-12-15 00:16:32,660 - SmartHomeAI - INFO - Telegram alert sent: [00:16:28] [RUNNING] Track 6 running (245.4 px/s)
2025-12-15 00:16:32,668 - SmartHomeAI - INFO - [00:16:32] [RUNNING] Track 6 running (246.5 px/s)
2025-12-15 00:16:32,744 - SmartHomeAI - INFO - [00:16:32] [RUNNING] Track 10 running (386.3 px/s)
2025-12-15 00:16:32,760 - SmartHomeAI - INFO - [00:16:32] [RUNNING] Track 13 running (272.0 px/s)
2025-12-15 00:16:32,774 - SmartHomeAI - INFO - [00:16:32] [RUNNING] Track 14 running (298.5 px/s)
2025-12-15 00:16:32,782 - SmartHomeAI - INFO - [00:16:32] [RUNNING] Track 17 running (205.8 px/s)
2025-12-15 00:16:32,804 - SmartHomeAI - INFO - [00:16:32] [RUNNING] Track 18 running (407.7 px/s)
2025-12-15 00:16:32,997 - SmartHomeAI - INFO - [00:16:32] [RUNNING] Track 6 running (246.9 px/s)
2025-12-15 00:16:33,007 - SmartHomeAI - INFO - [00:16:32] [RUNNING] Track 10 running (372.8 px/s)
2025-12-15 00:16:33,014 - SmartHomeAI - INFO - [00:16:32] [RUNNING] Track 13 running (261.4 px/s)
2025-12-15 00:16:33,040 - SmartHomeAI - INFO - [00:16:32] [RUNNING] Track 14 running (295.7 px/s)
2025-12-15 00:16:33,063 - SmartHomeAI - INFO - Telegram alert sent: [00:16:28] [RUNNING] Track 10 running (306.9 px/s)
2025-12-15 00:16:33,069 - SmartHomeAI - INFO - [00:16:32] [RUNNING] Track 17 running (215.5 px/s)
2025-12-15 00:16:33,116 - SmartHomeAI - INFO - [00:16:32] [RUNNING] Track 18 running (394.4 px/s)
2025-12-15 00:16:33,318 - SmartHomeAI - WARNING - [00:16:32] [VIOLENCE] Violence detected near track 17
2025-12-15 00:16:33,330 - SmartHomeAI - WARNING - Sound file not found: data/assets/sounds\alarm.mp3
2025-12-15 00:16:33,479 - SmartHomeAI - INFO - [00:16:33] [RUNNING] Track 6 running (243.7 px/s)
2025-12-15 00:16:33,527 - SmartHomeAI - INFO - [00:16:33] [RUNNING] Track 10 running (367.9 px/s)
2025-12-15 00:16:33,598 - SmartHomeAI - INFO - [00:16:33] [RUNNING] Track 13 running (263.1 px/s)
2025-12-15 00:16:33,695 - SmartHomeAI - INFO - [00:16:33] [RUNNING] Track 14 running (277.8 px/s)
2025-12-15 00:16:33,773 - SmartHomeAI - INFO - [00:16:33] [RUNNING] Track 17 running (212.7 px/s)
2025-12-15 00:16:33,855 - SmartHomeAI - INFO - [00:16:33] [RUNNING] Track 18 running (375.6 px/s)
2025-12-15 00:16:34,023 - SmartHomeAI - INFO - Telegram alert sent: [00:16:28] [RUNNING] Track 6 running (280.9 px/s)
2025-12-15 00:16:34,073 - SmartHomeAI - INFO - Telegram alert sent: [00:16:28] [RUNNING] Track 6 running (232.6 px/s)
2025-12-15 00:16:34,113 - SmartHomeAI - INFO - Telegram alert sent: [00:16:28] [RUNNING] Track 10 running (209.2 px/s)
2025-12-15 00:16:34,134 - SmartHomeAI - INFO - Telegram alert sent: [00:16:28] [RUNNING] Track 10 running (290.9 px/s)
2025-12-15 00:16:35,133 - SmartHomeAI - INFO - [00:16:34] [RUNNING] Track 10 running (269.2 px/s)
2025-12-15 00:16:35,166 - SmartHomeAI - INFO - [00:16:34] [RUNNING] Track 13 running (206.3 px/s)
2025-12-15 00:16:35,211 - SmartHomeAI - INFO - [00:16:34] [RUNNING] Track 14 running (201.4 px/s)
2025-12-15 00:16:35,251 - SmartHomeAI - INFO - [00:16:34] [RUNNING] Track 17 running (264.9 px/s)
2025-12-15 00:16:35,269 - SmartHomeAI - INFO - [00:16:34] [RUNNING] Track 18 running (294.9 px/s)
2025-12-15 00:16:35,309 - SmartHomeAI - INFO - [00:16:35] [LOITERING] Track 14 loitering (5.2s)
2025-12-15 00:16:35,340 - SmartHomeAI - WARNING - [00:16:35] [INTRUSION] Track 14 entered ROI
2025-12-15 00:16:35,340 - SmartHomeAI - WARNING - Sound file not found: data/assets/sounds\alarm.mp3
2025-12-15 00:16:35,352 - SmartHomeAI - INFO - [00:16:35] [RUNNING] Track 6 running (227.5 px/s)
2025-12-15 00:16:35,381 - SmartHomeAI - INFO - [00:16:35] [RUNNING] Track 10 running (343.4 px/s)
2025-12-15 00:16:35,399 - SmartHomeAI - INFO - [00:16:35] [RUNNING] Track 13 running (251.0 px/s)
2025-12-15 00:16:35,406 - SmartHomeAI - INFO - [00:16:35] [RUNNING] Track 14 running (259.4 px/s)
2025-12-15 00:16:35,411 - SmartHomeAI - INFO - [00:16:35] [RUNNING] Track 17 running (337.9 px/s)
2025-12-15 00:16:35,419 - SmartHomeAI - INFO - [00:16:35] [RUNNING] Track 18 running (380.2 px/s)
2025-12-15 00:16:35,476 - SmartHomeAI - INFO - [00:16:35] [RUNNING] Track 6 running (357.1 px/s)
2025-12-15 00:16:35,482 - SmartHomeAI - INFO - [00:16:35] [RUNNING] Track 10 running (518.7 px/s)
2025-12-15 00:16:35,488 - SmartHomeAI - INFO - [00:16:35] [RUNNING] Track 13 running (413.0 px/s)
2025-12-15 00:16:35,496 - SmartHomeAI - INFO - [00:16:35] [RUNNING] Track 14 running (391.7 px/s)
2025-12-15 00:16:35,506 - SmartHomeAI - INFO - [00:16:35] [RUNNING] Track 17 running (524.2 px/s)
2025-12-15 00:16:35,519 - SmartHomeAI - INFO - [00:16:35] [RUNNING] Track 18 running (596.7 px/s)
2025-12-15 00:16:35,640 - SmartHomeAI - INFO - [00:16:35] [RUNNING] Track 18 running (201.9 px/s)
2025-12-15 00:16:35,685 - SmartHomeAI - INFO - [00:16:35] [RUNNING] Track 10 running (243.2 px/s)
2025-12-15 00:16:35,725 - SmartHomeAI - INFO - [00:16:35] [RUNNING] Track 17 running (244.5 px/s)
2025-12-15 00:16:35,898 - SmartHomeAI - INFO - [00:16:35] [RUNNING] Track 18 running (256.9 px/s)
2025-12-15 00:16:36,059 - SmartHomeAI - INFO - [00:16:35] [RUNNING] Track 10 running (641.7 px/s)
2025-12-15 00:16:36,093 - SmartHomeAI - INFO - [00:16:35] [RUNNING] Track 17 running (616.4 px/s)
2025-12-15 00:16:36,135 - SmartHomeAI - INFO - [00:16:35] [RUNNING] Track 18 running (720.4 px/s)
2025-12-15 00:16:36,374 - SmartHomeAI - INFO - [00:16:36] [RUNNING] Track 10 running (354.0 px/s)
2025-12-15 00:16:36,444 - SmartHomeAI - INFO - [00:16:36] [RUNNING] Track 17 running (348.2 px/s)
2025-12-15 00:16:36,478 - SmartHomeAI - INFO - [00:16:36] [RUNNING] Track 18 running (390.2 px/s)
2025-12-15 00:16:36,646 - SmartHomeAI - INFO - [00:16:36] [RUNNING] Track 10 running (216.8 px/s)
2025-12-15 00:16:36,674 - SmartHomeAI - INFO - [00:16:36] [RUNNING] Track 17 running (211.3 px/s)
2025-12-15 00:16:36,700 - SmartHomeAI - INFO - [00:16:36] [RUNNING] Track 18 running (235.2 px/s)
2025-12-15 00:16:37,002 - SmartHomeAI - INFO - [00:16:36] [RUNNING] Track 18 running (213.9 px/s)
2025-12-15 00:16:37,316 - SmartHomeAI - INFO - [00:16:37] [RUNNING] Track 17 running (242.4 px/s)
2025-12-15 00:16:37,327 - SmartHomeAI - INFO - [00:16:37] [RUNNING] Track 18 running (270.8 px/s)
2025-12-15 00:16:37,389 - SmartHomeAI - INFO - [00:16:37] [RUNNING] Track 17 running (503.9 px/s)
2025-12-15 00:16:37,394 - SmartHomeAI - INFO - [00:16:37] [RUNNING] Track 18 running (560.9 px/s)
2025-12-15 00:16:37,426 - SmartHomeAI - INFO - [00:16:37] [RUNNING] Track 17 running (343.7 px/s)
2025-12-15 00:16:37,431 - SmartHomeAI - INFO - [00:16:37] [RUNNING] Track 18 running (399.5 px/s)
2025-12-15 00:16:37,481 - SmartHomeAI - INFO - [00:16:37] [RUNNING] Track 17 running (342.9 px/s)
2025-12-15 00:16:37,502 - SmartHomeAI - INFO - [00:16:37] [RUNNING] Track 18 running (3724.0 px/s)
2025-12-15 00:16:37,705 - SmartHomeAI - INFO - [00:16:37] [RUNNING] Track 17 running (208.8 px/s)
2025-12-15 00:16:37,752 - SmartHomeAI - INFO - [00:16:37] [RUNNING] Track 17 running (294.6 px/s)
2025-12-15 00:16:37,952 - SmartHomeAI - INFO - [00:16:37] [RUNNING] Track 18 running (296.5 px/s)
2025-12-15 00:16:37,985 - SmartHomeAI - INFO - [00:16:37] [RUNNING] Track 18 running (240.3 px/s)
2025-12-15 00:16:38,052 - SmartHomeAI - INFO - [00:16:38] [RUNNING] Track 18 running (401.5 px/s)
2025-12-15 00:16:38,176 - SmartHomeAI - WARNING - [00:16:38] [VIOLENCE] Violence detected near track 18
2025-12-15 00:16:38,181 - SmartHomeAI - WARNING - Sound file not found: data/assets/sounds\alarm.mp3
2025-12-15 00:16:38,380 - SmartHomeAI - INFO - [00:16:38] [RUNNING] Track 18 running (225.2 px/s)
2025-12-15 00:16:38,449 - SmartHomeAI - INFO - [00:16:38] [RUNNING] Track 18 running (237.3 px/s)
2025-12-15 00:16:38,577 - SmartHomeAI - INFO - [00:16:38] [RUNNING] Track 18 running (1805.9 px/s)
2025-12-15 00:16:38,683 - SmartHomeAI - WARNING - [00:16:38] [VIOLENCE] Violence detected near track 18
2025-12-15 00:16:38,683 - SmartHomeAI - WARNING - Sound file not found: data/assets/sounds\alarm.mp3
2025-12-15 00:16:38,756 - SmartHomeAI - INFO - [00:16:38] [RUNNING] Track 18 running (725.0 px/s)
2025-12-15 00:16:38,969 - SmartHomeAI - WARNING - [00:16:38] [VIOLENCE] Violence detected near track 25
2025-12-15 00:16:38,969 - SmartHomeAI - WARNING - Sound file not found: data/assets/sounds\alarm.mp3
2025-12-15 00:16:38,976 - SmartHomeAI - WARNING - [00:16:38] [VIOLENCE] Violence detected near track 18
2025-12-15 00:16:38,976 - SmartHomeAI - WARNING - Sound file not found: data/assets/sounds\alarm.mp3
2025-12-15 00:16:40,503 - SmartHomeAI - INFO - Telegram alert sent: [00:16:30] [RUNNING] Track 13 running (533.6 px/s)
2025-12-15 00:16:40,523 - SmartHomeAI - INFO - Telegram alert sent: [00:16:30] [RUNNING] Track 6 running (352.2 px/s)
2025-12-15 00:16:40,536 - SmartHomeAI - INFO - Telegram alert sent: [00:16:30] [RUNNING] Track 13 running (200.3 px/s)
2025-12-15 00:16:40,538 - SmartHomeAI - INFO - Telegram alert sent: [00:16:30] [RUNNING] Track 10 running (247.0 px/s)
2025-12-15 00:16:40,560 - SmartHomeAI - INFO - Telegram alert sent: [00:16:28] [RUNNING] Track 13 running (259.4 px/s)
2025-12-15 00:16:40,593 - SmartHomeAI - INFO - Telegram alert sent: [00:16:28] [RUNNING] Track 13 running (272.7 px/s)
2025-12-15 00:16:40,612 - SmartHomeAI - INFO - Telegram alert sent: [00:16:28] [RUNNING] Track 14 running (1516.1 px/s)
2025-12-15 00:16:40,614 - SmartHomeAI - INFO - Telegram alert sent: [00:16:30] [RUNNING] Track 18 running (615.0 px/s)
2025-12-15 00:16:40,616 - SmartHomeAI - INFO - Telegram alert sent: [00:16:28] [RUNNING] Track 6 running (346.0 px/s)
2025-12-15 00:16:40,617 - SmartHomeAI - INFO - Telegram alert sent: [00:16:30] [RUNNING] Track 18 running (445.6 px/s)
2025-12-15 00:16:40,620 - SmartHomeAI - INFO - Telegram alert sent: [00:16:30] [RUNNING] Track 14 running (211.6 px/s)
2025-12-15 00:16:40,645 - SmartHomeAI - INFO - Telegram alert sent: [00:16:28] [RUNNING] Track 10 running (204.7 px/s)
2025-12-15 00:16:40,645 - SmartHomeAI - INFO - Telegram alert sent: [00:16:30] [RUNNING] Track 14 running (535.1 px/s)
2025-12-15 00:16:40,648 - SmartHomeAI - INFO - Telegram alert sent: [00:16:28] [RUNNING] Track 10 running (315.5 px/s)
2025-12-15 00:16:40,650 - SmartHomeAI - INFO - Telegram alert sent: [00:16:30] [RUNNING] Track 17 running (472.6 px/s)
2025-12-15 00:16:40,660 - SmartHomeAI - INFO - Telegram alert sent: [00:16:30] [INTRUSION] Track 14 entered ROI
2025-12-15 00:16:40,662 - SmartHomeAI - INFO - Telegram alert sent: [00:16:28] [RUNNING] Track 13 running (255.7 px/s)
2025-12-15 00:16:40,663 - SmartHomeAI - INFO - Telegram alert sent: [00:16:30] [RUNNING] Track 6 running (494.2 px/s)
2025-12-15 00:16:40,665 - SmartHomeAI - INFO - Telegram alert sent: [00:16:30] [RUNNING] Track 10 running (457.9 px/s)
2025-12-15 00:16:40,667 - SmartHomeAI - INFO - Telegram alert sent: [00:16:30] [RUNNING] Track 13 running (399.5 px/s)
2025-12-15 00:16:40,680 - SmartHomeAI - INFO - Telegram alert sent: [00:16:28] [RUNNING] Track 13 running (421.2 px/s)
2025-12-15 00:16:40,683 - SmartHomeAI - INFO - Telegram alert sent: [00:16:30] [RUNNING] Track 17 running (239.6 px/s)
2025-12-15 00:16:40,684 - SmartHomeAI - INFO - Telegram alert sent: [00:16:28] [RUNNING] Track 6 running (235.5 px/s)
2025-12-15 00:16:40,713 - SmartHomeAI - INFO - Telegram alert sent: [00:16:28] [RUNNING] Track 10 running (246.8 px/s)
2025-12-15 00:16:40,728 - SmartHomeAI - INFO - Telegram alert sent: [00:16:30] [RUNNING] Track 18 running (498.7 px/s)
2025-12-15 00:16:40,729 - SmartHomeAI - INFO - Telegram alert sent: [00:16:30] [RUNNING] Track 10 running (670.0 px/s)
2025-12-15 00:16:40,734 - SmartHomeAI - INFO - Telegram alert sent: [00:16:30] [RUNNING] Track 10 running (744.9 px/s)
2025-12-15 00:16:40,790 - SmartHomeAI - INFO - Telegram alert sent: [00:16:28] [RUNNING] Track 6 running (274.4 px/s)
2025-12-15 00:16:40,793 - SmartHomeAI - INFO - Telegram alert sent: [00:16:30] [RUNNING] Track 13 running (212.4 px/s)
2025-12-15 00:16:40,794 - SmartHomeAI - INFO - Telegram alert sent: [00:16:28] [RUNNING] Track 13 running (311.5 px/s)
2025-12-15 00:16:40,796 - SmartHomeAI - INFO - Telegram alert sent: [00:16:30] [RUNNING] Track 14 running (222.2 px/s)
2025-12-15 00:16:40,798 - SmartHomeAI - INFO - Telegram alert sent: [00:16:28] [RUNNING] Track 13 running (313.7 px/s)
2025-12-15 00:16:40,838 - SmartHomeAI - INFO - Telegram alert sent: [00:16:30] [RUNNING] Track 17 running (211.8 px/s)
2025-12-15 00:16:40,877 - SmartHomeAI - INFO - Telegram alert sent: [00:16:30] [RUNNING] Track 17 running (636.5 px/s)
2025-12-15 00:16:40,903 - SmartHomeAI - INFO - Telegram alert sent: [00:16:30] [RUNNING] Track 17 running (516.5 px/s)
2025-12-15 00:16:40,906 - SmartHomeAI - INFO - Telegram alert sent: [00:16:30] [RUNNING] Track 14 running (397.9 px/s)
2025-12-15 00:16:43,009 - SmartHomeAI - INFO - [00:16:42] [RUNNING] Track 25 running (585.6 px/s)
2025-12-15 00:16:43,472 - SmartHomeAI - INFO - [00:16:43] [RUNNING] Track 25 running (616.3 px/s)
2025-12-15 00:16:43,799 - SmartHomeAI - INFO - [00:16:43] [RUNNING] Track 25 running (436.9 px/s)
2025-12-15 00:16:43,831 - SmartHomeAI - INFO - [00:16:43] [RUNNING] Track 25 running (361.3 px/s)
2025-12-15 00:16:43,916 - SmartHomeAI - INFO - [00:16:43] [RUNNING] Track 25 running (337.6 px/s)
2025-12-15 00:16:43,976 - SmartHomeAI - INFO - [00:16:43] [RUNNING] Track 25 running (436.6 px/s)
2025-12-15 00:16:44,006 - SmartHomeAI - INFO - [00:16:43] [RUNNING] Track 25 running (328.9 px/s)
2025-12-15 00:16:44,027 - SmartHomeAI - INFO - [00:16:44] [RUNNING] Track 25 running (439.7 px/s)
2025-12-15 00:16:44,087 - SmartHomeAI - INFO - [00:16:44] [RUNNING] Track 25 running (503.9 px/s)
2025-12-15 00:16:44,135 - SmartHomeAI - INFO - [00:16:44] [RUNNING] Track 25 running (481.8 px/s)
2025-12-15 00:16:44,162 - SmartHomeAI - INFO - [00:16:44] [RUNNING] Track 25 running (452.6 px/s)
2025-12-15 00:16:44,187 - SmartHomeAI - INFO - [00:16:44] [RUNNING] Track 25 running (405.0 px/s)
2025-12-15 00:16:44,255 - SmartHomeAI - INFO - [00:16:44] [RUNNING] Track 25 running (468.2 px/s)
2025-12-15 00:16:44,298 - SmartHomeAI - INFO - [00:16:44] [RUNNING] Track 25 running (520.6 px/s)
2025-12-15 00:16:44,322 - SmartHomeAI - INFO - [00:16:44] [RUNNING] Track 25 running (504.0 px/s)
2025-12-15 00:16:44,345 - SmartHomeAI - INFO - [00:16:44] [RUNNING] Track 25 running (498.4 px/s)
2025-12-15 00:16:44,409 - SmartHomeAI - INFO - [00:16:44] [RUNNING] Track 25 running (461.2 px/s)
2025-12-15 00:16:44,446 - SmartHomeAI - INFO - [00:16:44] [RUNNING] Track 18 running (221.7 px/s)
2025-12-15 00:16:44,451 - SmartHomeAI - INFO - [00:16:44] [RUNNING] Track 25 running (717.1 px/s)
2025-12-15 00:16:44,475 - SmartHomeAI - INFO - [00:16:44] [RUNNING] Track 25 running (441.7 px/s)
2025-12-15 00:16:44,501 - SmartHomeAI - INFO - [00:16:44] [RUNNING] Track 25 running (448.0 px/s)
2025-12-15 00:16:44,570 - SmartHomeAI - INFO - [00:16:44] [RUNNING] Track 25 running (433.1 px/s)
2025-12-15 00:16:50,056 - SmartHomeAI - INFO - Telegram alert sent: [00:16:32] [RUNNING] Track 6 running (246.5 px/s)
2025-12-15 00:16:50,373 - SmartHomeAI - INFO - Telegram alert sent: [00:16:32] [RUNNING] Track 17 running (205.8 px/s)
2025-12-15 00:16:50,409 - SmartHomeAI - INFO - Telegram alert sent: [00:16:32] [RUNNING] Track 18 running (407.7 px/s)
2025-12-15 00:16:50,682 - SmartHomeAI - INFO - Telegram alert sent: [00:16:35] [RUNNING] Track 10 running (641.7 px/s)
2025-12-15 00:16:50,686 - SmartHomeAI - INFO - Telegram alert sent: [00:16:32] [RUNNING] Track 14 running (295.7 px/s)
2025-12-15 00:16:50,692 - SmartHomeAI - INFO - Telegram alert sent: [00:16:35] [RUNNING] Track 17 running (337.9 px/s)
2025-12-15 00:16:50,694 - SmartHomeAI - INFO - Telegram alert sent: [00:16:35] [RUNNING] Track 13 running (251.0 px/s)
2025-12-15 00:16:50,694 - SmartHomeAI - INFO - Telegram alert sent: [00:16:35] [INTRUSION] Track 14 entered ROI
2025-12-15 00:16:50,695 - SmartHomeAI - INFO - Telegram alert sent: [00:16:33] [RUNNING] Track 18 running (375.6 px/s)
2025-12-15 00:16:50,697 - SmartHomeAI - INFO - Telegram alert sent: [00:16:37] [RUNNING] Track 18 running (560.9 px/s)
2025-12-15 00:16:50,700 - SmartHomeAI - INFO - Telegram alert sent: [00:16:33] [RUNNING] Track 10 running (367.9 px/s)
2025-12-15 00:16:50,713 - SmartHomeAI - INFO - Telegram alert sent: [00:16:32] [RUNNING] Track 13 running (272.0 px/s)
2025-12-15 00:16:50,714 - SmartHomeAI - INFO - Telegram alert sent: [00:16:34] [RUNNING] Track 17 running (264.9 px/s)
2025-12-15 00:16:50,718 - SmartHomeAI - INFO - Telegram alert sent: [00:16:35] [RUNNING] Track 10 running (518.7 px/s)
2025-12-15 00:16:50,719 - SmartHomeAI - INFO - Telegram alert sent: [00:16:37] [RUNNING] Track 17 running (503.9 px/s)
2025-12-15 00:16:50,720 - SmartHomeAI - INFO - Telegram alert sent: [00:16:35] [RUNNING] Track 10 running (243.2 px/s)
2025-12-15 00:16:50,720 - SmartHomeAI - INFO - Telegram alert sent: [00:16:37] [RUNNING] Track 18 running (3724.0 px/s)
2025-12-15 00:16:50,727 - SmartHomeAI - INFO - Telegram alert sent: [00:16:35] [RUNNING] Track 17 running (244.5 px/s)
2025-12-15 00:16:50,728 - SmartHomeAI - INFO - Telegram alert sent: [00:16:36] [RUNNING] Track 17 running (348.2 px/s)
2025-12-15 00:16:50,728 - SmartHomeAI - INFO - Telegram alert sent: [00:16:38] [RUNNING] Track 18 running (1805.9 px/s)
2025-12-15 00:16:50,729 - SmartHomeAI - INFO - Telegram alert sent: [00:16:36] [RUNNING] Track 10 running (216.8 px/s)
2025-12-15 00:16:50,729 - SmartHomeAI - INFO - Telegram alert sent: [00:16:35] [RUNNING] Track 18 running (256.9 px/s)
2025-12-15 00:16:50,730 - SmartHomeAI - INFO - Telegram alert sent: [00:16:38] [RUNNING] Track 18 running (237.3 px/s)
2025-12-15 00:16:50,732 - SmartHomeAI - INFO - Telegram alert sent: [00:16:32] [RUNNING] Track 14 running (298.5 px/s)
2025-12-15 00:16:50,739 - SmartHomeAI - INFO - Telegram alert sent: [00:16:37] [RUNNING] Track 17 running (342.9 px/s)
2025-12-15 00:16:50,739 - SmartHomeAI - INFO - Telegram alert sent: [00:16:32] [RUNNING] Track 17 running (215.5 px/s)
2025-12-15 00:16:50,740 - SmartHomeAI - INFO - Telegram alert sent: [00:16:35] [RUNNING] Track 6 running (227.5 px/s)
2025-12-15 00:16:50,745 - SmartHomeAI - INFO - Telegram alert sent: [00:16:34] [RUNNING] Track 10 running (269.2 px/s)
2025-12-15 00:16:50,750 - SmartHomeAI - INFO - Telegram alert sent: [00:16:33] [RUNNING] Track 14 running (277.8 px/s)
2025-12-15 00:16:50,751 - SmartHomeAI - INFO - Telegram alert sent: [00:16:38] [RUNNING] Track 18 running (401.5 px/s)
2025-12-15 00:16:50,752 - SmartHomeAI - INFO - Telegram alert sent: [00:16:35] [RUNNING] Track 13 running (413.0 px/s)
2025-12-15 00:16:50,752 - SmartHomeAI - INFO - Telegram alert sent: [00:16:33] [RUNNING] Track 13 running (263.1 px/s)
2025-12-15 00:16:50,752 - SmartHomeAI - INFO - Telegram alert sent: [00:16:36] [RUNNING] Track 17 running (211.3 px/s)
2025-12-15 00:16:50,755 - SmartHomeAI - INFO - Telegram alert sent: [00:16:35] [LOITERING] Track 14 loitering (5.2s)
2025-12-15 00:16:50,757 - SmartHomeAI - INFO - Telegram alert sent: [00:16:37] [RUNNING] Track 18 running (240.3 px/s)
2025-12-15 00:16:50,757 - SmartHomeAI - INFO - Telegram alert sent: [00:16:35] [RUNNING] Track 10 running (343.4 px/s)
2025-12-15 00:16:50,758 - SmartHomeAI - INFO - Telegram alert sent: [00:16:37] [RUNNING] Track 18 running (399.5 px/s)
2025-12-15 00:16:50,760 - SmartHomeAI - INFO - Telegram alert sent: [00:16:32] [RUNNING] Track 18 running (394.4 px/s)
2025-12-15 00:16:50,760 - SmartHomeAI - INFO - Telegram alert sent: [00:16:37] [RUNNING] Track 18 running (296.5 px/s)
2025-12-15 00:16:50,765 - SmartHomeAI - INFO - Telegram alert sent: [00:16:36] [RUNNING] Track 18 running (390.2 px/s)
2025-12-15 00:16:50,768 - SmartHomeAI - INFO - Telegram alert sent: [00:16:35] [RUNNING] Track 17 running (616.4 px/s)
2025-12-15 00:16:50,768 - SmartHomeAI - INFO - Telegram alert sent: [00:16:38] [VIOLENCE] Violence detected near track 18
2025-12-15 00:16:50,773 - SmartHomeAI - INFO - Telegram alert sent: [00:16:32] [RUNNING] Track 6 running (246.9 px/s)
2025-12-15 00:16:50,773 - SmartHomeAI - INFO - Telegram alert sent: [00:16:36] [RUNNING] Track 18 running (235.2 px/s)
2025-12-15 00:16:50,775 - SmartHomeAI - INFO - Telegram alert sent: [00:16:34] [RUNNING] Track 18 running (294.9 px/s)
2025-12-15 00:16:50,777 - SmartHomeAI - INFO - Telegram alert sent: [00:16:35] [RUNNING] Track 14 running (259.4 px/s)
2025-12-15 00:16:50,784 - SmartHomeAI - INFO - Telegram alert sent: [00:16:34] [RUNNING] Track 13 running (206.3 px/s)
2025-12-15 00:16:50,785 - SmartHomeAI - INFO - Telegram alert sent: [00:16:36] [RUNNING] Track 10 running (354.0 px/s)
2025-12-15 00:16:50,789 - SmartHomeAI - INFO - Telegram alert sent: [00:16:37] [RUNNING] Track 17 running (343.7 px/s)
2025-12-15 00:16:50,791 - SmartHomeAI - INFO - Telegram alert sent: [00:16:36] [RUNNING] Track 18 running (213.9 px/s)
2025-12-15 00:16:50,793 - SmartHomeAI - INFO - Telegram alert sent: [00:16:33] [RUNNING] Track 6 running (243.7 px/s)
2025-12-15 00:16:50,794 - SmartHomeAI - INFO - Telegram alert sent: [00:16:35] [RUNNING] Track 6 running (357.1 px/s)
2025-12-15 00:16:50,796 - SmartHomeAI - INFO - Telegram alert sent: [00:16:33] [RUNNING] Track 17 running (212.7 px/s)
2025-12-15 00:16:50,796 - SmartHomeAI - INFO - Telegram alert sent: [00:16:35] [RUNNING] Track 18 running (596.7 px/s)
2025-12-15 00:16:50,797 - SmartHomeAI - INFO - Telegram alert sent: [00:16:37] [RUNNING] Track 18 running (270.8 px/s)
2025-12-15 00:16:50,797 - SmartHomeAI - INFO - Telegram alert sent: [00:16:35] [RUNNING] Track 18 running (720.4 px/s)
2025-12-15 00:16:50,802 - SmartHomeAI - INFO - Telegram alert sent: [00:16:38] [RUNNING] Track 18 running (225.2 px/s)
2025-12-15 00:16:50,807 - SmartHomeAI - INFO - Telegram alert sent: [00:16:35] [RUNNING] Track 17 running (524.2 px/s)
2025-12-15 00:16:50,809 - SmartHomeAI - INFO - Telegram alert sent: [00:16:32] [VIOLENCE] Violence detected near track 17
2025-12-15 00:16:50,811 - SmartHomeAI - INFO - Telegram alert sent: [00:16:34] [RUNNING] Track 14 running (201.4 px/s)
2025-12-15 00:16:50,825 - SmartHomeAI - INFO - Telegram alert sent: [00:16:32] [RUNNING] Track 10 running (386.3 px/s)
2025-12-15 00:16:50,827 - SmartHomeAI - INFO - Telegram alert sent: [00:16:35] [RUNNING] Track 18 running (201.9 px/s)
2025-12-15 00:16:50,829 - SmartHomeAI - INFO - Telegram alert sent: [00:16:37] [RUNNING] Track 17 running (294.6 px/s)
2025-12-15 00:16:50,831 - SmartHomeAI - INFO - Telegram alert sent: [00:16:35] [RUNNING] Track 18 running (380.2 px/s)
2025-12-15 00:16:50,831 - SmartHomeAI - INFO - Telegram alert sent: [00:16:37] [RUNNING] Track 17 running (208.8 px/s)
2025-12-15 00:16:50,831 - SmartHomeAI - INFO - Telegram alert sent: [00:16:35] [RUNNING] Track 14 running (391.7 px/s)
2025-12-15 00:16:50,835 - SmartHomeAI - INFO - Telegram alert sent: [00:16:37] [RUNNING] Track 17 running (242.4 px/s)
2025-12-15 00:16:50,838 - SmartHomeAI - INFO - Telegram alert sent: [00:16:32] [RUNNING] Track 13 running (261.4 px/s)
2025-12-15 00:16:50,842 - SmartHomeAI - INFO - Telegram alert sent: [00:16:32] [RUNNING] Track 10 running (372.8 px/s)
2025-12-15 00:16:53,406 - SmartHomeAI - WARNING - [00:16:53] [VIOLENCE] Violence detected near track 30
2025-12-15 00:16:53,407 - SmartHomeAI - WARNING - Sound file not found: data/assets/sounds\alarm.mp3
2025-12-15 00:16:53,588 - SmartHomeAI - INFO - [00:16:53] [RUNNING] Track 30 running (256.8 px/s)
2025-12-15 00:16:54,108 - SmartHomeAI - INFO - [00:16:54] [RUNNING] Track 33 running (325.8 px/s)
2025-12-15 00:16:54,329 - SmartHomeAI - INFO - [00:16:54] [RUNNING] Track 30 running (242.1 px/s)
2025-12-15 00:16:54,333 - SmartHomeAI - INFO - [00:16:54] [RUNNING] Track 33 running (626.7 px/s)
2025-12-15 00:16:54,524 - SmartHomeAI - INFO - [00:16:54] [RUNNING] Track 33 running (232.2 px/s)
2025-12-15 00:16:54,651 - SmartHomeAI - INFO - [00:16:54] [RUNNING] Track 33 running (220.7 px/s)
2025-12-15 00:16:54,720 - SmartHomeAI - INFO - [00:16:54] [RUNNING] Track 30 running (1318.0 px/s)
2025-12-15 00:16:54,770 - SmartHomeAI - INFO - [00:16:54] [RUNNING] Track 32 running (957.8 px/s)
2025-12-15 00:16:54,775 - SmartHomeAI - INFO - [00:16:54] [RUNNING] Track 33 running (1038.1 px/s)
2025-12-15 00:16:54,836 - SmartHomeAI - INFO - Telegram alert sent: [00:16:38] [VIOLENCE] Violence detected near track 18
2025-12-15 00:16:54,963 - SmartHomeAI - INFO - [00:16:54] [RUNNING] Track 32 running (344.9 px/s)
2025-12-15 00:16:54,969 - SmartHomeAI - WARNING - [00:16:54] [VIOLENCE] Violence detected near track 30
2025-12-15 00:16:54,969 - SmartHomeAI - WARNING - Sound file not found: data/assets/sounds\alarm.mp3
2025-12-15 00:16:54,975 - SmartHomeAI - WARNING - [00:16:54] [VIOLENCE] Violence detected near track 32
2025-12-15 00:16:54,975 - SmartHomeAI - WARNING - Sound file not found: data/assets/sounds\alarm.mp3
2025-12-15 00:16:55,034 - SmartHomeAI - INFO - Telegram alert sent: [00:16:38] [VIOLENCE] Violence detected near track 25
2025-12-15 00:16:55,050 - SmartHomeAI - INFO - [00:16:55] [RUNNING] Track 32 running (448.8 px/s)
2025-12-15 00:16:55,063 - SmartHomeAI - INFO - [00:16:55] [RUNNING] Track 33 running (393.6 px/s)
2025-12-15 00:16:55,083 - SmartHomeAI - INFO - Telegram alert sent: [00:16:38] [VIOLENCE] Violence detected near track 18
2025-12-15 00:16:55,241 - SmartHomeAI - WARNING - [00:16:55] [VIOLENCE] Violence detected near track 32
2025-12-15 00:16:55,241 - SmartHomeAI - WARNING - Sound file not found: data/assets/sounds\alarm.mp3
2025-12-15 00:16:55,247 - SmartHomeAI - WARNING - [00:16:55] [VIOLENCE] Violence detected near track 34
2025-12-15 00:16:55,247 - SmartHomeAI - WARNING - Sound file not found: data/assets/sounds\alarm.mp3
2025-12-15 00:16:55,324 - SmartHomeAI - INFO - Telegram alert sent: [00:16:42] [RUNNING] Track 25 running (585.6 px/s)
2025-12-15 00:16:55,479 - SmartHomeAI - INFO - Telegram alert sent: [00:16:43] [RUNNING] Track 25 running (616.3 px/s)
2025-12-15 00:16:55,516 - SmartHomeAI - INFO - Telegram alert sent: [00:16:43] [RUNNING] Track 25 running (436.9 px/s)
2025-12-15 00:16:55,727 - SmartHomeAI - INFO - Telegram alert sent: [00:16:43] [RUNNING] Track 25 running (361.3 px/s)
2025-12-15 00:16:55,758 - SmartHomeAI - INFO - Telegram alert sent: [00:16:43] [RUNNING] Track 25 running (337.6 px/s)
2025-12-15 00:16:55,826 - SmartHomeAI - INFO - Telegram alert sent: [00:16:43] [RUNNING] Track 25 running (328.9 px/s)
2025-12-15 00:16:55,922 - SmartHomeAI - INFO - [00:16:55] [RUNNING] Track 33 running (273.4 px/s)
2025-12-15 00:16:56,018 - SmartHomeAI - INFO - Telegram alert sent: [00:16:44] [RUNNING] Track 25 running (439.7 px/s)
2025-12-15 00:16:56,059 - SmartHomeAI - INFO - Telegram alert sent: [00:16:44] [RUNNING] Track 25 running (481.8 px/s)
2025-12-15 00:16:56,097 - SmartHomeAI - INFO - Telegram alert sent: [00:16:43] [RUNNING] Track 25 running (436.6 px/s)
2025-12-15 00:16:56,139 - SmartHomeAI - INFO - Telegram alert sent: [00:16:44] [RUNNING] Track 25 running (503.9 px/s)
2025-12-15 00:16:56,148 - SmartHomeAI - INFO - [00:16:56] [RUNNING] Track 33 running (231.2 px/s)
2025-12-15 00:16:56,173 - SmartHomeAI - INFO - Telegram alert sent: [00:16:44] [RUNNING] Track 25 running (498.4 px/s)
2025-12-15 00:16:56,209 - SmartHomeAI - INFO - Telegram alert sent: [00:16:44] [RUNNING] Track 25 running (504.0 px/s)
2025-12-15 00:16:56,247 - SmartHomeAI - INFO - Telegram alert sent: [00:16:44] [RUNNING] Track 25 running (717.1 px/s)
2025-12-15 00:16:56,260 - SmartHomeAI - WARNING - [00:16:56] [VIOLENCE] Violence detected near track 32
2025-12-15 00:16:56,260 - SmartHomeAI - WARNING - Sound file not found: data/assets/sounds\alarm.mp3
2025-12-15 00:16:56,283 - SmartHomeAI - INFO - Telegram alert sent: [00:16:44] [RUNNING] Track 25 running (468.2 px/s)
2025-12-15 00:16:56,323 - SmartHomeAI - INFO - Telegram alert sent: [00:16:44] [RUNNING] Track 25 running (405.0 px/s)
2025-12-15 00:16:56,355 - SmartHomeAI - INFO - Telegram alert sent: [00:16:44] [RUNNING] Track 25 running (520.6 px/s)
2025-12-15 00:16:56,361 - SmartHomeAI - INFO - [00:16:56] [RUNNING] Track 33 running (218.3 px/s)
2025-12-15 00:16:56,452 - SmartHomeAI - INFO - [00:16:56] [RUNNING] Track 33 running (201.1 px/s)
2025-12-15 00:16:56,552 - SmartHomeAI - WARNING - [00:16:56] [VIOLENCE] Violence detected near track 32
2025-12-15 00:16:56,552 - SmartHomeAI - WARNING - Sound file not found: data/assets/sounds\alarm.mp3
2025-12-15 00:16:56,600 - SmartHomeAI - INFO - Telegram alert sent: [00:16:44] [RUNNING] Track 18 running (221.7 px/s)
2025-12-15 00:16:56,848 - SmartHomeAI - WARNING - [00:16:56] [VIOLENCE] Violence detected near track 32
2025-12-15 00:16:56,849 - SmartHomeAI - WARNING - Sound file not found: data/assets/sounds\alarm.mp3
2025-12-15 00:16:57,004 - SmartHomeAI - INFO - [00:16:56] [RUNNING] Track 32 running (212.9 px/s)
2025-12-15 00:16:57,146 - SmartHomeAI - WARNING - [00:16:57] [VIOLENCE] Violence detected near track 32
2025-12-15 00:16:57,147 - SmartHomeAI - WARNING - Sound file not found: data/assets/sounds\alarm.mp3
2025-12-15 00:16:57,259 - SmartHomeAI - INFO - [00:16:57] [RUNNING] Track 32 running (319.6 px/s)
2025-12-15 00:16:57,569 - SmartHomeAI - WARNING - [00:16:57] [VIOLENCE] Violence detected near track 33
2025-12-15 00:16:57,569 - SmartHomeAI - WARNING - Sound file not found: data/assets/sounds\alarm.mp3
2025-12-15 00:16:57,575 - SmartHomeAI - WARNING - [00:16:57] [VIOLENCE] Violence detected near track 32
2025-12-15 00:16:57,575 - SmartHomeAI - WARNING - Sound file not found: data/assets/sounds\alarm.mp3
2025-12-15 00:16:57,670 - SmartHomeAI - INFO - [00:16:57] [RUNNING] Track 32 running (206.6 px/s)
2025-12-15 00:16:57,676 - SmartHomeAI - INFO - [00:16:57] [RUNNING] Track 33 running (200.5 px/s)
2025-12-15 00:16:57,724 - SmartHomeAI - INFO - [00:16:57] [RUNNING] Track 32 running (243.2 px/s)
2025-12-15 00:16:57,730 - SmartHomeAI - INFO - [00:16:57] [RUNNING] Track 33 running (231.8 px/s)
2025-12-15 00:16:57,852 - SmartHomeAI - INFO - [00:16:57] [RUNNING] Track 32 running (437.6 px/s)
2025-12-15 00:16:57,859 - SmartHomeAI - INFO - [00:16:57] [RUNNING] Track 33 running (398.0 px/s)
2025-12-15 00:16:58,039 - SmartHomeAI - INFO - [00:16:57] [RUNNING] Track 32 running (207.9 px/s)
2025-12-15 00:16:58,226 - SmartHomeAI - INFO - [00:16:58] [RUNNING] Track 32 running (269.6 px/s)
2025-12-15 00:16:58,319 - SmartHomeAI - INFO - [00:16:58] [RUNNING] Track 33 running (250.0 px/s)
2025-12-15 00:16:58,434 - SmartHomeAI - WARNING - [00:16:58] [VIOLENCE] Violence detected near track 32
2025-12-15 00:16:58,434 - SmartHomeAI - WARNING - Sound file not found: data/assets/sounds\alarm.mp3
2025-12-15 00:16:58,440 - SmartHomeAI - WARNING - [00:16:58] [VIOLENCE] Violence detected near track 33
2025-12-15 00:16:58,446 - SmartHomeAI - WARNING - Sound file not found: data/assets/sounds\alarm.mp3
2025-12-15 00:16:58,871 - SmartHomeAI - INFO - [00:16:58] [RUNNING] Track 32 running (221.9 px/s)
2025-12-15 00:16:58,919 - SmartHomeAI - INFO - [00:16:58] [RUNNING] Track 32 running (218.5 px/s)
2025-12-15 00:16:59,051 - SmartHomeAI - INFO - [00:16:58] [RUNNING] Track 32 running (2254.5 px/s)
2025-12-15 00:16:59,057 - SmartHomeAI - INFO - [00:16:58] [RUNNING] Track 33 running (230.4 px/s)
2025-12-15 00:16:59,100 - SmartHomeAI - INFO - [00:16:59] [RUNNING] Track 33 running (615.9 px/s)
2025-12-15 00:16:59,149 - SmartHomeAI - INFO - [00:16:59] [RUNNING] Track 32 running (319.3 px/s)
2025-12-15 00:16:59,192 - SmartHomeAI - INFO - [00:16:59] [RUNNING] Track 32 running (272.2 px/s)
2025-12-15 00:16:59,235 - SmartHomeAI - INFO - [00:16:59] [RUNNING] Track 32 running (316.1 px/s)
2025-12-15 00:16:59,334 - SmartHomeAI - INFO - [00:16:59] [RUNNING] Track 32 running (310.9 px/s)
2025-12-15 00:16:59,419 - SmartHomeAI - INFO - [00:16:59] [RUNNING] Track 32 running (348.9 px/s)
2025-12-15 00:16:59,468 - SmartHomeAI - INFO - [00:16:59] [RUNNING] Track 32 running (292.7 px/s)
2025-12-15 00:16:59,474 - SmartHomeAI - INFO - [00:16:59] [RUNNING] Track 33 running (682.3 px/s)
2025-12-15 00:16:59,523 - SmartHomeAI - INFO - [00:16:59] [RUNNING] Track 32 running (256.0 px/s)
2025-12-15 00:16:59,625 - SmartHomeAI - INFO - [00:16:59] [RUNNING] Track 32 running (270.5 px/s)
2025-12-15 00:16:59,641 - SmartHomeAI - WARNING - [00:16:59] [VIOLENCE] Violence detected near track 33
2025-12-15 00:16:59,641 - SmartHomeAI - WARNING - Sound file not found: data/assets/sounds\alarm.mp3
2025-12-15 00:16:59,834 - SmartHomeAI - INFO - [00:16:59] [RUNNING] Track 32 running (215.0 px/s)
2025-12-15 00:16:59,905 - SmartHomeAI - INFO - Telegram alert sent: [00:16:38] [RUNNING] Track 18 running (725.0 px/s)
2025-12-15 00:16:59,946 - SmartHomeAI - INFO - Telegram alert sent: [00:16:44] [RUNNING] Track 25 running (461.2 px/s)
2025-12-15 00:17:00,066 - SmartHomeAI - INFO - Telegram alert sent: [00:16:44] [RUNNING] Track 25 running (441.7 px/s)
2025-12-15 00:17:00,078 - SmartHomeAI - INFO - Telegram alert sent: [00:16:44] [RUNNING] Track 25 running (448.0 px/s)
2025-12-15 00:17:00,116 - SmartHomeAI - INFO - Telegram alert sent: [00:16:44] [RUNNING] Track 25 running (452.6 px/s)
2025-12-15 00:17:00,169 - SmartHomeAI - INFO - Telegram alert sent: [00:16:44] [RUNNING] Track 25 running (433.1 px/s)
2025-12-15 00:17:00,330 - SmartHomeAI - INFO - Telegram alert sent: [00:16:53] [VIOLENCE] Violence detected near track 30
2025-12-15 00:17:00,739 - SmartHomeAI - INFO - Telegram alert sent: [00:16:53] [RUNNING] Track 30 running (256.8 px/s)
2025-12-15 00:17:01,645 - SmartHomeAI - INFO - [00:17:01] [RUNNING] Track 32 running (425.8 px/s)
2025-12-15 00:17:01,696 - SmartHomeAI - INFO - [00:17:01] [RUNNING] Track 33 running (246.2 px/s)
2025-12-15 00:17:01,731 - SmartHomeAI - INFO - [00:17:01] [RUNNING] Track 35 running (201.8 px/s)
2025-12-15 00:17:02,029 - SmartHomeAI - INFO - [00:17:01] [RUNNING] Track 32 running (265.7 px/s)
2025-12-15 00:17:02,206 - SmartHomeAI - INFO - [00:17:02] [RUNNING] Track 32 running (520.8 px/s)
2025-12-15 00:17:02,216 - SmartHomeAI - INFO - [00:17:02] [RUNNING] Track 33 running (267.5 px/s)
2025-12-15 00:17:02,226 - SmartHomeAI - INFO - [00:17:02] [RUNNING] Track 35 running (278.3 px/s)
2025-12-15 00:17:02,296 - SmartHomeAI - INFO - [00:17:02] [RUNNING] Track 32 running (599.3 px/s)
2025-12-15 00:17:02,302 - SmartHomeAI - INFO - [00:17:02] [RUNNING] Track 33 running (333.5 px/s)
2025-12-15 00:17:02,309 - SmartHomeAI - INFO - [00:17:02] [RUNNING] Track 35 running (333.5 px/s)
2025-12-15 00:17:02,344 - SmartHomeAI - INFO - [00:17:02] [RUNNING] Track 32 running (303.0 px/s)
2025-12-15 00:17:02,375 - SmartHomeAI - INFO - [00:17:02] [RUNNING] Track 32 running (390.0 px/s)
2025-12-15 00:17:02,382 - SmartHomeAI - INFO - [00:17:02] [RUNNING] Track 33 running (245.3 px/s)
2025-12-15 00:17:02,390 - SmartHomeAI - INFO - [00:17:02] [RUNNING] Track 35 running (222.3 px/s)
2025-12-15 00:17:02,475 - SmartHomeAI - INFO - [00:17:02] [RUNNING] Track 32 running (294.5 px/s)
2025-12-15 00:17:02,536 - SmartHomeAI - INFO - [00:17:02] [RUNNING] Track 33 running (298.6 px/s)
2025-12-15 00:17:02,541 - SmartHomeAI - INFO - [00:17:02] [RUNNING] Track 35 running (311.0 px/s)
2025-12-15 00:17:02,569 - SmartHomeAI - INFO - [00:17:02] [RUNNING] Track 35 running (201.2 px/s)
2025-12-15 00:17:02,625 - SmartHomeAI - INFO - [00:17:02] [RUNNING] Track 33 running (271.6 px/s)
2025-12-15 00:17:02,642 - SmartHomeAI - INFO - [00:17:02] [RUNNING] Track 35 running (269.2 px/s)
2025-12-15 00:17:02,872 - SmartHomeAI - INFO - [00:17:02] [RUNNING] Track 33 running (273.0 px/s)
2025-12-15 00:17:02,914 - SmartHomeAI - INFO - [00:17:02] [RUNNING] Track 35 running (262.2 px/s)
2025-12-15 00:17:03,115 - SmartHomeAI - INFO - [00:17:02] [RUNNING] Track 35 running (200.5 px/s)
2025-12-15 00:17:03,366 - SmartHomeAI - INFO - [00:17:03] [RUNNING] Track 35 running (224.6 px/s)
2025-12-15 00:17:03,597 - SmartHomeAI - INFO - [00:17:03] [RUNNING] Track 35 running (289.4 px/s)
2025-12-15 00:17:03,700 - SmartHomeAI - INFO - [00:17:03] [RUNNING] Track 35 running (342.1 px/s)
2025-12-15 00:17:05,061 - SmartHomeAI - INFO - Telegram alert sent: [00:16:54] [RUNNING] Track 33 running (325.8 px/s)
2025-12-15 00:17:05,113 - SmartHomeAI - INFO - Telegram alert sent: [00:16:54] [RUNNING] Track 33 running (626.7 px/s)
2025-12-15 00:17:05,117 - SmartHomeAI - INFO - Telegram alert sent: [00:16:56] [VIOLENCE] Violence detected near track 32
2025-12-15 00:17:05,120 - SmartHomeAI - INFO - Telegram alert sent: [00:16:55] [RUNNING] Track 33 running (393.6 px/s)
2025-12-15 00:17:05,128 - SmartHomeAI - INFO - Telegram alert sent: [00:16:56] [VIOLENCE] Violence detected near track 32
2025-12-15 00:17:05,129 - SmartHomeAI - INFO - Telegram alert sent: [00:16:56] [RUNNING] Track 33 running (218.3 px/s)
2025-12-15 00:17:05,130 - SmartHomeAI - INFO - Telegram alert sent: [00:16:57] [VIOLENCE] Violence detected near track 33
2025-12-15 00:17:05,131 - SmartHomeAI - INFO - Telegram alert sent: [00:16:57] [VIOLENCE] Violence detected near track 32
2025-12-15 00:17:05,133 - SmartHomeAI - INFO - Telegram alert sent: [00:16:57] [VIOLENCE] Violence detected near track 32
2025-12-15 00:17:05,133 - SmartHomeAI - INFO - Telegram alert sent: [00:16:57] [RUNNING] Track 33 running (231.8 px/s)
2025-12-15 00:17:05,139 - SmartHomeAI - INFO - Telegram alert sent: [00:16:56] [RUNNING] Track 32 running (212.9 px/s)
2025-12-15 00:17:05,139 - SmartHomeAI - INFO - Telegram alert sent: [00:16:56] [VIOLENCE] Violence detected near track 32
2025-12-15 00:17:05,141 - SmartHomeAI - INFO - Telegram alert sent: [00:16:56] [RUNNING] Track 33 running (201.1 px/s)
2025-12-15 00:17:05,143 - SmartHomeAI - INFO - Telegram alert sent: [00:16:55] [RUNNING] Track 33 running (273.4 px/s)
2025-12-15 00:17:05,144 - SmartHomeAI - INFO - Telegram alert sent: [00:16:57] [RUNNING] Track 33 running (200.5 px/s)
2025-12-15 00:17:05,144 - SmartHomeAI - INFO - Telegram alert sent: [00:16:54] [RUNNING] Track 30 running (242.1 px/s)
2025-12-15 00:17:05,146 - SmartHomeAI - INFO - Telegram alert sent: [00:16:56] [RUNNING] Track 33 running (231.2 px/s)
2025-12-15 00:17:05,151 - SmartHomeAI - INFO - Telegram alert sent: [00:16:57] [RUNNING] Track 32 running (319.6 px/s)
2025-12-15 00:17:05,153 - SmartHomeAI - INFO - Telegram alert sent: [00:16:55] [RUNNING] Track 32 running (448.8 px/s)
2025-12-15 00:17:05,154 - SmartHomeAI - INFO - Telegram alert sent: [00:16:54] [RUNNING] Track 30 running (1318.0 px/s)
2025-12-15 00:17:05,159 - SmartHomeAI - INFO - Telegram alert sent: [00:16:54] [RUNNING] Track 32 running (957.8 px/s)
2025-12-15 00:17:05,163 - SmartHomeAI - INFO - Telegram alert sent: [00:16:54] [RUNNING] Track 33 running (232.2 px/s)
2025-12-15 00:17:05,164 - SmartHomeAI - INFO - Telegram alert sent: [00:16:54] [VIOLENCE] Violence detected near track 30
2025-12-15 00:17:05,167 - SmartHomeAI - INFO - Telegram alert sent: [00:16:57] [RUNNING] Track 32 running (206.6 px/s)
2025-12-15 00:17:05,172 - SmartHomeAI - INFO - Telegram alert sent: [00:16:54] [RUNNING] Track 33 running (220.7 px/s)
2025-12-15 00:17:05,179 - SmartHomeAI - INFO - Telegram alert sent: [00:16:54] [RUNNING] Track 33 running (1038.1 px/s)
2025-12-15 00:17:05,182 - SmartHomeAI - INFO - Telegram alert sent: [00:16:54] [RUNNING] Track 32 running (344.9 px/s)
2025-12-15 00:17:05,184 - SmartHomeAI - INFO - Telegram alert sent: [00:16:55] [VIOLENCE] Violence detected near track 32
2025-12-15 00:17:05,272 - SmartHomeAI - INFO - Telegram alert sent: [00:16:55] [VIOLENCE] Violence detected near track 34
2025-12-15 00:17:05,284 - SmartHomeAI - INFO - Telegram alert sent: [00:16:54] [VIOLENCE] Violence detected near track 32
2025-12-15 00:17:08,413 - SmartHomeAI - INFO - Telegram alert sent: [00:16:57] [RUNNING] Track 32 running (243.2 px/s)
2025-12-15 00:17:08,527 - SmartHomeAI - INFO - Telegram alert sent: [00:16:57] [RUNNING] Track 32 running (437.6 px/s)
2025-12-15 00:17:09,139 - SmartHomeAI - INFO - Telegram alert sent: [00:16:57] [RUNNING] Track 32 running (207.9 px/s)
2025-12-15 00:17:09,465 - SmartHomeAI - INFO - Telegram alert sent: [00:16:57] [RUNNING] Track 33 running (398.0 px/s)
2025-12-15 00:17:10,018 - SmartHomeAI - INFO - Telegram alert sent: [00:16:58] [RUNNING] Track 32 running (269.6 px/s)
2025-12-15 00:17:10,251 - SmartHomeAI - INFO - Telegram alert sent: [00:16:58] [RUNNING] Track 33 running (250.0 px/s)
2025-12-15 00:17:10,273 - SmartHomeAI - INFO - Telegram alert sent: [00:16:58] [VIOLENCE] Violence detected near track 33
2025-12-15 00:17:10,462 - SmartHomeAI - INFO - Telegram alert sent: [00:17:02] [RUNNING] Track 32 running (303.0 px/s)
2025-12-15 00:17:10,521 - SmartHomeAI - INFO - Telegram alert sent: [00:16:58] [VIOLENCE] Violence detected near track 32
2025-12-15 00:17:10,850 - SmartHomeAI - INFO - Telegram alert sent: [00:17:02] [RUNNING] Track 33 running (267.5 px/s)
2025-12-15 00:17:10,861 - SmartHomeAI - INFO - Telegram alert sent: [00:17:02] [RUNNING] Track 32 running (520.8 px/s)
2025-12-15 00:17:10,922 - SmartHomeAI - INFO - Telegram alert sent: [00:16:59] [RUNNING] Track 33 running (682.3 px/s)
2025-12-15 00:17:10,922 - SmartHomeAI - INFO - Telegram alert sent: [00:17:01] [RUNNING] Track 33 running (246.2 px/s)
2025-12-15 00:17:10,923 - SmartHomeAI - INFO - Telegram alert sent: [00:17:02] [RUNNING] Track 33 running (333.5 px/s)
2025-12-15 00:17:11,014 - SmartHomeAI - INFO - Telegram alert sent: [00:17:02] [RUNNING] Track 33 running (273.0 px/s)
2025-12-15 00:17:11,031 - SmartHomeAI - INFO - Telegram alert sent: [00:17:01] [RUNNING] Track 32 running (425.8 px/s)
2025-12-15 00:17:14,412 - SmartHomeAI - INFO - Cleaning up...
2025-12-15 00:17:14,412 - SmartHomeAI - INFO - Approx. FPS: 23.56
2025-12-15 00:17:14,415 - SmartHomeAI - INFO - Video stream thread stopping.
2025-12-15 00:17:14,419 - SmartHomeAI - INFO - Video stream stopped.
2025-12-15 00:17:19,404 - SmartHomeAI - INFO - Telegram alert sent: [00:17:02] [RUNNING] Track 35 running (200.5 px/s)
2025-12-15 00:17:19,711 - SmartHomeAI - INFO - Telegram alert sent: [00:17:02] [RUNNING] Track 35 running (278.3 px/s)
2025-12-15 00:17:19,767 - SmartHomeAI - INFO - Telegram alert sent: [00:17:02] [RUNNING] Track 35 running (222.3 px/s)
2025-12-15 00:17:19,900 - SmartHomeAI - INFO - Telegram alert sent: [00:16:58] [RUNNING] Track 32 running (2254.5 px/s)
2025-12-15 00:17:20,044 - SmartHomeAI - INFO - Telegram alert sent: [00:16:59] [RUNNING] Track 33 running (615.9 px/s)
2025-12-15 00:17:20,232 - SmartHomeAI - INFO - Telegram alert sent: [00:17:02] [RUNNING] Track 32 running (294.5 px/s)
2025-12-15 00:17:20,563 - SmartHomeAI - INFO - Telegram alert sent: [00:16:59] [RUNNING] Track 32 running (319.3 px/s)
2025-12-15 00:17:20,621 - SmartHomeAI - INFO - Telegram alert sent: [00:16:59] [RUNNING] Track 32 running (256.0 px/s)
2025-12-15 00:17:20,651 - SmartHomeAI - INFO - Telegram alert sent: [00:17:02] [RUNNING] Track 35 running (262.2 px/s)
2025-12-15 00:17:20,695 - SmartHomeAI - INFO - Telegram alert sent: [00:16:59] [RUNNING] Track 32 running (316.1 px/s)
2025-12-15 00:17:20,883 - SmartHomeAI - INFO - Telegram alert sent: [00:17:01] [RUNNING] Track 32 running (265.7 px/s)
2025-12-15 00:17:20,918 - SmartHomeAI - INFO - Telegram alert sent: [00:17:02] [RUNNING] Track 32 running (599.3 px/s)
2025-12-15 00:17:21,117 - SmartHomeAI - INFO - Telegram alert sent: [00:17:02] [RUNNING] Track 35 running (311.0 px/s)
2025-12-15 00:17:21,161 - SmartHomeAI - INFO - Telegram alert sent: [00:17:02] [RUNNING] Track 35 running (269.2 px/s)
2025-12-15 00:17:21,192 - SmartHomeAI - INFO - Telegram alert sent: [00:16:58] [RUNNING] Track 32 running (218.5 px/s)
2025-12-15 00:17:21,428 - SmartHomeAI - INFO - Telegram alert sent: [00:17:02] [RUNNING] Track 33 running (298.6 px/s)
2025-12-15 00:17:21,581 - SmartHomeAI - INFO - Telegram alert sent: [00:16:59] [VIOLENCE] Violence detected near track 33
2025-12-15 00:17:21,622 - SmartHomeAI - INFO - Telegram alert sent: [00:17:02] [RUNNING] Track 33 running (245.3 px/s)
2025-12-15 00:17:21,857 - SmartHomeAI - INFO - Telegram alert sent: [00:17:02] [RUNNING] Track 32 running (390.0 px/s)
2025-12-15 00:17:21,876 - SmartHomeAI - INFO - Telegram alert sent: [00:17:02] [RUNNING] Track 35 running (333.5 px/s)
2025-12-15 00:17:21,918 - SmartHomeAI - INFO - Telegram alert sent: [00:16:59] [RUNNING] Track 32 running (292.7 px/s)
2025-12-15 00:17:21,960 - SmartHomeAI - INFO - Telegram alert sent: [00:16:59] [RUNNING] Track 32 running (272.2 px/s)
2025-12-15 00:17:22,006 - SmartHomeAI - INFO - Telegram alert sent: [00:16:59] [RUNNING] Track 32 running (270.5 px/s)
2025-12-15 00:17:22,038 - SmartHomeAI - INFO - Telegram alert sent: [00:16:59] [RUNNING] Track 32 running (215.0 px/s)
2025-12-15 00:17:22,072 - SmartHomeAI - INFO - Telegram alert sent: [00:16:59] [RUNNING] Track 32 running (348.9 px/s)
2025-12-15 00:17:22,189 - SmartHomeAI - INFO - Telegram alert sent: [00:17:01] [RUNNING] Track 35 running (201.8 px/s)
2025-12-15 00:17:22,351 - SmartHomeAI - INFO - Telegram alert sent: [00:17:03] [RUNNING] Track 35 running (224.6 px/s)
2025-12-15 00:17:22,383 - SmartHomeAI - INFO - Telegram alert sent: [00:17:02] [RUNNING] Track 33 running (271.6 px/s)
2025-12-15 00:17:22,417 - SmartHomeAI - INFO - Telegram alert sent: [00:16:58] [RUNNING] Track 32 running (221.9 px/s)
2025-12-15 00:17:22,450 - SmartHomeAI - INFO - Telegram alert sent: [00:16:58] [RUNNING] Track 33 running (230.4 px/s)
2025-12-15 00:17:25,660 - SmartHomeAI - INFO - Telegram alert sent: [00:16:59] [RUNNING] Track 32 running (310.9 px/s)
2025-12-15 00:17:25,699 - SmartHomeAI - INFO - Telegram alert sent: [00:17:03] [RUNNING] Track 35 running (342.1 px/s)
2025-12-15 00:17:25,731 - SmartHomeAI - INFO - Telegram alert sent: [00:17:03] [RUNNING] Track 35 running (289.4 px/s)
2025-12-15 00:17:25,775 - SmartHomeAI - INFO - Telegram alert sent: [00:17:02] [RUNNING] Track 35 running (201.2 px/s)
2025-12-15 00:17:45,076 - SmartHomeAI - INFO - Initializing components...
2025-12-15 00:17:45,077 - SmartHomeAI - INFO - Opening camera source: E:\KLTN\Video\crowd_plaza1.avi
2025-12-15 00:17:45,089 - SmartHomeAI - INFO - Camera opened successfully: E:\KLTN\Video\crowd_plaza1.avi
2025-12-15 00:17:45,089 - SmartHomeAI - INFO - Source FPS: 30.0. Target delay: 0.0333s
2025-12-15 00:17:45,091 - SmartHomeAI - INFO - Starting video stream thread.
2025-12-15 00:17:48,343 - SmartHomeAI - INFO - Initializing Detector on device: cuda
2025-12-15 00:17:48,387 - SmartHomeAI - INFO - Initializing DeepSort with max_age=30, n_init=3, embedder=mobilenet
2025-12-15 00:17:50,447 - SmartHomeAI - INFO - Initializing ViolenceDetector on cuda with model: E:\KLTN\AI-Smart-Home-Security\models/violence/Violence_Yolov8.pt
2025-12-15 00:17:50,489 - SmartHomeAI - INFO - Initializing FallDetector on cuda with model: E:\KLTN\AI-Smart-Home-Security\models/fall/Fall_Yolov11.pt
2025-12-15 00:17:50,727 - SmartHomeAI - INFO - Pygame mixer initialized.
2025-12-15 00:17:50,727 - SmartHomeAI - INFO - System Ready. Press 'q' to quit.
2025-12-15 00:17:52,685 - SmartHomeAI - WARNING - [00:17:52] [INTRUSION] Track 3 entered ROI
2025-12-15 00:17:52,686 - SmartHomeAI - WARNING - Sound file not found: data/assets/sounds\alarm.mp3
2025-12-15 00:17:52,839 - SmartHomeAI - INFO - [00:17:52] [RUNNING] Track 3 running (342.2 px/s)
2025-12-15 00:17:52,934 - SmartHomeAI - WARNING - [00:17:52] [VIOLENCE] Violence detected near track 3
2025-12-15 00:17:52,934 - SmartHomeAI - WARNING - Sound file not found: data/assets/sounds\alarm.mp3
2025-12-15 00:17:53,409 - SmartHomeAI - WARNING - [00:17:53] [INTRUSION] Track 5 entered ROI
2025-12-15 00:17:53,410 - SmartHomeAI - WARNING - Sound file not found: data/assets/sounds\alarm.mp3
2025-12-15 00:17:53,422 - SmartHomeAI - WARNING - [00:17:53] [VIOLENCE] Violence detected near track 3
2025-12-15 00:17:53,422 - SmartHomeAI - WARNING - Sound file not found: data/assets/sounds\alarm.mp3
2025-12-15 00:17:53,589 - SmartHomeAI - WARNING - [00:17:53] [VIOLENCE] Violence detected near track 3
2025-12-15 00:17:53,589 - SmartHomeAI - WARNING - Sound file not found: data/assets/sounds\alarm.mp3
2025-12-15 00:17:53,767 - SmartHomeAI - WARNING - [00:17:53] [VIOLENCE] Violence detected near track 3
2025-12-15 00:17:53,767 - SmartHomeAI - WARNING - Sound file not found: data/assets/sounds\alarm.mp3
2025-12-15 00:17:53,771 - SmartHomeAI - WARNING - [00:17:53] [VIOLENCE] Violence detected near track 5
2025-12-15 00:17:53,771 - SmartHomeAI - WARNING - Sound file not found: data/assets/sounds\alarm.mp3
2025-12-15 00:17:53,911 - SmartHomeAI - WARNING - [00:17:53] [VIOLENCE] Violence detected near track 3
2025-12-15 00:17:53,912 - SmartHomeAI - WARNING - Sound file not found: data/assets/sounds\alarm.mp3
2025-12-15 00:17:55,962 - SmartHomeAI - INFO - Telegram alert sent: [00:17:52] [INTRUSION] Track 3 entered ROI
2025-12-15 00:17:56,035 - SmartHomeAI - INFO - Telegram alert sent: [00:17:52] [VIOLENCE] Violence detected near track 3
2025-12-15 00:17:56,102 - SmartHomeAI - INFO - Telegram alert sent: [00:17:52] [RUNNING] Track 3 running (342.2 px/s)
2025-12-15 00:17:56,129 - SmartHomeAI - INFO - Telegram alert sent: [00:17:53] [INTRUSION] Track 5 entered ROI
2025-12-15 00:17:56,711 - SmartHomeAI - INFO - Telegram alert sent: [00:17:53] [VIOLENCE] Violence detected near track 3
2025-12-15 00:17:56,755 - SmartHomeAI - INFO - Telegram alert sent: [00:17:53] [VIOLENCE] Violence detected near track 3
2025-12-15 00:17:56,922 - SmartHomeAI - INFO - Telegram alert sent: [00:17:53] [VIOLENCE] Violence detected near track 3
2025-12-15 00:17:57,040 - SmartHomeAI - INFO - Telegram alert sent: [00:17:53] [VIOLENCE] Violence detected near track 3
2025-12-15 00:17:57,333 - SmartHomeAI - INFO - Telegram alert sent: [00:17:53] [VIOLENCE] Violence detected near track 5
2025-12-15 00:18:03,086 - SmartHomeAI - WARNING - [00:18:03] [INTRUSION] Track 32 entered ROI
2025-12-15 00:18:03,086 - SmartHomeAI - WARNING - Sound file not found: data/assets/sounds\alarm.mp3
2025-12-15 00:18:03,207 - SmartHomeAI - WARNING - [00:18:03] [INTRUSION] Track 36 entered ROI
2025-12-15 00:18:03,207 - SmartHomeAI - WARNING - Sound file not found: data/assets/sounds\alarm.mp3
2025-12-15 00:18:03,256 - SmartHomeAI - WARNING - [00:18:03] [INTRUSION] Track 37 entered ROI
2025-12-15 00:18:03,256 - SmartHomeAI - WARNING - Sound file not found: data/assets/sounds\alarm.mp3
2025-12-15 00:18:03,400 - SmartHomeAI - INFO - [00:18:03] [RUNNING] Track 34 running (227.2 px/s)
2025-12-15 00:18:03,402 - SmartHomeAI - INFO - [00:18:03] [RUNNING] Track 36 running (214.2 px/s)
2025-12-15 00:18:03,646 - SmartHomeAI - WARNING - [00:18:03] [INTRUSION] Track 34 entered ROI
2025-12-15 00:18:03,647 - SmartHomeAI - WARNING - Sound file not found: data/assets/sounds\alarm.mp3
2025-12-15 00:18:03,648 - SmartHomeAI - INFO - [00:18:03] [RUNNING] Track 34 running (245.9 px/s)
2025-12-15 00:18:03,712 - SmartHomeAI - WARNING - [00:18:03] [INTRUSION] Track 34 entered ROI
2025-12-15 00:18:03,713 - SmartHomeAI - WARNING - Sound file not found: data/assets/sounds\alarm.mp3
2025-12-15 00:18:03,751 - SmartHomeAI - INFO - [00:18:03] [RUNNING] Track 34 running (314.8 px/s)
2025-12-15 00:18:03,838 - SmartHomeAI - WARNING - [00:18:03] [INTRUSION] Track 43 entered ROI
2025-12-15 00:18:03,838 - SmartHomeAI - WARNING - Sound file not found: data/assets/sounds\alarm.mp3
2025-12-15 00:18:03,840 - SmartHomeAI - INFO - [00:18:03] [RUNNING] Track 34 running (279.9 px/s)
2025-12-15 00:18:04,068 - SmartHomeAI - WARNING - [00:18:03] [VIOLENCE] Violence detected near track 34
2025-12-15 00:18:04,069 - SmartHomeAI - WARNING - Sound file not found: data/assets/sounds\alarm.mp3
2025-12-15 00:18:04,163 - SmartHomeAI - INFO - [00:18:04] [RUNNING] Track 43 running (682.7 px/s)
2025-12-15 00:18:04,572 - SmartHomeAI - INFO - [00:18:04] [RUNNING] Track 36 running (341.9 px/s)
2025-12-15 00:18:04,701 - SmartHomeAI - INFO - [00:18:04] [RUNNING] Track 36 running (289.7 px/s)
2025-12-15 00:18:04,975 - SmartHomeAI - INFO - [00:18:04] [RUNNING] Track 32 running (362.7 px/s)
2025-12-15 00:18:04,980 - SmartHomeAI - WARNING - [00:18:04] [VIOLENCE] Violence detected near track 43
2025-12-15 00:18:04,980 - SmartHomeAI - WARNING - Sound file not found: data/assets/sounds\alarm.mp3
2025-12-15 00:18:04,983 - SmartHomeAI - WARNING - [00:18:04] [VIOLENCE] Violence detected near track 32
2025-12-15 00:18:04,984 - SmartHomeAI - WARNING - Sound file not found: data/assets/sounds\alarm.mp3
2025-12-15 00:18:05,072 - SmartHomeAI - INFO - [00:18:05] [RUNNING] Track 37 running (1122.5 px/s)
2025-12-15 00:18:05,077 - SmartHomeAI - INFO - [00:18:05] [RUNNING] Track 43 running (236.1 px/s)
2025-12-15 00:18:05,245 - SmartHomeAI - WARNING - [00:18:05] [VIOLENCE] Violence detected near track 36
2025-12-15 00:18:05,256 - SmartHomeAI - WARNING - Sound file not found: data/assets/sounds\alarm.mp3
2025-12-15 00:18:06,244 - SmartHomeAI - INFO - [00:18:06] [RUNNING] Track 32 running (571.6 px/s)
2025-12-15 00:18:06,577 - SmartHomeAI - INFO - [00:18:06] [RUNNING] Track 36 running (247.6 px/s)
2025-12-15 00:18:06,957 - SmartHomeAI - INFO - [00:18:06] [RUNNING] Track 32 running (229.1 px/s)
2025-12-15 00:18:06,960 - SmartHomeAI - INFO - [00:18:06] [RUNNING] Track 36 running (364.0 px/s)
2025-12-15 00:18:06,999 - SmartHomeAI - INFO - Telegram alert sent: [00:18:03] [INTRUSION] Track 37 entered ROI
2025-12-15 00:18:07,009 - SmartHomeAI - INFO - Telegram alert sent: [00:18:03] [INTRUSION] Track 36 entered ROI
2025-12-15 00:18:07,012 - SmartHomeAI - INFO - Telegram alert sent: [00:18:03] [INTRUSION] Track 32 entered ROI
2025-12-15 00:18:07,013 - SmartHomeAI - INFO - [00:18:06] [RUNNING] Track 36 running (348.1 px/s)
2025-12-15 00:18:07,087 - SmartHomeAI - INFO - [00:18:07] [RUNNING] Track 43 running (379.0 px/s)
2025-12-15 00:18:07,349 - SmartHomeAI - INFO - [00:18:07] [RUNNING] Track 43 running (1981.8 px/s)
2025-12-15 00:18:07,371 - SmartHomeAI - INFO - Telegram alert sent: [00:18:03] [RUNNING] Track 34 running (227.2 px/s)
2025-12-15 00:18:07,564 - SmartHomeAI - INFO - Telegram alert sent: [00:18:03] [RUNNING] Track 36 running (214.2 px/s)
2025-12-15 00:18:07,611 - SmartHomeAI - INFO - Telegram alert sent: [00:18:03] [RUNNING] Track 34 running (245.9 px/s)
2025-12-15 00:18:07,621 - SmartHomeAI - INFO - Telegram alert sent: [00:18:03] [INTRUSION] Track 34 entered ROI
2025-12-15 00:18:07,805 - SmartHomeAI - INFO - Telegram alert sent: [00:18:03] [RUNNING] Track 34 running (314.8 px/s)
2025-12-15 00:18:08,131 - SmartHomeAI - INFO - [00:18:08] [LOITERING] Track 32 loitering (5.1s)
2025-12-15 00:18:08,190 - SmartHomeAI - WARNING - [00:18:08] [INTRUSION] Track 32 entered ROI
2025-12-15 00:18:08,190 - SmartHomeAI - WARNING - Sound file not found: data/assets/sounds\alarm.mp3
2025-12-15 00:18:08,200 - SmartHomeAI - INFO - [00:18:08] [LOITERING] Track 36 loitering (5.0s)
2025-12-15 00:18:08,231 - SmartHomeAI - WARNING - [00:18:08] [INTRUSION] Track 36 entered ROI
2025-12-15 00:18:08,231 - SmartHomeAI - WARNING - Sound file not found: data/assets/sounds\alarm.mp3
2025-12-15 00:18:08,622 - SmartHomeAI - INFO - [00:18:08] [RUNNING] Track 32 running (514.0 px/s)
2025-12-15 00:18:08,625 - SmartHomeAI - INFO - [00:18:08] [RUNNING] Track 36 running (223.3 px/s)
2025-12-15 00:18:08,784 - SmartHomeAI - INFO - [00:18:08] [LOITERING] Track 43 loitering (5.0s)
2025-12-15 00:18:08,873 - SmartHomeAI - WARNING - [00:18:08] [INTRUSION] Track 43 entered ROI
2025-12-15 00:18:08,873 - SmartHomeAI - WARNING - Sound file not found: data/assets/sounds\alarm.mp3
2025-12-15 00:18:08,878 - SmartHomeAI - WARNING - [00:18:08] [VIOLENCE] Violence detected near track 36
2025-12-15 00:18:08,878 - SmartHomeAI - WARNING - Sound file not found: data/assets/sounds\alarm.mp3
2025-12-15 00:18:08,880 - SmartHomeAI - WARNING - [00:18:08] [VIOLENCE] Violence detected near track 32
2025-12-15 00:18:08,880 - SmartHomeAI - WARNING - Sound file not found: data/assets/sounds\alarm.mp3
2025-12-15 00:18:10,607 - SmartHomeAI - WARNING - [00:18:10] [INTRUSION] Track 58 entered ROI
2025-12-15 00:18:10,607 - SmartHomeAI - WARNING - Sound file not found: data/assets/sounds\alarm.mp3
2025-12-15 00:18:10,891 - SmartHomeAI - INFO - [00:18:10] [RUNNING] Track 58 running (433.5 px/s)
2025-12-15 00:18:10,949 - SmartHomeAI - WARNING - [00:18:10] [INTRUSION] Track 59 entered ROI
2025-12-15 00:18:10,950 - SmartHomeAI - WARNING - Sound file not found: data/assets/sounds\alarm.mp3
2025-12-15 00:18:11,019 - SmartHomeAI - INFO - Telegram alert sent: [00:18:03] [INTRUSION] Track 43 entered ROI
2025-12-15 00:18:11,046 - SmartHomeAI - WARNING - [00:18:10] [VIOLENCE] Violence detected near track 58
2025-12-15 00:18:11,046 - SmartHomeAI - WARNING - Sound file not found: data/assets/sounds\alarm.mp3
2025-12-15 00:18:11,048 - SmartHomeAI - WARNING - [00:18:10] [VIOLENCE] Violence detected near track 59
2025-12-15 00:18:11,048 - SmartHomeAI - WARNING - Sound file not found: data/assets/sounds\alarm.mp3
2025-12-15 00:18:11,052 - SmartHomeAI - INFO - Telegram alert sent: [00:18:03] [RUNNING] Track 34 running (279.9 px/s)
2025-12-15 00:18:11,087 - SmartHomeAI - INFO - Telegram alert sent: [00:18:03] [INTRUSION] Track 34 entered ROI
2025-12-15 00:18:11,185 - SmartHomeAI - INFO - Telegram alert sent: [00:18:04] [RUNNING] Track 43 running (682.7 px/s)
2025-12-15 00:18:11,252 - SmartHomeAI - INFO - Telegram alert sent: [00:18:03] [VIOLENCE] Violence detected near track 34
2025-12-15 00:18:11,319 - SmartHomeAI - WARNING - [00:18:11] [VIOLENCE] Violence detected near track 59
2025-12-15 00:18:11,320 - SmartHomeAI - WARNING - Sound file not found: data/assets/sounds\alarm.mp3
2025-12-15 00:18:11,327 - SmartHomeAI - INFO - Telegram alert sent: [00:18:04] [RUNNING] Track 36 running (289.7 px/s)
2025-12-15 00:18:11,372 - SmartHomeAI - INFO - Telegram alert sent: [00:18:04] [RUNNING] Track 36 running (341.9 px/s)
2025-12-15 00:18:11,446 - SmartHomeAI - INFO - Telegram alert sent: [00:18:04] [VIOLENCE] Violence detected near track 43
2025-12-15 00:18:11,514 - SmartHomeAI - WARNING - [00:18:11] [VIOLENCE] Violence detected near track 59
2025-12-15 00:18:11,515 - SmartHomeAI - WARNING - Sound file not found: data/assets/sounds\alarm.mp3
2025-12-15 00:18:11,520 - SmartHomeAI - INFO - Telegram alert sent: [00:18:05] [RUNNING] Track 37 running (1122.5 px/s)
2025-12-15 00:18:11,553 - SmartHomeAI - INFO - Telegram alert sent: [00:18:04] [VIOLENCE] Violence detected near track 32
2025-12-15 00:18:11,580 - SmartHomeAI - INFO - Telegram alert sent: [00:18:04] [RUNNING] Track 32 running (362.7 px/s)
2025-12-15 00:18:11,610 - SmartHomeAI - INFO - Telegram alert sent: [00:18:05] [RUNNING] Track 43 running (236.1 px/s)
2025-12-15 00:18:11,620 - SmartHomeAI - INFO - [00:18:11] [RUNNING] Track 58 running (271.0 px/s)
2025-12-15 00:18:11,707 - SmartHomeAI - INFO - Telegram alert sent: [00:18:06] [RUNNING] Track 32 running (571.6 px/s)
2025-12-15 00:18:11,747 - SmartHomeAI - WARNING - [00:18:11] [VIOLENCE] Violence detected near track 59
2025-12-15 00:18:11,747 - SmartHomeAI - WARNING - Sound file not found: data/assets/sounds\alarm.mp3
2025-12-15 00:18:11,751 - SmartHomeAI - WARNING - [00:18:11] [VIOLENCE] Violence detected near track 58
2025-12-15 00:18:11,751 - SmartHomeAI - WARNING - Sound file not found: data/assets/sounds\alarm.mp3
2025-12-15 00:18:11,789 - SmartHomeAI - INFO - Telegram alert sent: [00:18:05] [VIOLENCE] Violence detected near track 36
2025-12-15 00:18:12,076 - SmartHomeAI - WARNING - [00:18:11] [INTRUSION] Track 63 entered ROI
2025-12-15 00:18:12,091 - SmartHomeAI - WARNING - Sound file not found: data/assets/sounds\alarm.mp3
2025-12-15 00:18:12,108 - SmartHomeAI - WARNING - [00:18:11] [VIOLENCE] Violence detected near track 58
2025-12-15 00:18:12,108 - SmartHomeAI - WARNING - Sound file not found: data/assets/sounds\alarm.mp3
2025-12-15 00:18:12,364 - SmartHomeAI - INFO - [00:18:12] [RUNNING] Track 59 running (841.8 px/s)
2025-12-15 00:18:13,088 - SmartHomeAI - INFO - [00:18:12] [RUNNING] Track 63 running (646.9 px/s)
2025-12-15 00:18:13,487 - SmartHomeAI - INFO - [00:18:13] [RUNNING] Track 58 running (428.6 px/s)
2025-12-15 00:18:13,506 - SmartHomeAI - WARNING - [00:18:13] [VIOLENCE] Violence detected near track 58
2025-12-15 00:18:13,508 - SmartHomeAI - WARNING - Sound file not found: data/assets/sounds\alarm.mp3
2025-12-15 00:18:13,520 - SmartHomeAI - WARNING - [00:18:13] [VIOLENCE] Violence detected near track 59
2025-12-15 00:18:13,526 - SmartHomeAI - WARNING - Sound file not found: data/assets/sounds\alarm.mp3
2025-12-15 00:18:13,876 - SmartHomeAI - WARNING - [00:18:13] [VIOLENCE] Violence detected near track 59
2025-12-15 00:18:13,876 - SmartHomeAI - WARNING - Sound file not found: data/assets/sounds\alarm.mp3
2025-12-15 00:18:14,042 - SmartHomeAI - INFO - [00:18:13] [RUNNING] Track 59 running (236.8 px/s)
2025-12-15 00:18:14,045 - SmartHomeAI - INFO - [00:18:13] [RUNNING] Track 63 running (230.0 px/s)
2025-12-15 00:18:14,107 - SmartHomeAI - INFO - [00:18:14] [RUNNING] Track 63 running (219.6 px/s)
2025-12-15 00:18:14,128 - SmartHomeAI - INFO - [00:18:14] [RUNNING] Track 63 running (201.2 px/s)
2025-12-15 00:18:14,283 - SmartHomeAI - INFO - [00:18:14] [RUNNING] Track 59 running (1525.6 px/s)
2025-12-15 00:18:14,470 - SmartHomeAI - INFO - [00:18:14] [RUNNING] Track 63 running (217.4 px/s)
2025-12-15 00:18:14,550 - SmartHomeAI - INFO - [00:18:14] [RUNNING] Track 63 running (211.2 px/s)
2025-12-15 00:18:14,585 - SmartHomeAI - INFO - [00:18:14] [RUNNING] Track 63 running (239.3 px/s)
2025-12-15 00:18:14,606 - SmartHomeAI - INFO - [00:18:14] [RUNNING] Track 63 running (211.7 px/s)
2025-12-15 00:18:17,516 - SmartHomeAI - INFO - Telegram alert sent: [00:18:06] [RUNNING] Track 36 running (247.6 px/s)
2025-12-15 00:18:17,702 - SmartHomeAI - INFO - Telegram alert sent: [00:18:06] [RUNNING] Track 32 running (229.1 px/s)
2025-12-15 00:18:17,731 - SmartHomeAI - INFO - Telegram alert sent: [00:18:08] [LOITERING] Track 32 loitering (5.1s)
2025-12-15 00:18:17,815 - SmartHomeAI - INFO - Telegram alert sent: [00:18:07] [RUNNING] Track 43 running (379.0 px/s)
2025-12-15 00:18:17,855 - SmartHomeAI - INFO - Telegram alert sent: [00:18:06] [RUNNING] Track 36 running (364.0 px/s)
2025-12-15 00:18:17,874 - SmartHomeAI - INFO - Telegram alert sent: [00:18:08] [INTRUSION] Track 36 entered ROI
2025-12-15 00:18:17,915 - SmartHomeAI - INFO - Telegram alert sent: [00:18:07] [RUNNING] Track 43 running (1981.8 px/s)
2025-12-15 00:18:17,944 - SmartHomeAI - INFO - Telegram alert sent: [00:18:06] [RUNNING] Track 36 running (348.1 px/s)
2025-12-15 00:18:18,026 - SmartHomeAI - INFO - Telegram alert sent: [00:18:08] [INTRUSION] Track 43 entered ROI
2025-12-15 00:18:18,091 - SmartHomeAI - INFO - Telegram alert sent: [00:18:08] [INTRUSION] Track 32 entered ROI
2025-12-15 00:18:18,123 - SmartHomeAI - INFO - Telegram alert sent: [00:18:08] [VIOLENCE] Violence detected near track 36
2025-12-15 00:18:18,158 - SmartHomeAI - INFO - Telegram alert sent: [00:18:08] [LOITERING] Track 36 loitering (5.0s)
2025-12-15 00:18:18,239 - SmartHomeAI - INFO - Telegram alert sent: [00:18:08] [LOITERING] Track 43 loitering (5.0s)
2025-12-15 00:18:18,340 - SmartHomeAI - INFO - Telegram alert sent: [00:18:08] [RUNNING] Track 36 running (223.3 px/s)
2025-12-15 00:18:18,377 - SmartHomeAI - INFO - Telegram alert sent: [00:18:08] [VIOLENCE] Violence detected near track 32
2025-12-15 00:18:22,330 - SmartHomeAI - WARNING - [00:18:22] [INTRUSION] Track 72 entered ROI
2025-12-15 00:18:22,330 - SmartHomeAI - WARNING - Sound file not found: data/assets/sounds\alarm.mp3
2025-12-15 00:18:22,414 - SmartHomeAI - WARNING - [00:18:22] [VIOLENCE] Violence detected near track 72
2025-12-15 00:18:22,414 - SmartHomeAI - WARNING - Sound file not found: data/assets/sounds\alarm.mp3
2025-12-15 00:18:22,419 - SmartHomeAI - WARNING - [00:18:22] [FALL] Fall detected for track 72
2025-12-15 00:18:22,419 - SmartHomeAI - WARNING - Sound file not found: data/assets/sounds\warning.mp3
2025-12-15 00:18:22,577 - SmartHomeAI - WARNING - [00:18:22] [VIOLENCE] Violence detected near track 72
2025-12-15 00:18:22,579 - SmartHomeAI - WARNING - Sound file not found: data/assets/sounds\alarm.mp3
2025-12-15 00:18:22,727 - SmartHomeAI - WARNING - [00:18:22] [VIOLENCE] Violence detected near track 72
2025-12-15 00:18:22,727 - SmartHomeAI - WARNING - Sound file not found: data/assets/sounds\alarm.mp3
2025-12-15 00:18:22,800 - SmartHomeAI - INFO - [00:18:22] [RUNNING] Track 72 running (470.9 px/s)
2025-12-15 00:18:23,539 - SmartHomeAI - WARNING - [00:18:23] [INTRUSION] Track 76 entered ROI
2025-12-15 00:18:23,539 - SmartHomeAI - WARNING - Sound file not found: data/assets/sounds\alarm.mp3
2025-12-15 00:18:23,561 - SmartHomeAI - INFO - Telegram alert sent: [00:18:08] [RUNNING] Track 32 running (514.0 px/s)
2025-12-15 00:18:23,569 - SmartHomeAI - INFO - Telegram alert sent: [00:18:10] [INTRUSION] Track 58 entered ROI
2025-12-15 00:18:23,748 - SmartHomeAI - INFO - Telegram alert sent: [00:18:14] [RUNNING] Track 63 running (211.7 px/s)
2025-12-15 00:18:23,750 - SmartHomeAI - INFO - Telegram alert sent: [00:18:14] [RUNNING] Track 63 running (219.6 px/s)
2025-12-15 00:18:23,767 - SmartHomeAI - INFO - Telegram alert sent: [00:18:14] [RUNNING] Track 63 running (201.2 px/s)
2025-12-15 00:18:23,770 - SmartHomeAI - INFO - Telegram alert sent: [00:18:12] [RUNNING] Track 59 running (841.8 px/s)
2025-12-15 00:18:23,770 - SmartHomeAI - INFO - Telegram alert sent: [00:18:13] [RUNNING] Track 59 running (236.8 px/s)
2025-12-15 00:18:23,770 - SmartHomeAI - INFO - Telegram alert sent: [00:18:11] [VIOLENCE] Violence detected near track 58
2025-12-15 00:18:23,770 - SmartHomeAI - INFO - Telegram alert sent: [00:18:11] [VIOLENCE] Violence detected near track 59
2025-12-15 00:18:23,770 - SmartHomeAI - INFO - Telegram alert sent: [00:18:10] [VIOLENCE] Violence detected near track 59
2025-12-15 00:18:23,772 - SmartHomeAI - INFO - Telegram alert sent: [00:18:14] [RUNNING] Track 63 running (239.3 px/s)
2025-12-15 00:18:23,772 - SmartHomeAI - INFO - Telegram alert sent: [00:18:13] [RUNNING] Track 63 running (230.0 px/s)
2025-12-15 00:18:23,773 - SmartHomeAI - INFO - Telegram alert sent: [00:18:10] [INTRUSION] Track 59 entered ROI
2025-12-15 00:18:23,777 - SmartHomeAI - INFO - Telegram alert sent: [00:18:11] [INTRUSION] Track 63 entered ROI
2025-12-15 00:18:23,780 - SmartHomeAI - INFO - Telegram alert sent: [00:18:14] [RUNNING] Track 63 running (217.4 px/s)
2025-12-15 00:18:23,784 - SmartHomeAI - INFO - Telegram alert sent: [00:18:11] [VIOLENCE] Violence detected near track 58
2025-12-15 00:18:23,785 - SmartHomeAI - INFO - Telegram alert sent: [00:18:13] [VIOLENCE] Violence detected near track 59
2025-12-15 00:18:23,787 - SmartHomeAI - INFO - Telegram alert sent: [00:18:11] [VIOLENCE] Violence detected near track 59
2025-12-15 00:18:23,789 - SmartHomeAI - INFO - Telegram alert sent: [00:18:10] [RUNNING] Track 58 running (433.5 px/s)
2025-12-15 00:18:23,790 - SmartHomeAI - INFO - Telegram alert sent: [00:18:14] [RUNNING] Track 63 running (211.2 px/s)
2025-12-15 00:18:23,794 - SmartHomeAI - INFO - Telegram alert sent: [00:18:11] [RUNNING] Track 58 running (271.0 px/s)
2025-12-15 00:18:23,800 - SmartHomeAI - INFO - Telegram alert sent: [00:18:13] [VIOLENCE] Violence detected near track 59
2025-12-15 00:18:23,800 - SmartHomeAI - INFO - Telegram alert sent: [00:18:13] [VIOLENCE] Violence detected near track 58
2025-12-15 00:18:23,800 - SmartHomeAI - INFO - Telegram alert sent: [00:18:13] [RUNNING] Track 58 running (428.6 px/s)
2025-12-15 00:18:23,813 - SmartHomeAI - INFO - Telegram alert sent: [00:18:10] [VIOLENCE] Violence detected near track 58
2025-12-15 00:18:23,813 - SmartHomeAI - INFO - Telegram alert sent: [00:18:11] [VIOLENCE] Violence detected near track 59
2025-12-15 00:18:23,920 - SmartHomeAI - INFO - Telegram alert sent: [00:18:14] [RUNNING] Track 59 running (1525.6 px/s)
2025-12-15 00:18:23,931 - SmartHomeAI - INFO - Telegram alert sent: [00:18:12] [RUNNING] Track 63 running (646.9 px/s)
2025-12-15 00:18:24,037 - SmartHomeAI - INFO - [00:18:23] [RUNNING] Track 72 running (706.0 px/s)
2025-12-15 00:18:24,431 - SmartHomeAI - INFO - [00:18:24] [RUNNING] Track 76 running (239.6 px/s)
2025-12-15 00:18:24,578 - SmartHomeAI - WARNING - [00:18:24] [INTRUSION] Track 79 entered ROI
2025-12-15 00:18:24,578 - SmartHomeAI - WARNING - Sound file not found: data/assets/sounds\alarm.mp3
2025-12-15 00:18:24,635 - SmartHomeAI - WARNING - [00:18:24] [INTRUSION] Track 72 entered ROI
2025-12-15 00:18:24,636 - SmartHomeAI - WARNING - Sound file not found: data/assets/sounds\alarm.mp3
2025-12-15 00:18:25,160 - SmartHomeAI - WARNING - [00:18:25] [VIOLENCE] Violence detected near track 77
2025-12-15 00:18:25,160 - SmartHomeAI - WARNING - Sound file not found: data/assets/sounds\alarm.mp3
2025-12-15 00:18:25,408 - SmartHomeAI - WARNING - [00:18:25] [VIOLENCE] Violence detected near track 77
2025-12-15 00:18:25,409 - SmartHomeAI - WARNING - Sound file not found: data/assets/sounds\alarm.mp3
2025-12-15 00:18:25,413 - SmartHomeAI - WARNING - [00:18:25] [VIOLENCE] Violence detected near track 79
2025-12-15 00:18:25,413 - SmartHomeAI - WARNING - Sound file not found: data/assets/sounds\alarm.mp3
2025-12-15 00:18:25,445 - SmartHomeAI - WARNING - [00:18:25] [INTRUSION] Track 77 entered ROI
2025-12-15 00:18:25,446 - SmartHomeAI - WARNING - Sound file not found: data/assets/sounds\alarm.mp3
2025-12-15 00:18:26,426 - SmartHomeAI - WARNING - [00:18:26] [VIOLENCE] Violence detected near track 77
2025-12-15 00:18:26,426 - SmartHomeAI - WARNING - Sound file not found: data/assets/sounds\alarm.mp3
2025-12-15 00:18:26,736 - SmartHomeAI - WARNING - [00:18:26] [VIOLENCE] Violence detected near track 77
2025-12-15 00:18:26,737 - SmartHomeAI - WARNING - Sound file not found: data/assets/sounds\alarm.mp3
2025-12-15 00:18:27,008 - SmartHomeAI - WARNING - [00:18:26] [VIOLENCE] Violence detected near track 77
2025-12-15 00:18:27,009 - SmartHomeAI - WARNING - Sound file not found: data/assets/sounds\alarm.mp3
2025-12-15 00:18:27,284 - SmartHomeAI - WARNING - [00:18:27] [VIOLENCE] Violence detected near track 77
2025-12-15 00:18:27,284 - SmartHomeAI - WARNING - Sound file not found: data/assets/sounds\alarm.mp3
2025-12-15 00:18:28,125 - SmartHomeAI - WARNING - [00:18:27] [VIOLENCE] Violence detected near track 77
2025-12-15 00:18:28,125 - SmartHomeAI - WARNING - Sound file not found: data/assets/sounds\alarm.mp3
2025-12-15 00:18:28,139 - SmartHomeAI - WARNING - [00:18:27] [VIOLENCE] Violence detected near track 72
2025-12-15 00:18:28,139 - SmartHomeAI - WARNING - Sound file not found: data/assets/sounds\alarm.mp3
2025-12-15 00:18:29,076 - SmartHomeAI - INFO - [00:18:28] [LOITERING] Track 76 loitering (5.0s)
2025-12-15 00:18:29,303 - SmartHomeAI - WARNING - [00:18:29] [INTRUSION] Track 76 entered ROI
2025-12-15 00:18:29,303 - SmartHomeAI - WARNING - Sound file not found: data/assets/sounds\alarm.mp3
2025-12-15 00:18:29,453 - SmartHomeAI - INFO - Telegram alert sent: [00:18:22] [INTRUSION] Track 72 entered ROI
2025-12-15 00:18:29,642 - SmartHomeAI - INFO - [00:18:29] [LOITERING] Track 72 loitering (5.0s)
2025-12-15 00:18:29,680 - SmartHomeAI - WARNING - [00:18:29] [INTRUSION] Track 72 entered ROI
2025-12-15 00:18:29,681 - SmartHomeAI - WARNING - Sound file not found: data/assets/sounds\alarm.mp3
2025-12-15 00:18:30,322 - SmartHomeAI - INFO - Telegram alert sent: [00:18:22] [VIOLENCE] Violence detected near track 72
2025-12-15 00:18:30,410 - SmartHomeAI - INFO - Telegram alert sent: [00:18:25] [INTRUSION] Track 77 entered ROI
2025-12-15 00:18:30,481 - SmartHomeAI - INFO - Telegram alert sent: [00:18:22] [RUNNING] Track 72 running (470.9 px/s)
2025-12-15 00:18:30,547 - SmartHomeAI - INFO - [00:18:30] [LOITERING] Track 77 loitering (5.0s)
2025-12-15 00:18:30,550 - SmartHomeAI - INFO - Telegram alert sent: [00:18:22] [FALL] Fall detected for track 72
2025-12-15 00:18:30,605 - SmartHomeAI - WARNING - [00:18:30] [INTRUSION] Track 77 entered ROI
2025-12-15 00:18:30,605 - SmartHomeAI - WARNING - Sound file not found: data/assets/sounds\alarm.mp3
2025-12-15 00:18:30,625 - SmartHomeAI - INFO - Telegram alert sent: [00:18:24] [RUNNING] Track 76 running (239.6 px/s)
2025-12-15 00:18:30,662 - SmartHomeAI - WARNING - [00:18:30] [INTRUSION] Track 91 entered ROI
2025-12-15 00:18:30,663 - SmartHomeAI - WARNING - Sound file not found: data/assets/sounds\alarm.mp3
2025-12-15 00:18:30,710 - SmartHomeAI - INFO - Telegram alert sent: [00:18:25] [VIOLENCE] Violence detected near track 79
2025-12-15 00:18:30,723 - SmartHomeAI - INFO - [00:18:30] [RUNNING] Track 77 running (1987.1 px/s)
2025-12-15 00:18:30,792 - SmartHomeAI - INFO - Telegram alert sent: [00:18:23] [RUNNING] Track 72 running (706.0 px/s)
2025-12-15 00:18:30,834 - SmartHomeAI - INFO - Telegram alert sent: [00:18:22] [VIOLENCE] Violence detected near track 72
2025-12-15 00:18:30,863 - SmartHomeAI - INFO - [00:18:30] [RUNNING] Track 77 running (245.7 px/s)
2025-12-15 00:18:30,870 - SmartHomeAI - INFO - Telegram alert sent: [00:18:25] [VIOLENCE] Violence detected near track 77
2025-12-15 00:18:30,957 - SmartHomeAI - INFO - Telegram alert sent: [00:18:24] [INTRUSION] Track 79 entered ROI
2025-12-15 00:18:30,957 - SmartHomeAI - INFO - [00:18:30] [RUNNING] Track 77 running (223.1 px/s)
2025-12-15 00:18:31,045 - SmartHomeAI - INFO - Telegram alert sent: [00:18:23] [INTRUSION] Track 76 entered ROI
2025-12-15 00:18:31,101 - SmartHomeAI - INFO - Telegram alert sent: [00:18:25] [VIOLENCE] Violence detected near track 77
2025-12-15 00:18:31,137 - SmartHomeAI - INFO - [00:18:31] [RUNNING] Track 77 running (249.5 px/s)
2025-12-15 00:18:31,142 - SmartHomeAI - WARNING - [00:18:31] [VIOLENCE] Violence detected near track 91
2025-12-15 00:18:31,142 - SmartHomeAI - WARNING - Sound file not found: data/assets/sounds\alarm.mp3
2025-12-15 00:18:31,192 - SmartHomeAI - INFO - Telegram alert sent: [00:18:24] [INTRUSION] Track 72 entered ROI
2025-12-15 00:18:31,212 - SmartHomeAI - INFO - [00:18:31] [RUNNING] Track 77 running (240.3 px/s)
2025-12-15 00:18:31,260 - SmartHomeAI - INFO - Telegram alert sent: [00:18:26] [VIOLENCE] Violence detected near track 77
2025-12-15 00:18:31,285 - SmartHomeAI - INFO - Telegram alert sent: [00:18:22] [VIOLENCE] Violence detected near track 72
2025-12-15 00:18:31,286 - SmartHomeAI - INFO - [00:18:31] [RUNNING] Track 77 running (244.1 px/s)
2025-12-15 00:18:31,318 - SmartHomeAI - INFO - Telegram alert sent: [00:18:26] [VIOLENCE] Violence detected near track 77
2025-12-15 00:18:31,498 - SmartHomeAI - INFO - [00:18:31] [RUNNING] Track 77 running (248.5 px/s)
2025-12-15 00:18:31,785 - SmartHomeAI - INFO - [00:18:31] [RUNNING] Track 77 running (233.8 px/s)
2025-12-15 00:18:31,935 - SmartHomeAI - INFO - Telegram alert sent: [00:18:26] [VIOLENCE] Violence detected near track 77
2025-12-15 00:18:32,494 - SmartHomeAI - WARNING - [00:18:32] [INTRUSION] Track 77 entered ROI
2025-12-15 00:18:32,496 - SmartHomeAI - WARNING - Sound file not found: data/assets/sounds\alarm.mp3
2025-12-15 00:18:32,509 - SmartHomeAI - INFO - [00:18:32] [RUNNING] Track 77 running (951.7 px/s)
2025-12-15 00:18:32,548 - SmartHomeAI - WARNING - [00:18:32] [VIOLENCE] Violence detected near track 91
2025-12-15 00:18:32,555 - SmartHomeAI - WARNING - Sound file not found: data/assets/sounds\alarm.mp3
2025-12-15 00:18:32,578 - SmartHomeAI - WARNING - [00:18:32] [VIOLENCE] Violence detected near track 77
2025-12-15 00:18:32,579 - SmartHomeAI - WARNING - Sound file not found: data/assets/sounds\alarm.mp3
2025-12-15 00:18:33,051 - SmartHomeAI - INFO - Telegram alert sent: [00:18:27] [VIOLENCE] Violence detected near track 77
2025-12-15 00:18:33,605 - SmartHomeAI - INFO - [00:18:33] [RUNNING] Track 77 running (237.7 px/s)
2025-12-15 00:18:33,710 - SmartHomeAI - INFO - [00:18:33] [RUNNING] Track 77 running (265.3 px/s)
2025-12-15 00:18:33,760 - SmartHomeAI - INFO - [00:18:33] [RUNNING] Track 77 running (228.8 px/s)
2025-12-15 00:18:33,809 - SmartHomeAI - INFO - [00:18:33] [RUNNING] Track 77 running (204.5 px/s)
2025-12-15 00:18:36,527 - SmartHomeAI - INFO - Telegram alert sent: [00:18:27] [VIOLENCE] Violence detected near track 77
2025-12-15 00:18:36,729 - SmartHomeAI - INFO - Telegram alert sent: [00:18:27] [VIOLENCE] Violence detected near track 72
2025-12-15 00:18:36,806 - SmartHomeAI - INFO - Telegram alert sent: [00:18:29] [INTRUSION] Track 76 entered ROI
2025-12-15 00:18:36,925 - SmartHomeAI - INFO - Telegram alert sent: [00:18:29] [LOITERING] Track 72 loitering (5.0s)
2025-12-15 00:18:36,984 - SmartHomeAI - INFO - Telegram alert sent: [00:18:28] [LOITERING] Track 76 loitering (5.0s)
2025-12-15 00:18:37,093 - SmartHomeAI - INFO - Telegram alert sent: [00:18:29] [INTRUSION] Track 72 entered ROI
2025-12-15 00:18:37,160 - SmartHomeAI - INFO - Telegram alert sent: [00:18:30] [LOITERING] Track 77 loitering (5.0s)
2025-12-15 00:18:37,245 - SmartHomeAI - INFO - Telegram alert sent: [00:18:30] [INTRUSION] Track 77 entered ROI
2025-12-15 00:18:37,485 - SmartHomeAI - INFO - Telegram alert sent: [00:18:30] [INTRUSION] Track 91 entered ROI
2025-12-15 00:18:39,363 - SmartHomeAI - INFO - Telegram alert sent: [00:18:30] [RUNNING] Track 77 running (1987.1 px/s)
2025-12-15 00:18:39,398 - SmartHomeAI - INFO - Telegram alert sent: [00:18:30] [RUNNING] Track 77 running (245.7 px/s)
2025-12-15 00:18:39,433 - SmartHomeAI - INFO - Telegram alert sent: [00:18:31] [RUNNING] Track 77 running (240.3 px/s)
2025-12-15 00:18:39,472 - SmartHomeAI - INFO - Telegram alert sent: [00:18:30] [RUNNING] Track 77 running (223.1 px/s)
2025-12-15 00:18:42,701 - SmartHomeAI - INFO - Telegram alert sent: [00:18:31] [RUNNING] Track 77 running (244.1 px/s)
2025-12-15 00:18:42,713 - SmartHomeAI - INFO - Telegram alert sent: [00:18:31] [RUNNING] Track 77 running (249.5 px/s)
2025-12-15 00:18:42,748 - SmartHomeAI - INFO - Telegram alert sent: [00:18:31] [RUNNING] Track 77 running (248.5 px/s)
2025-12-15 00:18:42,782 - SmartHomeAI - INFO - Telegram alert sent: [00:18:31] [RUNNING] Track 77 running (233.8 px/s)
2025-12-15 00:18:42,867 - SmartHomeAI - INFO - Telegram alert sent: [00:18:31] [VIOLENCE] Violence detected near track 91
2025-12-15 00:18:42,932 - SmartHomeAI - INFO - Telegram alert sent: [00:18:33] [RUNNING] Track 77 running (265.3 px/s)
2025-12-15 00:18:43,039 - SmartHomeAI - INFO - Telegram alert sent: [00:18:32] [VIOLENCE] Violence detected near track 91
2025-12-15 00:18:43,080 - SmartHomeAI - INFO - Telegram alert sent: [00:18:33] [RUNNING] Track 77 running (237.7 px/s)
2025-12-15 00:18:43,111 - SmartHomeAI - INFO - Telegram alert sent: [00:18:32] [VIOLENCE] Violence detected near track 77
2025-12-15 00:18:43,144 - SmartHomeAI - INFO - Telegram alert sent: [00:18:32] [INTRUSION] Track 77 entered ROI
2025-12-15 00:18:43,180 - SmartHomeAI - INFO - Telegram alert sent: [00:18:32] [RUNNING] Track 77 running (951.7 px/s)
2025-12-15 00:18:43,216 - SmartHomeAI - INFO - Telegram alert sent: [00:18:33] [RUNNING] Track 77 running (204.5 px/s)
2025-12-15 00:18:43,250 - SmartHomeAI - INFO - Telegram alert sent: [00:18:33] [RUNNING] Track 77 running (228.8 px/s)
2025-12-15 00:18:47,770 - SmartHomeAI - WARNING - [00:18:47] [INTRUSION] Track 105 entered ROI
2025-12-15 00:18:47,770 - SmartHomeAI - WARNING - Sound file not found: data/assets/sounds\alarm.mp3
2025-12-15 00:18:48,516 - SmartHomeAI - WARNING - [00:18:48] [VIOLENCE] Violence detected near track 105
2025-12-15 00:18:48,516 - SmartHomeAI - WARNING - Sound file not found: data/assets/sounds\alarm.mp3
2025-12-15 00:18:50,755 - SmartHomeAI - INFO - Telegram alert sent: [00:18:47] [INTRUSION] Track 105 entered ROI
2025-12-15 00:18:51,658 - SmartHomeAI - INFO - Telegram alert sent: [00:18:48] [VIOLENCE] Violence detected near track 105
2025-12-15 00:18:52,747 - SmartHomeAI - WARNING - [00:18:52] [INTRUSION] Track 107 entered ROI
2025-12-15 00:18:52,747 - SmartHomeAI - WARNING - Sound file not found: data/assets/sounds\alarm.mp3
2025-12-15 00:18:54,160 - SmartHomeAI - WARNING - [00:18:54] [INTRUSION] Track 113 entered ROI
2025-12-15 00:18:54,161 - SmartHomeAI - WARNING - Sound file not found: data/assets/sounds\alarm.mp3
2025-12-15 00:18:54,581 - SmartHomeAI - INFO - [00:18:54] [RUNNING] Track 113 running (349.2 px/s)
2025-12-15 00:18:55,168 - SmartHomeAI - INFO - [00:18:55] [RUNNING] Track 113 running (1078.4 px/s)
2025-12-15 00:18:55,562 - SmartHomeAI - WARNING - [00:18:55] [VIOLENCE] Violence detected near track 113
2025-12-15 00:18:55,562 - SmartHomeAI - WARNING - Sound file not found: data/assets/sounds\alarm.mp3
2025-12-15 00:18:55,737 - SmartHomeAI - INFO - [00:18:55] [RUNNING] Track 113 running (1089.4 px/s)
2025-12-15 00:18:55,972 - SmartHomeAI - INFO - Telegram alert sent: [00:18:52] [INTRUSION] Track 107 entered ROI
2025-12-15 00:18:57,566 - SmartHomeAI - INFO - Telegram alert sent: [00:18:54] [INTRUSION] Track 113 entered ROI
2025-12-15 00:18:57,858 - SmartHomeAI - INFO - Telegram alert sent: [00:18:54] [RUNNING] Track 113 running (349.2 px/s)
2025-12-15 00:18:58,184 - SmartHomeAI - WARNING - [00:18:58] [INTRUSION] Track 122 entered ROI
2025-12-15 00:18:58,184 - SmartHomeAI - WARNING - Sound file not found: data/assets/sounds\alarm.mp3
2025-12-15 00:18:58,394 - SmartHomeAI - INFO - [00:18:58] [RUNNING] Track 122 running (642.5 px/s)
2025-12-15 00:18:58,496 - SmartHomeAI - INFO - Telegram alert sent: [00:18:55] [RUNNING] Track 113 running (1078.4 px/s)
2025-12-15 00:18:59,122 - SmartHomeAI - INFO - Telegram alert sent: [00:18:55] [RUNNING] Track 113 running (1089.4 px/s)
2025-12-15 00:18:59,553 - SmartHomeAI - INFO - Telegram alert sent: [00:18:55] [VIOLENCE] Violence detected near track 113
2025-12-15 00:19:01,501 - SmartHomeAI - INFO - Telegram alert sent: [00:18:58] [INTRUSION] Track 122 entered ROI
2025-12-15 00:19:01,883 - SmartHomeAI - INFO - Telegram alert sent: [00:18:58] [RUNNING] Track 122 running (642.5 px/s)
2025-12-15 00:19:08,261 - SmartHomeAI - INFO - Cleaning up...
2025-12-15 00:19:08,261 - SmartHomeAI - INFO - Approx. FPS: 32.53
2025-12-15 00:19:08,265 - SmartHomeAI - INFO - Video stream thread stopping.
2025-12-15 00:19:08,266 - SmartHomeAI - INFO - Video stream stopped.
2025-12-15 00:32:54,041 - SmartHomeAI - INFO - Initializing components...
2025-12-15 00:32:54,042 - SmartHomeAI - INFO - Opening camera source: E:\KLTN\Video\crowd_plaza1.avi
2025-12-15 00:32:54,056 - SmartHomeAI - INFO - Camera opened successfully: E:\KLTN\Video\crowd_plaza1.avi
2025-12-15 00:32:54,056 - SmartHomeAI - INFO - Source FPS: 30.0. Target delay: 0.0333s
2025-12-15 00:32:54,056 - SmartHomeAI - INFO - Starting video stream thread.
2025-12-15 00:32:57,323 - SmartHomeAI - INFO - Initializing Detector on device: cuda
2025-12-15 00:32:57,365 - SmartHomeAI - INFO - Initializing DeepSort with max_age=30, n_init=3, embedder=mobilenet
2025-12-15 00:32:59,503 - SmartHomeAI - INFO - Initializing ViolenceDetector on cuda with model: E:\KLTN\AI-Smart-Home-Security\models/violence/Violence_Yolov8.pt
2025-12-15 00:32:59,547 - SmartHomeAI - INFO - Initializing FallDetector on cuda with model: E:\KLTN\AI-Smart-Home-Security\models/fall/Fall_Yolov11.pt
2025-12-15 00:32:59,803 - SmartHomeAI - INFO - Pygame mixer initialized.
2025-12-15 00:32:59,803 - SmartHomeAI - INFO - System Ready. Press 'q' to quit.
2025-12-15 00:33:02,008 - SmartHomeAI - WARNING - [00:33:01] [INTRUSION] Track 8 entered ROI
2025-12-15 00:33:02,008 - SmartHomeAI - WARNING - Sound file not found: data/assets/sounds\alarm.mp3
2025-12-15 00:33:02,042 - SmartHomeAI - WARNING - [00:33:02] [INTRUSION] Track 9 entered ROI
2025-12-15 00:33:02,042 - SmartHomeAI - WARNING - Sound file not found: data/assets/sounds\alarm.mp3
2025-12-15 00:33:02,045 - SmartHomeAI - INFO - [00:33:02] [RUNNING] Track 7 running (280.7 px/s)
2025-12-15 00:33:02,112 - SmartHomeAI - INFO - [00:33:02] [RUNNING] Track 7 running (201.5 px/s)
2025-12-15 00:33:02,144 - SmartHomeAI - WARNING - [00:33:02] [INTRUSION] Track 7 entered ROI
2025-12-15 00:33:02,144 - SmartHomeAI - WARNING - Sound file not found: data/assets/sounds\alarm.mp3
2025-12-15 00:33:02,157 - SmartHomeAI - INFO - [00:33:02] [RUNNING] Track 8 running (341.4 px/s)
2025-12-15 00:33:02,189 - SmartHomeAI - INFO - [00:33:02] [RUNNING] Track 7 running (206.0 px/s)
2025-12-15 00:33:02,191 - SmartHomeAI - INFO - [00:33:02] [RUNNING] Track 8 running (226.0 px/s)
2025-12-15 00:33:02,233 - SmartHomeAI - INFO - [00:33:02] [RUNNING] Track 7 running (317.0 px/s)
2025-12-15 00:33:02,237 - SmartHomeAI - INFO - [00:33:02] [RUNNING] Track 8 running (300.4 px/s)
2025-12-15 00:33:02,272 - SmartHomeAI - INFO - [00:33:02] [RUNNING] Track 8 running (204.1 px/s)
2025-12-15 00:33:02,373 - SmartHomeAI - INFO - [00:33:02] [RUNNING] Track 7 running (305.5 px/s)
2025-12-15 00:33:02,376 - SmartHomeAI - INFO - [00:33:02] [RUNNING] Track 8 running (312.9 px/s)
2025-12-15 00:33:02,379 - SmartHomeAI - WARNING - [00:33:02] [VIOLENCE] Violence detected near track 8
2025-12-15 00:33:02,379 - SmartHomeAI - WARNING - Sound file not found: data/assets/sounds\alarm.mp3
2025-12-15 00:33:02,382 - SmartHomeAI - WARNING - [00:33:02] [VIOLENCE] Violence detected near track 7
2025-12-15 00:33:02,382 - SmartHomeAI - WARNING - Sound file not found: data/assets/sounds\alarm.mp3
2025-12-15 00:33:02,522 - SmartHomeAI - INFO - [00:33:02] [RUNNING] Track 7 running (203.5 px/s)
2025-12-15 00:33:02,538 - SmartHomeAI - INFO - [00:33:02] [RUNNING] Track 8 running (212.0 px/s)
2025-12-15 00:33:03,336 - SmartHomeAI - INFO - [00:33:03] [RUNNING] Track 7 running (504.5 px/s)
2025-12-15 00:33:03,339 - SmartHomeAI - INFO - [00:33:03] [RUNNING] Track 8 running (540.4 px/s)
2025-12-15 00:33:03,385 - SmartHomeAI - INFO - [00:33:03] [RUNNING] Track 7 running (416.5 px/s)
2025-12-15 00:33:03,389 - SmartHomeAI - INFO - [00:33:03] [RUNNING] Track 8 running (415.9 px/s)
2025-12-15 00:33:03,459 - SmartHomeAI - INFO - [00:33:03] [RUNNING] Track 7 running (289.4 px/s)
2025-12-15 00:33:03,462 - SmartHomeAI - INFO - [00:33:03] [RUNNING] Track 8 running (335.9 px/s)
2025-12-15 00:33:03,504 - SmartHomeAI - INFO - [00:33:03] [RUNNING] Track 7 running (429.5 px/s)
2025-12-15 00:33:03,507 - SmartHomeAI - INFO - [00:33:03] [RUNNING] Track 8 running (474.4 px/s)
2025-12-15 00:33:03,526 - SmartHomeAI - INFO - [00:33:03] [RUNNING] Track 7 running (330.4 px/s)
2025-12-15 00:33:03,528 - SmartHomeAI - INFO - [00:33:03] [RUNNING] Track 8 running (365.0 px/s)
2025-12-15 00:33:03,546 - SmartHomeAI - INFO - [00:33:03] [RUNNING] Track 7 running (403.3 px/s)
2025-12-15 00:33:03,549 - SmartHomeAI - INFO - [00:33:03] [RUNNING] Track 8 running (433.2 px/s)
2025-12-15 00:33:03,610 - SmartHomeAI - INFO - [00:33:03] [RUNNING] Track 7 running (433.5 px/s)
2025-12-15 00:33:03,613 - SmartHomeAI - INFO - [00:33:03] [RUNNING] Track 8 running (473.4 px/s)
2025-12-15 00:33:03,657 - SmartHomeAI - INFO - [00:33:03] [RUNNING] Track 7 running (413.2 px/s)
2025-12-15 00:33:03,659 - SmartHomeAI - INFO - [00:33:03] [RUNNING] Track 8 running (479.5 px/s)
2025-12-15 00:33:03,679 - SmartHomeAI - INFO - [00:33:03] [RUNNING] Track 7 running (330.5 px/s)
2025-12-15 00:33:03,681 - SmartHomeAI - INFO - [00:33:03] [RUNNING] Track 8 running (347.4 px/s)
2025-12-15 00:33:03,704 - SmartHomeAI - INFO - [00:33:03] [RUNNING] Track 7 running (398.8 px/s)
2025-12-15 00:33:03,706 - SmartHomeAI - INFO - [00:33:03] [RUNNING] Track 8 running (395.7 px/s)
2025-12-15 00:33:03,767 - SmartHomeAI - INFO - [00:33:03] [RUNNING] Track 7 running (326.5 px/s)
2025-12-15 00:33:03,772 - SmartHomeAI - INFO - [00:33:03] [RUNNING] Track 8 running (360.6 px/s)
2025-12-15 00:33:03,863 - SmartHomeAI - INFO - [00:33:03] [RUNNING] Track 7 running (212.1 px/s)
2025-12-15 00:33:04,087 - SmartHomeAI - INFO - [00:33:03] [RUNNING] Track 8 running (239.4 px/s)
2025-12-15 00:33:04,907 - SmartHomeAI - INFO - [00:33:04] [RUNNING] Track 7 running (203.2 px/s)
2025-12-15 00:33:05,008 - SmartHomeAI - INFO - [00:33:04] [RUNNING] Track 8 running (212.1 px/s)
2025-12-15 00:33:09,670 - SmartHomeAI - WARNING - [00:33:09] [INTRUSION] Track 23 entered ROI
2025-12-15 00:33:09,670 - SmartHomeAI - WARNING - Sound file not found: data/assets/sounds\alarm.mp3
2025-12-15 00:33:10,367 - SmartHomeAI - INFO - [00:33:10] [RUNNING] Track 23 running (1066.3 px/s)
2025-12-15 00:33:10,714 - SmartHomeAI - INFO - Telegram alert sent: [00:33:01] [INTRUSION] Track 8 entered ROI
2025-12-15 00:33:10,725 - SmartHomeAI - INFO - [00:33:10] [RUNNING] Track 23 running (206.3 px/s)
2025-12-15 00:33:10,961 - SmartHomeAI - INFO - Telegram alert sent: [00:33:02] [INTRUSION] Track 9 entered ROI
2025-12-15 00:33:11,066 - SmartHomeAI - INFO - Telegram alert sent: [00:33:02] [RUNNING] Track 7 running (201.5 px/s)
2025-12-15 00:33:11,099 - SmartHomeAI - INFO - Telegram alert sent: [00:33:02] [RUNNING] Track 7 running (206.0 px/s)
2025-12-15 00:33:11,148 - SmartHomeAI - INFO - Telegram alert sent: [00:33:02] [RUNNING] Track 7 running (280.7 px/s)
2025-12-15 00:33:11,212 - SmartHomeAI - INFO - Telegram alert sent: [00:33:02] [INTRUSION] Track 7 entered ROI
2025-12-15 00:33:11,264 - SmartHomeAI - INFO - Telegram alert sent: [00:33:02] [RUNNING] Track 7 running (317.0 px/s)
2025-12-15 00:33:11,293 - SmartHomeAI - INFO - Telegram alert sent: [00:33:02] [RUNNING] Track 8 running (300.4 px/s)
2025-12-15 00:33:11,355 - SmartHomeAI - INFO - Telegram alert sent: [00:33:02] [VIOLENCE] Violence detected near track 8
2025-12-15 00:33:11,386 - SmartHomeAI - INFO - Telegram alert sent: [00:33:02] [RUNNING] Track 8 running (341.4 px/s)
2025-12-15 00:33:11,417 - SmartHomeAI - INFO - Telegram alert sent: [00:33:02] [RUNNING] Track 7 running (203.5 px/s)
2025-12-15 00:33:11,459 - SmartHomeAI - INFO - Telegram alert sent: [00:33:02] [RUNNING] Track 8 running (312.9 px/s)
2025-12-15 00:33:11,504 - SmartHomeAI - INFO - Telegram alert sent: [00:33:02] [RUNNING] Track 8 running (212.0 px/s)
2025-12-15 00:33:11,545 - SmartHomeAI - INFO - Telegram alert sent: [00:33:02] [RUNNING] Track 8 running (226.0 px/s)
2025-12-15 00:33:11,600 - SmartHomeAI - INFO - Telegram alert sent: [00:33:03] [RUNNING] Track 8 running (540.4 px/s)
2025-12-15 00:33:11,633 - SmartHomeAI - INFO - Telegram alert sent: [00:33:02] [VIOLENCE] Violence detected near track 7
2025-12-15 00:33:14,519 - SmartHomeAI - WARNING - Failed to grab frame. Retrying...
2025-12-15 00:33:14,856 - SmartHomeAI - INFO - Telegram alert sent: [00:33:03] [RUNNING] Track 7 running (504.5 px/s)
2025-12-15 00:33:14,888 - SmartHomeAI - INFO - Telegram alert sent: [00:33:03] [RUNNING] Track 8 running (415.9 px/s)
2025-12-15 00:33:14,920 - SmartHomeAI - INFO - Telegram alert sent: [00:33:03] [RUNNING] Track 7 running (416.5 px/s)
2025-12-15 00:33:14,973 - SmartHomeAI - INFO - Telegram alert sent: [00:33:02] [RUNNING] Track 7 running (305.5 px/s)
2025-12-15 00:33:15,011 - SmartHomeAI - INFO - Telegram alert sent: [00:33:03] [RUNNING] Track 8 running (335.9 px/s)
2025-12-15 00:33:15,056 - SmartHomeAI - INFO - Telegram alert sent: [00:33:02] [RUNNING] Track 8 running (204.1 px/s)
2025-12-15 00:33:15,092 - SmartHomeAI - INFO - Telegram alert sent: [00:33:03] [RUNNING] Track 7 running (403.3 px/s)
2025-12-15 00:33:15,136 - SmartHomeAI - INFO - Telegram alert sent: [00:33:03] [RUNNING] Track 8 running (479.5 px/s)
2025-12-15 00:33:15,163 - SmartHomeAI - INFO - Telegram alert sent: [00:33:03] [RUNNING] Track 8 running (474.4 px/s)
2025-12-15 00:33:15,197 - SmartHomeAI - INFO - Telegram alert sent: [00:33:03] [RUNNING] Track 8 running (473.4 px/s)
2025-12-15 00:33:15,225 - SmartHomeAI - INFO - Telegram alert sent: [00:33:03] [RUNNING] Track 7 running (413.2 px/s)
2025-12-15 00:33:15,275 - SmartHomeAI - INFO - Telegram alert sent: [00:33:03] [RUNNING] Track 7 running (429.5 px/s)
2025-12-15 00:33:15,300 - SmartHomeAI - INFO - Telegram alert sent: [00:33:03] [RUNNING] Track 7 running (289.4 px/s)
2025-12-15 00:33:15,362 - SmartHomeAI - INFO - Telegram alert sent: [00:33:03] [RUNNING] Track 7 running (330.4 px/s)
2025-12-15 00:33:15,397 - SmartHomeAI - INFO - Telegram alert sent: [00:33:03] [RUNNING] Track 8 running (433.2 px/s)
2025-12-15 00:33:15,427 - SmartHomeAI - INFO - Telegram alert sent: [00:33:03] [RUNNING] Track 8 running (365.0 px/s)
2025-12-15 00:33:15,468 - SmartHomeAI - INFO - Telegram alert sent: [00:33:03] [RUNNING] Track 7 running (212.1 px/s)
2025-12-15 00:33:15,505 - SmartHomeAI - INFO - Telegram alert sent: [00:33:03] [RUNNING] Track 8 running (347.4 px/s)
2025-12-15 00:33:15,550 - SmartHomeAI - INFO - Telegram alert sent: [00:33:03] [RUNNING] Track 8 running (360.6 px/s)
2025-12-15 00:33:15,594 - SmartHomeAI - INFO - Telegram alert sent: [00:33:03] [RUNNING] Track 7 running (433.5 px/s)
2025-12-15 00:33:15,618 - SmartHomeAI - INFO - Telegram alert sent: [00:33:03] [RUNNING] Track 7 running (398.8 px/s)
2025-12-15 00:33:15,653 - SmartHomeAI - INFO - Telegram alert sent: [00:33:03] [RUNNING] Track 8 running (239.4 px/s)
2025-12-15 00:33:15,686 - SmartHomeAI - INFO - Telegram alert sent: [00:33:03] [RUNNING] Track 8 running (395.7 px/s)
2025-12-15 00:33:15,723 - SmartHomeAI - INFO - Telegram alert sent: [00:33:03] [RUNNING] Track 7 running (326.5 px/s)
2025-12-15 00:33:15,764 - SmartHomeAI - INFO - Telegram alert sent: [00:33:03] [RUNNING] Track 7 running (330.5 px/s)
2025-12-15 00:33:15,855 - SmartHomeAI - INFO - Telegram alert sent: [00:33:04] [RUNNING] Track 8 running (212.1 px/s)
2025-12-15 00:33:15,908 - SmartHomeAI - INFO - Telegram alert sent: [00:33:04] [RUNNING] Track 7 running (203.2 px/s)
2025-12-15 00:33:15,978 - SmartHomeAI - INFO - Telegram alert sent: [00:33:09] [INTRUSION] Track 23 entered ROI
2025-12-15 00:33:19,526 - SmartHomeAI - INFO - Opening camera source: E:\KLTN\Video\crowd_plaza1.avi
2025-12-15 00:33:19,537 - SmartHomeAI - INFO - Camera opened successfully: E:\KLTN\Video\crowd_plaza1.avi
2025-12-15 00:33:19,537 - SmartHomeAI - INFO - Source FPS: 30.0. Target delay: 0.0333s
2025-12-15 00:33:22,523 - SmartHomeAI - WARNING - [00:33:22] [INTRUSION] Track 37 entered ROI
2025-12-15 00:33:22,523 - SmartHomeAI - WARNING - Sound file not found: data/assets/sounds\alarm.mp3
2025-12-15 00:33:22,606 - SmartHomeAI - INFO - [00:33:22] [RUNNING] Track 37 running (977.2 px/s)
2025-12-15 00:33:22,702 - SmartHomeAI - INFO - [00:33:22] [RUNNING] Track 37 running (351.0 px/s)
2025-12-15 00:33:22,812 - SmartHomeAI - WARNING - [00:33:22] [INTRUSION] Track 50 entered ROI
2025-12-15 00:33:22,812 - SmartHomeAI - WARNING - Sound file not found: data/assets/sounds\alarm.mp3
2025-12-15 00:33:22,815 - SmartHomeAI - INFO - [00:33:22] [RUNNING] Track 37 running (502.9 px/s)
2025-12-15 00:33:22,910 - SmartHomeAI - INFO - [00:33:22] [RUNNING] Track 37 running (305.6 px/s)
2025-12-15 00:33:22,929 - SmartHomeAI - INFO - Telegram alert sent: [00:33:10] [RUNNING] Track 23 running (1066.3 px/s)
2025-12-15 00:33:22,956 - SmartHomeAI - INFO - [00:33:22] [RUNNING] Track 50 running (274.5 px/s)
2025-12-15 00:33:22,997 - SmartHomeAI - INFO - [00:33:22] [RUNNING] Track 37 running (269.1 px/s)
2025-12-15 00:33:22,999 - SmartHomeAI - INFO - [00:33:22] [RUNNING] Track 50 running (260.6 px/s)
2025-12-15 00:33:23,047 - SmartHomeAI - INFO - [00:33:23] [RUNNING] Track 37 running (1938.9 px/s)
2025-12-15 00:33:23,050 - SmartHomeAI - INFO - [00:33:23] [RUNNING] Track 50 running (303.1 px/s)
2025-12-15 00:33:23,085 - SmartHomeAI - INFO - [00:33:23] [RUNNING] Track 37 running (378.3 px/s)
2025-12-15 00:33:23,089 - SmartHomeAI - INFO - [00:33:23] [RUNNING] Track 50 running (929.4 px/s)
2025-12-15 00:33:23,140 - SmartHomeAI - INFO - Telegram alert sent: [00:33:10] [RUNNING] Track 23 running (206.3 px/s)
2025-12-15 00:33:23,146 - SmartHomeAI - INFO - [00:33:23] [RUNNING] Track 37 running (243.6 px/s)
2025-12-15 00:33:23,149 - SmartHomeAI - INFO - [00:33:23] [RUNNING] Track 50 running (298.5 px/s)
2025-12-15 00:33:23,192 - SmartHomeAI - INFO - [00:33:23] [RUNNING] Track 37 running (425.4 px/s)
2025-12-15 00:33:23,195 - SmartHomeAI - INFO - [00:33:23] [RUNNING] Track 50 running (494.5 px/s)
2025-12-15 00:33:23,216 - SmartHomeAI - INFO - [00:33:23] [RUNNING] Track 37 running (417.5 px/s)
2025-12-15 00:33:23,219 - SmartHomeAI - INFO - [00:33:23] [RUNNING] Track 50 running (461.6 px/s)
2025-12-15 00:33:23,240 - SmartHomeAI - INFO - [00:33:23] [RUNNING] Track 37 running (380.9 px/s)
2025-12-15 00:33:23,242 - SmartHomeAI - INFO - [00:33:23] [RUNNING] Track 50 running (426.2 px/s)
2025-12-15 00:33:23,303 - SmartHomeAI - INFO - [00:33:23] [RUNNING] Track 37 running (381.0 px/s)
2025-12-15 00:33:23,306 - SmartHomeAI - INFO - [00:33:23] [RUNNING] Track 50 running (446.3 px/s)
2025-12-15 00:33:23,345 - SmartHomeAI - INFO - [00:33:23] [RUNNING] Track 37 running (507.4 px/s)
2025-12-15 00:33:23,347 - SmartHomeAI - INFO - [00:33:23] [RUNNING] Track 50 running (567.7 px/s)
2025-12-15 00:33:23,370 - SmartHomeAI - INFO - [00:33:23] [RUNNING] Track 37 running (443.9 px/s)
2025-12-15 00:33:23,373 - SmartHomeAI - INFO - [00:33:23] [RUNNING] Track 50 running (516.1 px/s)
2025-12-15 00:33:23,536 - SmartHomeAI - INFO - [00:33:23] [RUNNING] Track 37 running (1436.8 px/s)
2025-12-15 00:33:23,580 - SmartHomeAI - INFO - [00:33:23] [RUNNING] Track 50 running (415.5 px/s)
2025-12-15 00:33:23,877 - SmartHomeAI - INFO - [00:33:23] [RUNNING] Track 37 running (263.2 px/s)
2025-12-15 00:33:23,901 - SmartHomeAI - INFO - [00:33:23] [RUNNING] Track 50 running (441.4 px/s)
2025-12-15 00:33:24,716 - SmartHomeAI - INFO - [00:33:24] [RUNNING] Track 37 running (265.1 px/s)
2025-12-15 00:33:24,753 - SmartHomeAI - INFO - [00:33:24] [RUNNING] Track 50 running (355.7 px/s)
2025-12-15 00:33:25,094 - SmartHomeAI - WARNING - [00:33:25] [INTRUSION] Track 50 entered ROI
2025-12-15 00:33:25,094 - SmartHomeAI - WARNING - Sound file not found: data/assets/sounds\alarm.mp3
2025-12-15 00:33:25,097 - SmartHomeAI - INFO - [00:33:25] [RUNNING] Track 50 running (416.0 px/s)
2025-12-15 00:33:25,188 - SmartHomeAI - INFO - [00:33:25] [RUNNING] Track 37 running (372.5 px/s)
2025-12-15 00:33:25,191 - SmartHomeAI - INFO - [00:33:25] [RUNNING] Track 50 running (366.3 px/s)
2025-12-15 00:33:25,214 - SmartHomeAI - INFO - [00:33:25] [RUNNING] Track 37 running (273.3 px/s)
2025-12-15 00:33:25,217 - SmartHomeAI - INFO - [00:33:25] [RUNNING] Track 50 running (263.2 px/s)
2025-12-15 00:33:25,300 - SmartHomeAI - INFO - [00:33:25] [RUNNING] Track 37 running (258.4 px/s)
2025-12-15 00:33:25,303 - SmartHomeAI - INFO - [00:33:25] [RUNNING] Track 50 running (246.6 px/s)
2025-12-15 00:33:25,355 - SmartHomeAI - INFO - [00:33:25] [RUNNING] Track 37 running (404.8 px/s)
2025-12-15 00:33:25,358 - SmartHomeAI - INFO - [00:33:25] [RUNNING] Track 50 running (389.9 px/s)
2025-12-15 00:33:25,385 - SmartHomeAI - INFO - [00:33:25] [RUNNING] Track 37 running (229.1 px/s)
2025-12-15 00:33:25,388 - SmartHomeAI - INFO - [00:33:25] [RUNNING] Track 50 running (206.8 px/s)
2025-12-15 00:33:25,415 - SmartHomeAI - INFO - [00:33:25] [RUNNING] Track 37 running (237.2 px/s)
2025-12-15 00:33:25,419 - SmartHomeAI - INFO - [00:33:25] [RUNNING] Track 50 running (218.6 px/s)
2025-12-15 00:33:25,499 - SmartHomeAI - INFO - [00:33:25] [RUNNING] Track 37 running (248.1 px/s)
2025-12-15 00:33:25,502 - SmartHomeAI - INFO - [00:33:25] [RUNNING] Track 50 running (231.8 px/s)
2025-12-15 00:33:25,758 - SmartHomeAI - INFO - [00:33:25] [RUNNING] Track 37 running (361.4 px/s)
2025-12-15 00:33:25,800 - SmartHomeAI - INFO - [00:33:25] [RUNNING] Track 50 running (326.2 px/s)
2025-12-15 00:33:26,107 - SmartHomeAI - INFO - [00:33:25] [RUNNING] Track 37 running (200.2 px/s)
2025-12-15 00:33:26,237 - SmartHomeAI - INFO - [00:33:26] [RUNNING] Track 37 running (216.8 px/s)
2025-12-15 00:33:26,254 - SmartHomeAI - INFO - [00:33:26] [RUNNING] Track 50 running (213.9 px/s)
2025-12-15 00:33:26,347 - SmartHomeAI - INFO - [00:33:26] [RUNNING] Track 37 running (234.3 px/s)
2025-12-15 00:33:26,379 - SmartHomeAI - INFO - [00:33:26] [RUNNING] Track 50 running (223.5 px/s)
2025-12-15 00:33:26,966 - SmartHomeAI - INFO - [00:33:26] [RUNNING] Track 37 running (224.7 px/s)
2025-12-15 00:33:26,970 - SmartHomeAI - INFO - [00:33:26] [RUNNING] Track 50 running (246.8 px/s)
2025-12-15 00:33:27,044 - SmartHomeAI - INFO - [00:33:26] [RUNNING] Track 37 running (229.0 px/s)
2025-12-15 00:33:27,047 - SmartHomeAI - INFO - [00:33:26] [RUNNING] Track 50 running (220.6 px/s)
2025-12-15 00:33:27,077 - SmartHomeAI - INFO - [00:33:27] [RUNNING] Track 37 running (495.5 px/s)
2025-12-15 00:33:27,081 - SmartHomeAI - INFO - [00:33:27] [RUNNING] Track 50 running (477.2 px/s)
2025-12-15 00:33:27,098 - SmartHomeAI - INFO - [00:33:27] [RUNNING] Track 37 running (380.6 px/s)
2025-12-15 00:33:27,100 - SmartHomeAI - INFO - [00:33:27] [RUNNING] Track 50 running (350.7 px/s)
2025-12-15 00:33:27,119 - SmartHomeAI - INFO - [00:33:27] [RUNNING] Track 37 running (364.5 px/s)
2025-12-15 00:33:27,122 - SmartHomeAI - INFO - [00:33:27] [RUNNING] Track 50 running (340.7 px/s)
2025-12-15 00:33:27,192 - SmartHomeAI - INFO - [00:33:27] [RUNNING] Track 50 running (340.2 px/s)
2025-12-15 00:33:28,016 - SmartHomeAI - WARNING - [00:33:27] [INTRUSION] Track 67 entered ROI
2025-12-15 00:33:28,016 - SmartHomeAI - WARNING - Sound file not found: data/assets/sounds\alarm.mp3
2025-12-15 00:33:28,020 - SmartHomeAI - INFO - [00:33:27] [RUNNING] Track 67 running (304.0 px/s)
2025-12-15 00:33:28,136 - SmartHomeAI - INFO - [00:33:28] [RUNNING] Track 67 running (285.6 px/s)
2025-12-15 00:33:28,138 - SmartHomeAI - WARNING - [00:33:28] [VIOLENCE] Violence detected near track 67
2025-12-15 00:33:28,138 - SmartHomeAI - WARNING - Sound file not found: data/assets/sounds\alarm.mp3
2025-12-15 00:33:28,196 - SmartHomeAI - INFO - [00:33:28] [RUNNING] Track 67 running (383.8 px/s)
2025-12-15 00:33:28,225 - SmartHomeAI - INFO - [00:33:28] [RUNNING] Track 67 running (240.0 px/s)
2025-12-15 00:33:28,258 - SmartHomeAI - INFO - [00:33:28] [RUNNING] Track 67 running (326.6 px/s)
2025-12-15 00:33:28,345 - SmartHomeAI - WARNING - [00:33:28] [INTRUSION] Track 77 entered ROI
2025-12-15 00:33:28,345 - SmartHomeAI - WARNING - Sound file not found: data/assets/sounds\alarm.mp3
2025-12-15 00:33:28,348 - SmartHomeAI - INFO - [00:33:28] [RUNNING] Track 67 running (214.7 px/s)
2025-12-15 00:33:28,350 - SmartHomeAI - WARNING - [00:33:28] [VIOLENCE] Violence detected near track 67
2025-12-15 00:33:28,350 - SmartHomeAI - WARNING - Sound file not found: data/assets/sounds\alarm.mp3
2025-12-15 00:33:28,420 - SmartHomeAI - INFO - [00:33:28] [RUNNING] Track 67 running (250.5 px/s)
2025-12-15 00:33:28,457 - SmartHomeAI - WARNING - [00:33:28] [INTRUSION] Track 79 entered ROI
2025-12-15 00:33:28,457 - SmartHomeAI - WARNING - Sound file not found: data/assets/sounds\alarm.mp3
2025-12-15 00:33:28,459 - SmartHomeAI - INFO - [00:33:28] [RUNNING] Track 67 running (734.4 px/s)
2025-12-15 00:33:28,498 - SmartHomeAI - INFO - [00:33:28] [RUNNING] Track 67 running (377.8 px/s)
2025-12-15 00:33:28,501 - SmartHomeAI - INFO - [00:33:28] [RUNNING] Track 79 running (314.4 px/s)
2025-12-15 00:33:28,587 - SmartHomeAI - INFO - [00:33:28] [RUNNING] Track 67 running (296.9 px/s)
2025-12-15 00:33:28,591 - SmartHomeAI - INFO - [00:33:28] [RUNNING] Track 79 running (323.0 px/s)
2025-12-15 00:33:28,598 - SmartHomeAI - WARNING - [00:33:28] [VIOLENCE] Violence detected near track 67
2025-12-15 00:33:28,606 - SmartHomeAI - WARNING - Sound file not found: data/assets/sounds\alarm.mp3
2025-12-15 00:33:28,611 - SmartHomeAI - WARNING - [00:33:28] [VIOLENCE] Violence detected near track 79
2025-12-15 00:33:28,611 - SmartHomeAI - WARNING - Sound file not found: data/assets/sounds\alarm.mp3
2025-12-15 00:33:28,617 - SmartHomeAI - INFO - Cleaning up...
2025-12-15 00:33:28,617 - SmartHomeAI - INFO - Approx. FPS: 31.23
2025-12-15 00:33:28,621 - SmartHomeAI - INFO - Video stream thread stopping.
2025-12-15 00:33:28,625 - SmartHomeAI - INFO - Video stream stopped.
2025-12-15 00:33:34,023 - SmartHomeAI - INFO - Telegram alert sent: [00:33:22] [RUNNING] Track 37 running (977.2 px/s)
2025-12-15 00:33:34,359 - SmartHomeAI - INFO - Telegram alert sent: [00:33:22] [INTRUSION] Track 37 entered ROI
2025-12-15 00:33:34,404 - SmartHomeAI - INFO - Telegram alert sent: [00:33:22] [RUNNING] Track 37 running (351.0 px/s)
2025-12-15 00:33:34,440 - SmartHomeAI - INFO - Telegram alert sent: [00:33:22] [RUNNING] Track 37 running (502.9 px/s)
2025-12-15 00:33:34,527 - SmartHomeAI - INFO - Telegram alert sent: [00:33:22] [INTRUSION] Track 50 entered ROI
2025-12-15 00:33:34,556 - SmartHomeAI - INFO - Telegram alert sent: [00:33:22] [RUNNING] Track 50 running (260.6 px/s)
2025-12-15 00:33:34,588 - SmartHomeAI - INFO - Telegram alert sent: [00:33:22] [RUNNING] Track 50 running (274.5 px/s)
2025-12-15 00:33:34,594 - SmartHomeAI - INFO - Telegram alert sent: [00:33:22] [RUNNING] Track 37 running (305.6 px/s)
2025-12-15 00:33:41,562 - SmartHomeAI - INFO - Telegram alert sent: [00:33:22] [RUNNING] Track 37 running (269.1 px/s)
2025-12-15 00:33:41,802 - SmartHomeAI - INFO - Telegram alert sent: [00:33:23] [RUNNING] Track 37 running (1938.9 px/s)
2025-12-15 00:33:41,860 - SmartHomeAI - INFO - Telegram alert sent: [00:33:23] [RUNNING] Track 50 running (298.5 px/s)
2025-12-15 00:33:41,908 - SmartHomeAI - INFO - Telegram alert sent: [00:33:23] [RUNNING] Track 50 running (303.1 px/s)
2025-12-15 00:33:41,945 - SmartHomeAI - INFO - Telegram alert sent: [00:33:23] [RUNNING] Track 37 running (378.3 px/s)
2025-12-15 00:33:41,974 - SmartHomeAI - INFO - Telegram alert sent: [00:33:23] [RUNNING] Track 37 running (243.6 px/s)
2025-12-15 00:33:42,017 - SmartHomeAI - INFO - Telegram alert sent: [00:33:23] [RUNNING] Track 50 running (929.4 px/s)
2025-12-15 00:33:42,052 - SmartHomeAI - INFO - Telegram alert sent: [00:33:23] [RUNNING] Track 37 running (380.9 px/s)
2025-12-15 00:33:42,079 - SmartHomeAI - INFO - Telegram alert sent: [00:33:23] [RUNNING] Track 37 running (417.5 px/s)
2025-12-15 00:33:42,119 - SmartHomeAI - INFO - Telegram alert sent: [00:33:23] [RUNNING] Track 50 running (426.2 px/s)
2025-12-15 00:33:42,153 - SmartHomeAI - INFO - Telegram alert sent: [00:33:23] [RUNNING] Track 50 running (446.3 px/s)
2025-12-15 00:33:42,182 - SmartHomeAI - INFO - Telegram alert sent: [00:33:23] [RUNNING] Track 37 running (425.4 px/s)
2025-12-15 00:33:42,219 - SmartHomeAI - INFO - Telegram alert sent: [00:33:23] [RUNNING] Track 37 running (381.0 px/s)
2025-12-15 00:33:42,250 - SmartHomeAI - INFO - Telegram alert sent: [00:33:23] [RUNNING] Track 50 running (516.1 px/s)
2025-12-15 00:33:42,319 - SmartHomeAI - INFO - Telegram alert sent: [00:33:23] [RUNNING] Track 50 running (461.6 px/s)
2025-12-15 00:33:42,358 - SmartHomeAI - INFO - Telegram alert sent: [00:33:23] [RUNNING] Track 50 running (494.5 px/s)
2025-12-15 00:33:42,383 - SmartHomeAI - INFO - Telegram alert sent: [00:33:23] [RUNNING] Track 37 running (507.4 px/s)
2025-12-15 00:33:42,416 - SmartHomeAI - INFO - Telegram alert sent: [00:33:23] [RUNNING] Track 37 running (443.9 px/s)
2025-12-15 00:33:42,490 - SmartHomeAI - INFO - Telegram alert sent: [00:33:27] [RUNNING] Track 37 running (495.5 px/s)
2025-12-15 00:33:42,578 - SmartHomeAI - INFO - Telegram alert sent: [00:33:28] [RUNNING] Track 67 running (296.9 px/s)
2025-12-15 00:33:42,610 - SmartHomeAI - INFO - Telegram alert sent: [00:33:23] [RUNNING] Track 37 running (1436.8 px/s)
2025-12-15 00:33:42,693 - SmartHomeAI - INFO - Telegram alert sent: [00:33:25] [RUNNING] Track 50 running (231.8 px/s)
2025-12-15 00:33:42,754 - SmartHomeAI - INFO - Telegram alert sent: [00:33:24] [RUNNING] Track 37 running (265.1 px/s)
2025-12-15 00:33:42,783 - SmartHomeAI - INFO - Telegram alert sent: [00:33:25] [RUNNING] Track 50 running (246.6 px/s)
2025-12-15 00:33:42,815 - SmartHomeAI - INFO - Telegram alert sent: [00:33:23] [RUNNING] Track 50 running (441.4 px/s)
2025-12-15 00:33:42,855 - SmartHomeAI - INFO - Telegram alert sent: [00:33:24] [RUNNING] Track 50 running (355.7 px/s)
2025-12-15 00:33:42,887 - SmartHomeAI - INFO - Telegram alert sent: [00:33:23] [RUNNING] Track 37 running (263.2 px/s)
2025-12-15 00:33:42,918 - SmartHomeAI - INFO - Telegram alert sent: [00:33:28] [RUNNING] Track 79 running (314.4 px/s)
2025-12-15 00:33:42,952 - SmartHomeAI - INFO - Telegram alert sent: [00:33:28] [RUNNING] Track 67 running (326.6 px/s)
2025-12-15 00:33:42,973 - SmartHomeAI - INFO - Telegram alert sent: [00:33:23] [RUNNING] Track 50 running (567.7 px/s)
2025-12-15 00:33:47,231 - SmartHomeAI - INFO - Telegram alert sent: [00:33:26] [RUNNING] Track 37 running (216.8 px/s)
2025-12-15 00:33:47,297 - SmartHomeAI - INFO - Telegram alert sent: [00:33:25] [RUNNING] Track 37 running (404.8 px/s)
2025-12-15 00:33:47,355 - SmartHomeAI - INFO - Telegram alert sent: [00:33:25] [RUNNING] Track 37 running (248.1 px/s)
2025-12-15 00:33:47,390 - SmartHomeAI - INFO - Telegram alert sent: [00:33:28] [VIOLENCE] Violence detected near track 67
2025-12-15 00:33:47,428 - SmartHomeAI - INFO - Telegram alert sent: [00:33:26] [RUNNING] Track 37 running (224.7 px/s)
2025-12-15 00:33:47,456 - SmartHomeAI - INFO - Telegram alert sent: [00:33:26] [RUNNING] Track 50 running (220.6 px/s)
2025-12-15 00:33:47,485 - SmartHomeAI - INFO - Telegram alert sent: [00:33:28] [VIOLENCE] Violence detected near track 67
2025-12-15 00:33:47,525 - SmartHomeAI - INFO - Telegram alert sent: [00:33:25] [RUNNING] Track 37 running (273.3 px/s)
2025-12-15 00:33:47,554 - SmartHomeAI - INFO - Telegram alert sent: [00:33:25] [RUNNING] Track 50 running (366.3 px/s)
2025-12-15 00:33:47,588 - SmartHomeAI - INFO - Telegram alert sent: [00:33:27] [RUNNING] Track 37 running (364.5 px/s)
2025-12-15 00:33:47,632 - SmartHomeAI - INFO - Telegram alert sent: [00:33:28] [RUNNING] Track 67 running (734.4 px/s)
2025-12-15 00:33:47,662 - SmartHomeAI - INFO - Telegram alert sent: [00:33:28] [RUNNING] Track 67 running (383.8 px/s)
2025-12-15 00:33:47,730 - SmartHomeAI - INFO - Telegram alert sent: [00:33:27] [RUNNING] Track 50 running (477.2 px/s)
2025-12-15 00:33:47,759 - SmartHomeAI - INFO - Telegram alert sent: [00:33:23] [RUNNING] Track 50 running (415.5 px/s)
2025-12-15 00:33:47,794 - SmartHomeAI - INFO - Telegram alert sent: [00:33:28] [RUNNING] Track 67 running (214.7 px/s)
2025-12-15 00:33:47,814 - SmartHomeAI - INFO - Telegram alert sent: [00:33:28] [RUNNING] Track 67 running (250.5 px/s)
2025-12-15 00:33:47,852 - SmartHomeAI - INFO - Telegram alert sent: [00:33:26] [RUNNING] Track 37 running (234.3 px/s)
2025-12-15 00:33:47,897 - SmartHomeAI - INFO - Telegram alert sent: [00:33:27] [RUNNING] Track 50 running (350.7 px/s)
2025-12-15 00:33:47,919 - SmartHomeAI - INFO - Telegram alert sent: [00:33:25] [RUNNING] Track 50 running (206.8 px/s)
2025-12-15 00:33:47,945 - SmartHomeAI - INFO - Telegram alert sent: [00:33:26] [RUNNING] Track 50 running (246.8 px/s)
2025-12-15 00:33:47,986 - SmartHomeAI - INFO - Telegram alert sent: [00:33:28] [VIOLENCE] Violence detected near track 79
2025-12-15 00:33:48,063 - SmartHomeAI - INFO - Telegram alert sent: [00:33:28] [INTRUSION] Track 79 entered ROI
2025-12-15 00:33:48,104 - SmartHomeAI - INFO - Telegram alert sent: [00:33:26] [RUNNING] Track 50 running (213.9 px/s)
2025-12-15 00:33:48,135 - SmartHomeAI - INFO - Telegram alert sent: [00:33:27] [RUNNING] Track 37 running (380.6 px/s)
2025-12-15 00:33:48,163 - SmartHomeAI - INFO - Telegram alert sent: [00:33:25] [RUNNING] Track 50 running (389.9 px/s)
2025-12-15 00:33:48,194 - SmartHomeAI - INFO - Telegram alert sent: [00:33:26] [RUNNING] Track 50 running (223.5 px/s)
2025-12-15 00:33:48,248 - SmartHomeAI - INFO - Telegram alert sent: [00:33:25] [RUNNING] Track 37 running (361.4 px/s)
2025-12-15 00:33:48,292 - SmartHomeAI - INFO - Telegram alert sent: [00:33:28] [VIOLENCE] Violence detected near track 67
2025-12-15 00:33:48,323 - SmartHomeAI - INFO - Telegram alert sent: [00:33:26] [RUNNING] Track 37 running (229.0 px/s)
2025-12-15 00:33:48,363 - SmartHomeAI - INFO - Telegram alert sent: [00:33:28] [RUNNING] Track 67 running (240.0 px/s)
2025-12-15 00:33:48,368 - SmartHomeAI - INFO - Telegram alert sent: [00:33:25] [RUNNING] Track 50 running (263.2 px/s)
2025-12-15 00:33:48,370 - SmartHomeAI - INFO - Telegram alert sent: [00:33:25] [RUNNING] Track 37 running (229.1 px/s)
2025-12-15 00:33:48,370 - SmartHomeAI - INFO - Telegram alert sent: [00:33:27] [RUNNING] Track 50 running (340.2 px/s)
2025-12-15 00:33:48,372 - SmartHomeAI - INFO - Telegram alert sent: [00:33:27] [INTRUSION] Track 67 entered ROI
2025-12-15 00:33:48,375 - SmartHomeAI - INFO - Telegram alert sent: [00:33:28] [RUNNING] Track 79 running (323.0 px/s)
2025-12-15 00:33:48,376 - SmartHomeAI - INFO - Telegram alert sent: [00:33:25] [INTRUSION] Track 50 entered ROI
2025-12-15 00:33:48,376 - SmartHomeAI - INFO - Telegram alert sent: [00:33:25] [RUNNING] Track 37 running (372.5 px/s)
2025-12-15 00:33:48,378 - SmartHomeAI - INFO - Telegram alert sent: [00:33:28] [RUNNING] Track 67 running (377.8 px/s)
2025-12-15 00:33:48,380 - SmartHomeAI - INFO - Telegram alert sent: [00:33:25] [RUNNING] Track 37 running (258.4 px/s)
2025-12-15 00:33:48,381 - SmartHomeAI - INFO - Telegram alert sent: [00:33:25] [RUNNING] Track 50 running (416.0 px/s)
2025-12-15 00:33:48,387 - SmartHomeAI - INFO - Telegram alert sent: [00:33:25] [RUNNING] Track 37 running (237.2 px/s)
2025-12-15 00:33:48,392 - SmartHomeAI - INFO - Telegram alert sent: [00:33:25] [RUNNING] Track 50 running (218.6 px/s)
2025-12-15 00:33:48,405 - SmartHomeAI - INFO - Telegram alert sent: [00:33:27] [RUNNING] Track 50 running (340.7 px/s)
2025-12-15 00:33:48,413 - SmartHomeAI - INFO - Telegram alert sent: [00:33:25] [RUNNING] Track 37 running (200.2 px/s)
2025-12-15 00:33:48,418 - SmartHomeAI - INFO - Telegram alert sent: [00:33:25] [RUNNING] Track 50 running (326.2 px/s)
2025-12-15 00:33:48,459 - SmartHomeAI - INFO - Telegram alert sent: [00:33:27] [RUNNING] Track 67 running (304.0 px/s)
2025-12-15 00:33:48,495 - SmartHomeAI - INFO - Telegram alert sent: [00:33:28] [INTRUSION] Track 77 entered ROI
2025-12-15 00:33:48,546 - SmartHomeAI - INFO - Telegram alert sent: [00:33:28] [RUNNING] Track 67 running (285.6 px/s)
2025-12-15 00:36:26,986 - SmartHomeAI - INFO - Initializing components...
2025-12-15 00:36:26,987 - SmartHomeAI - INFO - Opening camera source: E:\KLTN\Video\crowd_plaza1.avi
2025-12-15 00:36:26,998 - SmartHomeAI - INFO - Camera opened successfully: E:\KLTN\Video\crowd_plaza1.avi
2025-12-15 00:36:26,998 - SmartHomeAI - INFO - Source FPS: 30.0. Target delay: 0.0333s
2025-12-15 00:36:26,998 - SmartHomeAI - INFO - Starting video stream thread.
2025-12-15 00:36:30,249 - SmartHomeAI - INFO - Initializing Detector on device: cuda
2025-12-15 00:36:30,291 - SmartHomeAI - INFO - Initializing DeepSort with max_age=30, n_init=3, embedder=mobilenet
2025-12-15 00:36:32,373 - SmartHomeAI - INFO - Initializing ViolenceDetector on cuda with model: E:\KLTN\AI-Smart-Home-Security\models/violence/Violence_Yolov8.pt
2025-12-15 00:36:32,414 - SmartHomeAI - INFO - Initializing FallDetector on cuda with model: E:\KLTN\AI-Smart-Home-Security\models/fall/Fall_Yolov11.pt
2025-12-15 00:36:32,676 - SmartHomeAI - INFO - Pygame mixer initialized.
2025-12-15 00:36:32,676 - SmartHomeAI - INFO - System Ready. Press 'q' to quit.
2025-12-15 00:36:34,510 - SmartHomeAI - WARNING - [00:36:34] [INTRUSION] Track 3 entered ROI
2025-12-15 00:36:34,510 - SmartHomeAI - WARNING - Sound file not found: data/assets/sounds\alarm.mp3
2025-12-15 00:36:34,742 - SmartHomeAI - INFO - [00:36:34] [RUNNING] Track 3 running (272.3 px/s)
2025-12-15 00:36:34,745 - SmartHomeAI - WARNING - [00:36:34] [VIOLENCE] Violence detected near track 3
2025-12-15 00:36:34,745 - SmartHomeAI - WARNING - Sound file not found: data/assets/sounds\alarm.mp3
2025-12-15 00:36:35,126 - SmartHomeAI - INFO - [00:36:35] [RUNNING] Track 3 running (269.3 px/s)
2025-12-15 00:36:35,413 - SmartHomeAI - WARNING - [00:36:35] [VIOLENCE] Violence detected near track 3
2025-12-15 00:36:35,413 - SmartHomeAI - WARNING - Sound file not found: data/assets/sounds\alarm.mp3
2025-12-15 00:36:35,454 - SmartHomeAI - WARNING - [00:36:35] [INTRUSION] Track 8 entered ROI
2025-12-15 00:36:35,455 - SmartHomeAI - WARNING - Sound file not found: data/assets/sounds\alarm.mp3
2025-12-15 00:36:35,629 - SmartHomeAI - WARNING - [00:36:35] [VIOLENCE] Violence detected near track 3
2025-12-15 00:36:35,629 - SmartHomeAI - WARNING - Sound file not found: data/assets/sounds\alarm.mp3
2025-12-15 00:36:35,630 - SmartHomeAI - WARNING - [00:36:35] [VIOLENCE] Violence detected near track 8
2025-12-15 00:36:35,631 - SmartHomeAI - WARNING - Sound file not found: data/assets/sounds\alarm.mp3
2025-12-15 00:36:35,757 - SmartHomeAI - WARNING - [00:36:35] [VIOLENCE] Violence detected near track 3
2025-12-15 00:36:35,757 - SmartHomeAI - WARNING - Sound file not found: data/assets/sounds\alarm.mp3
2025-12-15 00:36:36,008 - SmartHomeAI - WARNING - [00:36:35] [VIOLENCE] Violence detected near track 3
2025-12-15 00:36:36,008 - SmartHomeAI - WARNING - Sound file not found: data/assets/sounds\alarm.mp3
2025-12-15 00:36:37,693 - SmartHomeAI - INFO - Telegram alert sent: [00:36:34] [INTRUSION] Track 3 entered ROI
2025-12-15 00:36:37,747 - SmartHomeAI - INFO - Telegram alert sent: [00:36:34] [VIOLENCE] Violence detected near track 3
2025-12-15 00:36:38,035 - SmartHomeAI - INFO - Telegram alert sent: [00:36:35] [RUNNING] Track 3 running (269.3 px/s)
2025-12-15 00:36:38,509 - SmartHomeAI - INFO - Telegram alert sent: [00:36:35] [VIOLENCE] Violence detected near track 3
2025-12-15 00:36:38,700 - SmartHomeAI - INFO - Telegram alert sent: [00:36:35] [VIOLENCE] Violence detected near track 8
2025-12-15 00:36:38,818 - SmartHomeAI - INFO - Telegram alert sent: [00:36:34] [RUNNING] Track 3 running (272.3 px/s)
2025-12-15 00:36:38,890 - SmartHomeAI - INFO - Telegram alert sent: [00:36:35] [VIOLENCE] Violence detected near track 3
2025-12-15 00:36:38,918 - SmartHomeAI - INFO - Telegram alert sent: [00:36:35] [VIOLENCE] Violence detected near track 3
2025-12-15 00:36:39,024 - SmartHomeAI - INFO - Telegram alert sent: [00:36:35] [VIOLENCE] Violence detected near track 3
2025-12-15 00:36:39,270 - SmartHomeAI - INFO - Telegram alert sent: [00:36:35] [INTRUSION] Track 8 entered ROI
2025-12-15 00:36:44,991 - SmartHomeAI - WARNING - [00:36:44] [INTRUSION] Track 34 entered ROI
2025-12-15 00:36:44,991 - SmartHomeAI - WARNING - Sound file not found: data/assets/sounds\alarm.mp3
2025-12-15 00:36:45,048 - SmartHomeAI - WARNING - [00:36:44] [INTRUSION] Track 37 entered ROI
2025-12-15 00:36:45,048 - SmartHomeAI - WARNING - Sound file not found: data/assets/sounds\alarm.mp3
2025-12-15 00:36:45,051 - SmartHomeAI - WARNING - [00:36:44] [INTRUSION] Track 38 entered ROI
2025-12-15 00:36:45,051 - SmartHomeAI - WARNING - Sound file not found: data/assets/sounds\alarm.mp3
2025-12-15 00:36:45,143 - SmartHomeAI - WARNING - [00:36:45] [INTRUSION] Track 39 entered ROI
2025-12-15 00:36:45,143 - SmartHomeAI - WARNING - Sound file not found: data/assets/sounds\alarm.mp3
2025-12-15 00:36:45,360 - SmartHomeAI - INFO - [00:36:45] [RUNNING] Track 37 running (558.3 px/s)
2025-12-15 00:36:45,455 - SmartHomeAI - INFO - [00:36:45] [RUNNING] Track 38 running (209.0 px/s)
2025-12-15 00:36:45,570 - SmartHomeAI - INFO - [00:36:45] [RUNNING] Track 36 running (223.6 px/s)
2025-12-15 00:36:45,631 - SmartHomeAI - WARNING - [00:36:45] [INTRUSION] Track 36 entered ROI
2025-12-15 00:36:45,631 - SmartHomeAI - WARNING - Sound file not found: data/assets/sounds\alarm.mp3
2025-12-15 00:36:45,634 - SmartHomeAI - INFO - [00:36:45] [RUNNING] Track 36 running (250.8 px/s)
2025-12-15 00:36:45,881 - SmartHomeAI - INFO - [00:36:45] [RUNNING] Track 37 running (1219.0 px/s)
2025-12-15 00:36:45,965 - SmartHomeAI - WARNING - [00:36:45] [VIOLENCE] Violence detected near track 36
2025-12-15 00:36:45,965 - SmartHomeAI - WARNING - Sound file not found: data/assets/sounds\alarm.mp3
2025-12-15 00:36:46,039 - SmartHomeAI - WARNING - [00:36:46] [INTRUSION] Track 47 entered ROI
2025-12-15 00:36:46,040 - SmartHomeAI - WARNING - Sound file not found: data/assets/sounds\alarm.mp3
2025-12-15 00:36:46,112 - SmartHomeAI - INFO - [00:36:46] [RUNNING] Track 34 running (344.4 px/s)
2025-12-15 00:36:46,831 - SmartHomeAI - WARNING - [00:36:46] [VIOLENCE] Violence detected near track 47
2025-12-15 00:36:46,831 - SmartHomeAI - WARNING - Sound file not found: data/assets/sounds\alarm.mp3
2025-12-15 00:36:46,866 - SmartHomeAI - INFO - [00:36:46] [RUNNING] Track 34 running (210.6 px/s)
2025-12-15 00:36:46,979 - SmartHomeAI - INFO - [00:36:46] [RUNNING] Track 38 running (1854.7 px/s)
2025-12-15 00:36:47,060 - SmartHomeAI - INFO - [00:36:46] [RUNNING] Track 39 running (2482.5 px/s)
2025-12-15 00:36:47,063 - SmartHomeAI - WARNING - [00:36:46] [VIOLENCE] Violence detected near track 34
2025-12-15 00:36:47,063 - SmartHomeAI - WARNING - Sound file not found: data/assets/sounds\alarm.mp3
2025-12-15 00:36:47,064 - SmartHomeAI - WARNING - [00:36:46] [VIOLENCE] Violence detected near track 38
2025-12-15 00:36:47,064 - SmartHomeAI - WARNING - Sound file not found: data/assets/sounds\alarm.mp3
2025-12-15 00:36:47,173 - SmartHomeAI - INFO - [00:36:47] [RUNNING] Track 38 running (213.5 px/s)
2025-12-15 00:36:47,215 - SmartHomeAI - WARNING - [00:36:47] [INTRUSION] Track 50 entered ROI
2025-12-15 00:36:47,215 - SmartHomeAI - WARNING - Sound file not found: data/assets/sounds\alarm.mp3
2025-12-15 00:36:47,351 - SmartHomeAI - INFO - [00:36:47] [RUNNING] Track 38 running (396.6 px/s)
2025-12-15 00:36:47,359 - SmartHomeAI - INFO - [00:36:47] [RUNNING] Track 50 running (281.0 px/s)
2025-12-15 00:36:47,418 - SmartHomeAI - INFO - [00:36:47] [RUNNING] Track 34 running (653.0 px/s)
2025-12-15 00:36:47,563 - SmartHomeAI - WARNING - [00:36:47] [VIOLENCE] Violence detected near track 47
2025-12-15 00:36:47,565 - SmartHomeAI - WARNING - Sound file not found: data/assets/sounds\alarm.mp3
2025-12-15 00:36:47,585 - SmartHomeAI - WARNING - [00:36:47] [VIOLENCE] Violence detected near track 50
2025-12-15 00:36:47,597 - SmartHomeAI - WARNING - Sound file not found: data/assets/sounds\alarm.mp3
2025-12-15 00:36:47,630 - SmartHomeAI - WARNING - [00:36:47] [VIOLENCE] Violence detected near track 34
2025-12-15 00:36:47,632 - SmartHomeAI - WARNING - Sound file not found: data/assets/sounds\alarm.mp3
2025-12-15 00:36:47,663 - SmartHomeAI - WARNING - [00:36:47] [VIOLENCE] Violence detected near track 38
2025-12-15 00:36:47,665 - SmartHomeAI - WARNING - Sound file not found: data/assets/sounds\alarm.mp3
2025-12-15 00:36:48,295 - SmartHomeAI - INFO - Telegram alert sent: [00:36:44] [INTRUSION] Track 38 entered ROI
2025-12-15 00:36:48,328 - SmartHomeAI - INFO - Telegram alert sent: [00:36:44] [INTRUSION] Track 37 entered ROI
2025-12-15 00:36:48,428 - SmartHomeAI - INFO - Telegram alert sent: [00:36:45] [INTRUSION] Track 39 entered ROI
2025-12-15 00:36:48,480 - SmartHomeAI - INFO - [00:36:48] [RUNNING] Track 47 running (396.4 px/s)
2025-12-15 00:36:48,487 - SmartHomeAI - INFO - Telegram alert sent: [00:36:44] [INTRUSION] Track 34 entered ROI
2025-12-15 00:36:48,494 - SmartHomeAI - INFO - [00:36:48] [RUNNING] Track 50 running (971.8 px/s)
2025-12-15 00:36:48,631 - SmartHomeAI - INFO - Telegram alert sent: [00:36:45] [RUNNING] Track 37 running (558.3 px/s)
2025-12-15 00:36:48,732 - SmartHomeAI - INFO - Telegram alert sent: [00:36:45] [RUNNING] Track 38 running (209.0 px/s)
2025-12-15 00:36:48,827 - SmartHomeAI - WARNING - [00:36:48] [VIOLENCE] Violence detected near track 50
2025-12-15 00:36:48,827 - SmartHomeAI - WARNING - Sound file not found: data/assets/sounds\alarm.mp3
2025-12-15 00:36:48,982 - SmartHomeAI - INFO - Telegram alert sent: [00:36:45] [RUNNING] Track 36 running (223.6 px/s)
2025-12-15 00:36:49,001 - SmartHomeAI - WARNING - [00:36:48] [VIOLENCE] Violence detected near track 50
2025-12-15 00:36:49,002 - SmartHomeAI - WARNING - Sound file not found: data/assets/sounds\alarm.mp3
2025-12-15 00:36:49,087 - SmartHomeAI - INFO - [00:36:49] [RUNNING] Track 50 running (284.9 px/s)
2025-12-15 00:36:49,132 - SmartHomeAI - INFO - [00:36:49] [RUNNING] Track 38 running (845.7 px/s)
2025-12-15 00:36:49,243 - SmartHomeAI - INFO - Telegram alert sent: [00:36:45] [INTRUSION] Track 36 entered ROI
2025-12-15 00:36:49,343 - SmartHomeAI - INFO - [00:36:49] [RUNNING] Track 38 running (1345.8 px/s)
2025-12-15 00:36:49,555 - SmartHomeAI - INFO - [00:36:49] [RUNNING] Track 47 running (3562.1 px/s)
2025-12-15 00:36:49,557 - SmartHomeAI - INFO - [00:36:49] [RUNNING] Track 50 running (1120.1 px/s)
2025-12-15 00:36:50,116 - SmartHomeAI - INFO - [00:36:50] [LOITERING] Track 38 loitering (5.1s)
2025-12-15 00:36:50,143 - SmartHomeAI - WARNING - [00:36:50] [INTRUSION] Track 38 entered ROI
2025-12-15 00:36:50,143 - SmartHomeAI - WARNING - Sound file not found: data/assets/sounds\alarm.mp3
2025-12-15 00:36:50,322 - SmartHomeAI - INFO - [00:36:50] [RUNNING] Track 47 running (221.5 px/s)
2025-12-15 00:36:50,453 - SmartHomeAI - INFO - [00:36:50] [RUNNING] Track 47 running (211.0 px/s)
2025-12-15 00:36:50,609 - SmartHomeAI - INFO - [00:36:50] [RUNNING] Track 50 running (1236.1 px/s)
2025-12-15 00:36:50,822 - SmartHomeAI - WARNING - [00:36:50] [VIOLENCE] Violence detected near track 50
2025-12-15 00:36:50,822 - SmartHomeAI - WARNING - Sound file not found: data/assets/sounds\alarm.mp3
2025-12-15 00:36:50,878 - SmartHomeAI - INFO - [00:36:50] [RUNNING] Track 50 running (209.8 px/s)
2025-12-15 00:36:51,006 - SmartHomeAI - INFO - [00:36:50] [RUNNING] Track 50 running (209.3 px/s)
2025-12-15 00:36:51,116 - SmartHomeAI - INFO - [00:36:51] [RUNNING] Track 50 running (223.1 px/s)
2025-12-15 00:36:51,133 - SmartHomeAI - INFO - [00:36:51] [RUNNING] Track 50 running (216.1 px/s)
2025-12-15 00:36:51,150 - SmartHomeAI - INFO - [00:36:51] [RUNNING] Track 50 running (206.8 px/s)
2025-12-15 00:36:51,245 - SmartHomeAI - INFO - [00:36:51] [RUNNING] Track 50 running (223.6 px/s)
2025-12-15 00:36:51,284 - SmartHomeAI - INFO - [00:36:51] [RUNNING] Track 50 running (208.2 px/s)
2025-12-15 00:36:51,384 - SmartHomeAI - INFO - [00:36:51] [RUNNING] Track 50 running (236.1 px/s)
2025-12-15 00:36:52,448 - SmartHomeAI - INFO - Telegram alert sent: [00:36:45] [RUNNING] Track 36 running (250.8 px/s)
2025-12-15 00:36:52,484 - SmartHomeAI - INFO - Telegram alert sent: [00:36:45] [RUNNING] Track 37 running (1219.0 px/s)
2025-12-15 00:36:52,510 - SmartHomeAI - INFO - Telegram alert sent: [00:36:45] [VIOLENCE] Violence detected near track 36
2025-12-15 00:36:52,540 - SmartHomeAI - INFO - Telegram alert sent: [00:36:46] [INTRUSION] Track 47 entered ROI
2025-12-15 00:36:52,571 - SmartHomeAI - INFO - Telegram alert sent: [00:36:46] [RUNNING] Track 34 running (344.4 px/s)
2025-12-15 00:36:52,607 - SmartHomeAI - INFO - Telegram alert sent: [00:36:46] [RUNNING] Track 34 running (210.6 px/s)
2025-12-15 00:36:52,646 - SmartHomeAI - INFO - Telegram alert sent: [00:36:46] [RUNNING] Track 38 running (1854.7 px/s)
2025-12-15 00:36:52,723 - SmartHomeAI - INFO - Telegram alert sent: [00:36:46] [VIOLENCE] Violence detected near track 34
2025-12-15 00:36:52,763 - SmartHomeAI - INFO - Telegram alert sent: [00:36:46] [RUNNING] Track 39 running (2482.5 px/s)
2025-12-15 00:36:52,830 - SmartHomeAI - INFO - Telegram alert sent: [00:36:47] [RUNNING] Track 38 running (213.5 px/s)
2025-12-15 00:36:52,902 - SmartHomeAI - INFO - Telegram alert sent: [00:36:47] [INTRUSION] Track 50 entered ROI
2025-12-15 00:36:52,934 - SmartHomeAI - INFO - Telegram alert sent: [00:36:46] [VIOLENCE] Violence detected near track 38
2025-12-15 00:36:52,961 - SmartHomeAI - INFO - Telegram alert sent: [00:36:47] [RUNNING] Track 50 running (281.0 px/s)
2025-12-15 00:36:53,012 - SmartHomeAI - INFO - Telegram alert sent: [00:36:47] [RUNNING] Track 38 running (396.6 px/s)
2025-12-15 00:36:53,986 - SmartHomeAI - WARNING - [00:36:53] [INTRUSION] Track 65 entered ROI
2025-12-15 00:36:53,987 - SmartHomeAI - WARNING - Sound file not found: data/assets/sounds\alarm.mp3
2025-12-15 00:36:54,110 - SmartHomeAI - WARNING - [00:36:53] [VIOLENCE] Violence detected near track 65
2025-12-15 00:36:54,110 - SmartHomeAI - WARNING - Sound file not found: data/assets/sounds\alarm.mp3
2025-12-15 00:36:54,225 - SmartHomeAI - INFO - [00:36:54] [RUNNING] Track 65 running (210.5 px/s)
2025-12-15 00:36:54,311 - SmartHomeAI - INFO - [00:36:54] [RUNNING] Track 65 running (407.5 px/s)
2025-12-15 00:36:54,886 - SmartHomeAI - WARNING - [00:36:54] [INTRUSION] Track 72 entered ROI
2025-12-15 00:36:54,886 - SmartHomeAI - WARNING - Sound file not found: data/assets/sounds\alarm.mp3
2025-12-15 00:36:55,006 - SmartHomeAI - INFO - [00:36:54] [RUNNING] Track 72 running (280.4 px/s)
2025-12-15 00:36:55,062 - SmartHomeAI - INFO - [00:36:55] [RUNNING] Track 72 running (212.3 px/s)
2025-12-15 00:36:55,135 - SmartHomeAI - INFO - [00:36:55] [RUNNING] Track 65 running (239.9 px/s)
2025-12-15 00:36:55,137 - SmartHomeAI - INFO - [00:36:55] [RUNNING] Track 72 running (370.9 px/s)
2025-12-15 00:36:55,210 - SmartHomeAI - WARNING - [00:36:55] [INTRUSION] Track 76 entered ROI
2025-12-15 00:36:55,210 - SmartHomeAI - WARNING - Sound file not found: data/assets/sounds\alarm.mp3
2025-12-15 00:36:55,270 - SmartHomeAI - WARNING - [00:36:55] [INTRUSION] Track 77 entered ROI
2025-12-15 00:36:55,270 - SmartHomeAI - WARNING - Sound file not found: data/assets/sounds\alarm.mp3
2025-12-15 00:36:55,344 - SmartHomeAI - WARNING - [00:36:55] [VIOLENCE] Violence detected near track 76
2025-12-15 00:36:55,345 - SmartHomeAI - WARNING - Sound file not found: data/assets/sounds\alarm.mp3
2025-12-15 00:36:55,513 - SmartHomeAI - WARNING - [00:36:55] [VIOLENCE] Violence detected near track 65
2025-12-15 00:36:55,513 - SmartHomeAI - WARNING - Sound file not found: data/assets/sounds\alarm.mp3
2025-12-15 00:36:55,980 - SmartHomeAI - INFO - [00:36:55] [RUNNING] Track 65 running (658.5 px/s)
2025-12-15 00:36:55,985 - SmartHomeAI - INFO - Cleaning up...
2025-12-15 00:36:55,986 - SmartHomeAI - INFO - Approx. FPS: 33.16
2025-12-15 00:36:55,995 - SmartHomeAI - INFO - Video stream stopped.
2025-12-15 00:36:56,007 - SmartHomeAI - INFO - Video stream thread stopping.
2025-12-15 00:36:58,162 - SmartHomeAI - INFO - Telegram alert sent: [00:36:47] [RUNNING] Track 34 running (653.0 px/s)
2025-12-15 00:36:58,409 - SmartHomeAI - INFO - Telegram alert sent: [00:36:46] [VIOLENCE] Violence detected near track 47
2025-12-15 00:36:58,477 - SmartHomeAI - INFO - Telegram alert sent: [00:36:47] [VIOLENCE] Violence detected near track 38
2025-12-15 00:36:58,513 - SmartHomeAI - INFO - Telegram alert sent: [00:36:49] [RUNNING] Track 38 running (1345.8 px/s)
2025-12-15 00:36:58,547 - SmartHomeAI - INFO - Telegram alert sent: [00:36:49] [RUNNING] Track 38 running (845.7 px/s)
2025-12-15 00:36:58,576 - SmartHomeAI - INFO - Telegram alert sent: [00:36:47] [VIOLENCE] Violence detected near track 50
2025-12-15 00:36:58,587 - SmartHomeAI - INFO - Telegram alert sent: [00:36:48] [RUNNING] Track 50 running (971.8 px/s)
2025-12-15 00:36:58,593 - SmartHomeAI - INFO - Telegram alert sent: [00:36:48] [VIOLENCE] Violence detected near track 50
2025-12-15 00:36:58,603 - SmartHomeAI - INFO - Telegram alert sent: [00:36:48] [VIOLENCE] Violence detected near track 50
2025-12-15 00:36:58,611 - SmartHomeAI - INFO - Telegram alert sent: [00:36:47] [VIOLENCE] Violence detected near track 47
2025-12-15 00:36:58,621 - SmartHomeAI - INFO - Telegram alert sent: [00:36:47] [VIOLENCE] Violence detected near track 34
2025-12-15 00:36:58,625 - SmartHomeAI - INFO - Telegram alert sent: [00:36:49] [RUNNING] Track 50 running (1120.1 px/s)
2025-12-15 00:36:58,751 - SmartHomeAI - INFO - Telegram alert sent: [00:36:48] [RUNNING] Track 47 running (396.4 px/s)
2025-12-15 00:36:58,759 - SmartHomeAI - INFO - Telegram alert sent: [00:36:49] [RUNNING] Track 47 running (3562.1 px/s)
2025-12-15 00:36:58,779 - SmartHomeAI - INFO - Telegram alert sent: [00:36:50] [LOITERING] Track 38 loitering (5.1s)
2025-12-15 00:36:58,794 - SmartHomeAI - INFO - Telegram alert sent: [00:36:49] [RUNNING] Track 50 running (284.9 px/s)
2025-12-15 00:37:08,756 - SmartHomeAI - INFO - Telegram alert sent: [00:36:51] [RUNNING] Track 50 running (236.1 px/s)
2025-12-15 00:37:09,023 - SmartHomeAI - INFO - Telegram alert sent: [00:36:50] [VIOLENCE] Violence detected near track 50
2025-12-15 00:37:09,057 - SmartHomeAI - INFO - Telegram alert sent: [00:36:51] [RUNNING] Track 50 running (208.2 px/s)
2025-12-15 00:37:09,079 - SmartHomeAI - INFO - Telegram alert sent: [00:36:55] [RUNNING] Track 65 running (239.9 px/s)
2025-12-15 00:37:09,151 - SmartHomeAI - INFO - Telegram alert sent: [00:36:50] [RUNNING] Track 50 running (1236.1 px/s)
2025-12-15 00:37:09,175 - SmartHomeAI - INFO - Telegram alert sent: [00:36:50] [INTRUSION] Track 38 entered ROI
2025-12-15 00:37:09,216 - SmartHomeAI - INFO - Telegram alert sent: [00:36:51] [RUNNING] Track 50 running (216.1 px/s)
2025-12-15 00:37:09,282 - SmartHomeAI - INFO - Telegram alert sent: [00:36:50] [RUNNING] Track 47 running (221.5 px/s)
2025-12-15 00:37:09,329 - SmartHomeAI - INFO - Telegram alert sent: [00:36:50] [RUNNING] Track 50 running (209.3 px/s)
2025-12-15 00:37:09,397 - SmartHomeAI - INFO - Telegram alert sent: [00:36:55] [RUNNING] Track 72 running (212.3 px/s)
2025-12-15 00:37:09,444 - SmartHomeAI - INFO - Telegram alert sent: [00:36:51] [RUNNING] Track 50 running (206.8 px/s)
2025-12-15 00:37:09,476 - SmartHomeAI - INFO - Telegram alert sent: [00:36:50] [RUNNING] Track 47 running (211.0 px/s)
2025-12-15 00:37:09,517 - SmartHomeAI - INFO - Telegram alert sent: [00:36:51] [RUNNING] Track 50 running (223.6 px/s)
2025-12-15 00:37:09,552 - SmartHomeAI - INFO - Telegram alert sent: [00:36:50] [RUNNING] Track 50 running (209.8 px/s)
2025-12-15 00:37:09,613 - SmartHomeAI - INFO - Telegram alert sent: [00:36:54] [RUNNING] Track 65 running (407.5 px/s)
2025-12-15 00:37:09,682 - SmartHomeAI - INFO - Telegram alert sent: [00:36:53] [INTRUSION] Track 65 entered ROI
2025-12-15 00:37:09,721 - SmartHomeAI - INFO - Telegram alert sent: [00:36:51] [RUNNING] Track 50 running (223.1 px/s)
2025-12-15 00:37:09,747 - SmartHomeAI - INFO - Telegram alert sent: [00:36:55] [RUNNING] Track 65 running (658.5 px/s)
2025-12-15 00:37:09,782 - SmartHomeAI - INFO - Telegram alert sent: [00:36:55] [INTRUSION] Track 77 entered ROI
2025-12-15 00:37:09,838 - SmartHomeAI - INFO - Telegram alert sent: [00:36:55] [RUNNING] Track 72 running (370.9 px/s)
2025-12-15 00:37:09,904 - SmartHomeAI - INFO - Telegram alert sent: [00:36:53] [VIOLENCE] Violence detected near track 65
2025-12-15 00:37:09,977 - SmartHomeAI - INFO - Telegram alert sent: [00:36:55] [INTRUSION] Track 76 entered ROI
2025-12-15 00:37:10,064 - SmartHomeAI - INFO - Telegram alert sent: [00:36:54] [RUNNING] Track 72 running (280.4 px/s)
2025-12-15 00:37:10,087 - SmartHomeAI - INFO - Telegram alert sent: [00:36:54] [RUNNING] Track 65 running (210.5 px/s)
2025-12-15 00:37:10,158 - SmartHomeAI - INFO - Telegram alert sent: [00:36:55] [VIOLENCE] Violence detected near track 76
2025-12-15 00:37:10,227 - SmartHomeAI - INFO - Telegram alert sent: [00:36:55] [VIOLENCE] Violence detected near track 65
2025-12-15 00:37:10,307 - SmartHomeAI - INFO - Telegram alert sent: [00:36:54] [INTRUSION] Track 72 entered ROI
2025-12-15 00:51:17,809 - SmartHomeAI - INFO - Initializing components...
2025-12-15 00:51:17,810 - SmartHomeAI - INFO - Opening camera source: E:\KLTN\Video\Avenue_Dataset\Avenue Dataset\testing_videos\03.avi
2025-12-15 00:51:17,866 - SmartHomeAI - INFO - Camera opened successfully: E:\KLTN\Video\Avenue_Dataset\Avenue Dataset\testing_videos\03.avi
2025-12-15 00:51:17,867 - SmartHomeAI - INFO - Source FPS: 25.0. Target delay: 0.0400s
2025-12-15 00:51:17,867 - SmartHomeAI - INFO - Starting video stream thread.
2025-12-15 00:51:21,183 - SmartHomeAI - INFO - Initializing Detector on device: cuda
2025-12-15 00:51:21,246 - SmartHomeAI - INFO - Initializing DeepSort with max_age=30, n_init=3, embedder=mobilenet
2025-12-15 00:51:23,902 - SmartHomeAI - INFO - Initializing ViolenceDetector on cuda with model: E:\KLTN\AI-Smart-Home-Security\models/violence/Violence_Yolov8.pt
2025-12-15 00:51:23,973 - SmartHomeAI - INFO - Initializing FallDetector on cuda with model: E:\KLTN\AI-Smart-Home-Security\models/fall/Fall_Yolov11.pt
2025-12-15 00:51:24,296 - SmartHomeAI - INFO - Pygame mixer initialized.
2025-12-15 00:51:24,296 - SmartHomeAI - INFO - System Ready. Press 'q' to quit.
2025-12-15 00:51:24,945 - SmartHomeAI - WARNING - [00:51:24] [INTRUSION] Track 1 entered ROI
2025-12-15 00:51:24,945 - SmartHomeAI - WARNING - Sound file not found: data/assets/sounds\alarm.mp3
2025-12-15 00:51:24,950 - SmartHomeAI - WARNING - [00:51:24] [INTRUSION] Track 2 entered ROI
2025-12-15 00:51:24,950 - SmartHomeAI - WARNING - Sound file not found: data/assets/sounds\alarm.mp3
2025-12-15 00:51:24,953 - SmartHomeAI - WARNING - [00:51:24] [INTRUSION] Track 3 entered ROI
2025-12-15 00:51:24,953 - SmartHomeAI - WARNING - Sound file not found: data/assets/sounds\alarm.mp3
2025-12-15 00:51:24,956 - SmartHomeAI - WARNING - [00:51:24] [INTRUSION] Track 4 entered ROI
2025-12-15 00:51:24,956 - SmartHomeAI - WARNING - Sound file not found: data/assets/sounds\alarm.mp3
2025-12-15 00:51:24,993 - SmartHomeAI - WARNING - [00:51:24] [INTRUSION] Track 7 entered ROI
2025-12-15 00:51:24,993 - SmartHomeAI - WARNING - Sound file not found: data/assets/sounds\alarm.mp3
2025-12-15 00:51:25,300 - SmartHomeAI - WARNING - [00:51:24] [VIOLENCE] Violence detected near track 1
2025-12-15 00:51:25,300 - SmartHomeAI - WARNING - Sound file not found: data/assets/sounds\alarm.mp3
2025-12-15 00:51:25,403 - SmartHomeAI - WARNING - [00:51:25] [INTRUSION] Track 10 entered ROI
2025-12-15 00:51:25,403 - SmartHomeAI - WARNING - Sound file not found: data/assets/sounds\alarm.mp3
2025-12-15 00:51:25,544 - SmartHomeAI - WARNING - [00:51:25] [VIOLENCE] Violence detected near track 3
2025-12-15 00:51:25,544 - SmartHomeAI - WARNING - Sound file not found: data/assets/sounds\alarm.mp3
2025-12-15 00:51:25,609 - SmartHomeAI - WARNING - [00:51:25] [INTRUSION] Track 12 entered ROI
2025-12-15 00:51:25,610 - SmartHomeAI - WARNING - Sound file not found: data/assets/sounds\alarm.mp3
2025-12-15 00:51:25,798 - SmartHomeAI - INFO - [00:51:25] [RUNNING] Track 3 running (203.1 px/s)
2025-12-15 00:51:25,987 - SmartHomeAI - WARNING - [00:51:25] [VIOLENCE] Violence detected near track 2
2025-12-15 00:51:25,987 - SmartHomeAI - WARNING - Sound file not found: data/assets/sounds\alarm.mp3
2025-12-15 00:51:25,990 - SmartHomeAI - WARNING - [00:51:25] [VIOLENCE] Violence detected near track 12
2025-12-15 00:51:25,990 - SmartHomeAI - WARNING - Sound file not found: data/assets/sounds\alarm.mp3
2025-12-15 00:51:26,063 - SmartHomeAI - WARNING - [00:51:26] [INTRUSION] Track 16 entered ROI
2025-12-15 00:51:26,063 - SmartHomeAI - WARNING - Sound file not found: data/assets/sounds\alarm.mp3
2025-12-15 00:51:26,197 - SmartHomeAI - INFO - [00:51:26] [RUNNING] Track 3 running (297.9 px/s)
2025-12-15 00:51:26,200 - SmartHomeAI - WARNING - [00:51:26] [VIOLENCE] Violence detected near track 16
2025-12-15 00:51:26,200 - SmartHomeAI - WARNING - Sound file not found: data/assets/sounds\alarm.mp3
2025-12-15 00:51:26,269 - SmartHomeAI - INFO - [00:51:26] [RUNNING] Track 2 running (930.3 px/s)
2025-12-15 00:51:26,430 - SmartHomeAI - WARNING - [00:51:26] [VIOLENCE] Violence detected near track 16
2025-12-15 00:51:26,431 - SmartHomeAI - WARNING - Sound file not found: data/assets/sounds\alarm.mp3
2025-12-15 00:51:26,683 - SmartHomeAI - WARNING - [00:51:26] [VIOLENCE] Violence detected near track 2
2025-12-15 00:51:26,684 - SmartHomeAI - WARNING - Sound file not found: data/assets/sounds\alarm.mp3
2025-12-15 00:51:26,750 - SmartHomeAI - INFO - [00:51:26] [RUNNING] Track 7 running (1363.1 px/s)
2025-12-15 00:51:27,353 - SmartHomeAI - WARNING - [00:51:27] [VIOLENCE] Violence detected near track 3
2025-12-15 00:51:27,353 - SmartHomeAI - WARNING - Sound file not found: data/assets/sounds\alarm.mp3
2025-12-15 00:51:27,356 - SmartHomeAI - WARNING - [00:51:27] [VIOLENCE] Violence detected near track 2
2025-12-15 00:51:27,356 - SmartHomeAI - WARNING - Sound file not found: data/assets/sounds\alarm.mp3
2025-12-15 00:51:27,635 - SmartHomeAI - WARNING - [00:51:27] [VIOLENCE] Violence detected near track 3
2025-12-15 00:51:27,635 - SmartHomeAI - WARNING - Sound file not found: data/assets/sounds\alarm.mp3
2025-12-15 00:51:27,639 - SmartHomeAI - WARNING - [00:51:27] [VIOLENCE] Violence detected near track 16
2025-12-15 00:51:27,639 - SmartHomeAI - WARNING - Sound file not found: data/assets/sounds\alarm.mp3
2025-12-15 00:51:27,647 - SmartHomeAI - WARNING - [00:51:27] [VIOLENCE] Violence detected near track 7
2025-12-15 00:51:27,647 - SmartHomeAI - WARNING - Sound file not found: data/assets/sounds\alarm.mp3
2025-12-15 00:51:27,916 - SmartHomeAI - WARNING - [00:51:27] [VIOLENCE] Violence detected near track 3
2025-12-15 00:51:27,919 - SmartHomeAI - WARNING - Sound file not found: data/assets/sounds\alarm.mp3
2025-12-15 00:51:27,923 - SmartHomeAI - WARNING - [00:51:27] [VIOLENCE] Violence detected near track 12
2025-12-15 00:51:27,923 - SmartHomeAI - WARNING - Sound file not found: data/assets/sounds\alarm.mp3
2025-12-15 00:51:28,433 - SmartHomeAI - WARNING - [00:51:28] [VIOLENCE] Violence detected near track 3
2025-12-15 00:51:28,434 - SmartHomeAI - WARNING - Sound file not found: data/assets/sounds\alarm.mp3
2025-12-15 00:51:28,732 - SmartHomeAI - WARNING - [00:51:28] [VIOLENCE] Violence detected near track 3
2025-12-15 00:51:28,732 - SmartHomeAI - WARNING - Sound file not found: data/assets/sounds\alarm.mp3
2025-12-15 00:51:28,944 - SmartHomeAI - WARNING - [00:51:28] [VIOLENCE] Violence detected near track 3
2025-12-15 00:51:28,944 - SmartHomeAI - WARNING - Sound file not found: data/assets/sounds\alarm.mp3
2025-12-15 00:51:29,056 - SmartHomeAI - INFO - Telegram alert sent: [00:51:24] [INTRUSION] Track 3 entered ROI
2025-12-15 00:51:29,098 - SmartHomeAI - INFO - Telegram alert sent: [00:51:24] [INTRUSION] Track 4 entered ROI
2025-12-15 00:51:29,160 - SmartHomeAI - WARNING - [00:51:29] [VIOLENCE] Violence detected near track 3
2025-12-15 00:51:29,160 - SmartHomeAI - WARNING - Sound file not found: data/assets/sounds\alarm.mp3
2025-12-15 00:51:29,181 - SmartHomeAI - INFO - Telegram alert sent: [00:51:24] [INTRUSION] Track 7 entered ROI
2025-12-15 00:51:29,213 - SmartHomeAI - INFO - Telegram alert sent: [00:51:24] [INTRUSION] Track 2 entered ROI
2025-12-15 00:51:29,262 - SmartHomeAI - INFO - Telegram alert sent: [00:51:24] [INTRUSION] Track 1 entered ROI
2025-12-15 00:51:29,355 - SmartHomeAI - INFO - Telegram alert sent: [00:51:24] [VIOLENCE] Violence detected near track 1
2025-12-15 00:51:29,493 - SmartHomeAI - WARNING - [00:51:29] [INTRUSION] Track 2 entered ROI
2025-12-15 00:51:29,494 - SmartHomeAI - WARNING - Sound file not found: data/assets/sounds\alarm.mp3
2025-12-15 00:51:29,497 - SmartHomeAI - WARNING - [00:51:29] [VIOLENCE] Violence detected near track 3
2025-12-15 00:51:29,497 - SmartHomeAI - WARNING - Sound file not found: data/assets/sounds\alarm.mp3
2025-12-15 00:51:29,714 - SmartHomeAI - WARNING - [00:51:29] [VIOLENCE] Violence detected near track 3
2025-12-15 00:51:29,714 - SmartHomeAI - WARNING - Sound file not found: data/assets/sounds\alarm.mp3
2025-12-15 00:51:29,928 - SmartHomeAI - INFO - [00:51:29] [RUNNING] Track 7 running (368.2 px/s)
2025-12-15 00:51:29,930 - SmartHomeAI - WARNING - [00:51:29] [VIOLENCE] Violence detected near track 3
2025-12-15 00:51:29,931 - SmartHomeAI - WARNING - Sound file not found: data/assets/sounds\alarm.mp3
2025-12-15 00:51:29,970 - SmartHomeAI - INFO - [00:51:29] [LOITERING] Track 3 loitering (5.0s)
2025-12-15 00:51:30,009 - SmartHomeAI - WARNING - [00:51:29] [INTRUSION] Track 3 entered ROI
2025-12-15 00:51:30,010 - SmartHomeAI - WARNING - Sound file not found: data/assets/sounds\alarm.mp3
2025-12-15 00:51:30,012 - SmartHomeAI - INFO - [00:51:29] [LOITERING] Track 7 loitering (5.0s)
2025-12-15 00:51:30,050 - SmartHomeAI - WARNING - [00:51:30] [INTRUSION] Track 7 entered ROI
2025-12-15 00:51:30,050 - SmartHomeAI - WARNING - Sound file not found: data/assets/sounds\alarm.mp3
2025-12-15 00:51:30,156 - SmartHomeAI - WARNING - [00:51:30] [VIOLENCE] Violence detected near track 3
2025-12-15 00:51:30,156 - SmartHomeAI - WARNING - Sound file not found: data/assets/sounds\alarm.mp3
2025-12-15 00:51:30,385 - SmartHomeAI - WARNING - [00:51:30] [VIOLENCE] Violence detected near track 3
2025-12-15 00:51:30,385 - SmartHomeAI - WARNING - Sound file not found: data/assets/sounds\alarm.mp3
2025-12-15 00:51:30,389 - SmartHomeAI - WARNING - [00:51:30] [VIOLENCE] Violence detected near track 2
2025-12-15 00:51:30,389 - SmartHomeAI - WARNING - Sound file not found: data/assets/sounds\alarm.mp3
2025-12-15 00:51:30,601 - SmartHomeAI - WARNING - [00:51:30] [VIOLENCE] Violence detected near track 3
2025-12-15 00:51:30,602 - SmartHomeAI - WARNING - Sound file not found: data/assets/sounds\alarm.mp3
2025-12-15 00:51:30,604 - SmartHomeAI - WARNING - [00:51:30] [VIOLENCE] Violence detected near track 2
2025-12-15 00:51:30,604 - SmartHomeAI - WARNING - Sound file not found: data/assets/sounds\alarm.mp3
2025-12-15 00:51:30,608 - SmartHomeAI - WARNING - [00:51:30] [VIOLENCE] Violence detected near track 7
2025-12-15 00:51:30,609 - SmartHomeAI - WARNING - Sound file not found: data/assets/sounds\alarm.mp3
2025-12-15 00:51:30,612 - SmartHomeAI - WARNING - [00:51:30] [VIOLENCE] Violence detected near track 16
2025-12-15 00:51:30,612 - SmartHomeAI - WARNING - Sound file not found: data/assets/sounds\alarm.mp3
2025-12-15 00:51:30,651 - SmartHomeAI - INFO - [00:51:30] [LOITERING] Track 12 loitering (5.0s)
2025-12-15 00:51:30,691 - SmartHomeAI - WARNING - [00:51:30] [INTRUSION] Track 12 entered ROI
2025-12-15 00:51:30,691 - SmartHomeAI - WARNING - Sound file not found: data/assets/sounds\alarm.mp3
2025-12-15 00:51:30,694 - SmartHomeAI - INFO - [00:51:30] [RUNNING] Track 21 running (280.1 px/s)
2025-12-15 00:51:30,859 - SmartHomeAI - WARNING - [00:51:30] [VIOLENCE] Violence detected near track 3
2025-12-15 00:51:30,859 - SmartHomeAI - WARNING - Sound file not found: data/assets/sounds\alarm.mp3
2025-12-15 00:51:30,861 - SmartHomeAI - WARNING - [00:51:30] [VIOLENCE] Violence detected near track 2
2025-12-15 00:51:30,862 - SmartHomeAI - WARNING - Sound file not found: data/assets/sounds\alarm.mp3
2025-12-15 00:51:31,156 - SmartHomeAI - INFO - [00:51:31] [LOITERING] Track 16 loitering (5.0s)
2025-12-15 00:51:31,361 - SmartHomeAI - WARNING - [00:51:31] [INTRUSION] Track 16 entered ROI
2025-12-15 00:51:31,361 - SmartHomeAI - WARNING - Sound file not found: data/assets/sounds\alarm.mp3
2025-12-15 00:51:31,365 - SmartHomeAI - WARNING - [00:51:31] [VIOLENCE] Violence detected near track 3
2025-12-15 00:51:31,366 - SmartHomeAI - WARNING - Sound file not found: data/assets/sounds\alarm.mp3
2025-12-15 00:51:31,373 - SmartHomeAI - WARNING - [00:51:31] [VIOLENCE] Violence detected near track 2
2025-12-15 00:51:31,374 - SmartHomeAI - WARNING - Sound file not found: data/assets/sounds\alarm.mp3
2025-12-15 00:51:31,377 - SmartHomeAI - WARNING - [00:51:31] [VIOLENCE] Violence detected near track 21
2025-12-15 00:51:31,377 - SmartHomeAI - WARNING - Sound file not found: data/assets/sounds\alarm.mp3
2025-12-15 00:51:31,429 - SmartHomeAI - WARNING - [00:51:31] [INTRUSION] Track 21 entered ROI
2025-12-15 00:51:31,429 - SmartHomeAI - WARNING - Sound file not found: data/assets/sounds\alarm.mp3
2025-12-15 00:51:31,680 - SmartHomeAI - WARNING - [00:51:31] [VIOLENCE] Violence detected near track 3
2025-12-15 00:51:31,681 - SmartHomeAI - WARNING - Sound file not found: data/assets/sounds\alarm.mp3
2025-12-15 00:51:31,684 - SmartHomeAI - WARNING - [00:51:31] [VIOLENCE] Violence detected near track 21
2025-12-15 00:51:31,684 - SmartHomeAI - WARNING - Sound file not found: data/assets/sounds\alarm.mp3
2025-12-15 00:51:31,754 - SmartHomeAI - INFO - [00:51:31] [RUNNING] Track 7 running (2098.9 px/s)
2025-12-15 00:51:31,801 - SmartHomeAI - INFO - [00:51:31] [RUNNING] Track 16 running (2439.2 px/s)
2025-12-15 00:51:31,922 - SmartHomeAI - WARNING - [00:51:31] [VIOLENCE] Violence detected near track 3
2025-12-15 00:51:31,922 - SmartHomeAI - WARNING - Sound file not found: data/assets/sounds\alarm.mp3
2025-12-15 00:51:31,925 - SmartHomeAI - WARNING - [00:51:31] [VIOLENCE] Violence detected near track 21
2025-12-15 00:51:31,925 - SmartHomeAI - WARNING - Sound file not found: data/assets/sounds\alarm.mp3
2025-12-15 00:51:32,159 - SmartHomeAI - WARNING - [00:51:32] [INTRUSION] Track 24 entered ROI
2025-12-15 00:51:32,160 - SmartHomeAI - WARNING - Sound file not found: data/assets/sounds\alarm.mp3
2025-12-15 00:51:32,163 - SmartHomeAI - WARNING - [00:51:32] [VIOLENCE] Violence detected near track 24
2025-12-15 00:51:32,163 - SmartHomeAI - WARNING - Sound file not found: data/assets/sounds\alarm.mp3
2025-12-15 00:51:32,280 - SmartHomeAI - WARNING - [00:51:32] [INTRUSION] Track 25 entered ROI
2025-12-15 00:51:32,280 - SmartHomeAI - WARNING - Sound file not found: data/assets/sounds\alarm.mp3
2025-12-15 00:51:32,442 - SmartHomeAI - WARNING - [00:51:32] [VIOLENCE] Violence detected near track 3
2025-12-15 00:51:32,443 - SmartHomeAI - WARNING - Sound file not found: data/assets/sounds\alarm.mp3
2025-12-15 00:51:32,446 - SmartHomeAI - WARNING - [00:51:32] [VIOLENCE] Violence detected near track 25
2025-12-15 00:51:32,446 - SmartHomeAI - WARNING - Sound file not found: data/assets/sounds\alarm.mp3
2025-12-15 00:51:32,484 - SmartHomeAI - INFO - [00:51:32] [RUNNING] Track 24 running (825.2 px/s)
2025-12-15 00:51:32,516 - SmartHomeAI - INFO - [00:51:32] [RUNNING] Track 24 running (390.6 px/s)
2025-12-15 00:51:32,658 - SmartHomeAI - INFO - Telegram alert sent: [00:51:25] [INTRUSION] Track 10 entered ROI
2025-12-15 00:51:32,662 - SmartHomeAI - INFO - [00:51:32] [RUNNING] Track 3 running (723.4 px/s)
2025-12-15 00:51:32,664 - SmartHomeAI - INFO - [00:51:32] [RUNNING] Track 24 running (383.9 px/s)
2025-12-15 00:51:32,727 - SmartHomeAI - INFO - Telegram alert sent: [00:51:25] [INTRUSION] Track 12 entered ROI
2025-12-15 00:51:32,797 - SmartHomeAI - INFO - Telegram alert sent: [00:51:25] [RUNNING] Track 3 running (203.1 px/s)
2025-12-15 00:51:32,823 - SmartHomeAI - INFO - [00:51:32] [RUNNING] Track 21 running (1421.5 px/s)
2025-12-15 00:51:32,910 - SmartHomeAI - INFO - Telegram alert sent: [00:51:25] [VIOLENCE] Violence detected near track 3
2025-12-15 00:51:32,916 - SmartHomeAI - WARNING - [00:51:32] [VIOLENCE] Violence detected near track 3
2025-12-15 00:51:32,916 - SmartHomeAI - WARNING - Sound file not found: data/assets/sounds\alarm.mp3
2025-12-15 00:51:32,919 - SmartHomeAI - WARNING - [00:51:32] [VIOLENCE] Violence detected near track 24
2025-12-15 00:51:32,919 - SmartHomeAI - WARNING - Sound file not found: data/assets/sounds\alarm.mp3
2025-12-15 00:51:32,922 - SmartHomeAI - WARNING - [00:51:32] [VIOLENCE] Violence detected near track 21
2025-12-15 00:51:32,922 - SmartHomeAI - WARNING - Sound file not found: data/assets/sounds\alarm.mp3
2025-12-15 00:51:32,969 - SmartHomeAI - INFO - Telegram alert sent: [00:51:25] [VIOLENCE] Violence detected near track 12
2025-12-15 00:51:33,034 - SmartHomeAI - INFO - Telegram alert sent: [00:51:25] [VIOLENCE] Violence detected near track 2
2025-12-15 00:51:33,060 - SmartHomeAI - INFO - [00:51:33] [RUNNING] Track 21 running (244.9 px/s)
2025-12-15 00:51:33,103 - SmartHomeAI - INFO - Telegram alert sent: [00:51:26] [INTRUSION] Track 16 entered ROI
2025-12-15 00:51:33,333 - SmartHomeAI - INFO - Telegram alert sent: [00:51:26] [VIOLENCE] Violence detected near track 16
2025-12-15 00:51:33,396 - SmartHomeAI - INFO - Telegram alert sent: [00:51:26] [RUNNING] Track 3 running (297.9 px/s)
2025-12-15 00:51:34,779 - SmartHomeAI - WARNING - [00:51:34] [VIOLENCE] Violence detected near track 24
2025-12-15 00:51:34,780 - SmartHomeAI - WARNING - Sound file not found: data/assets/sounds\alarm.mp3
2025-12-15 00:51:34,783 - SmartHomeAI - WARNING - [00:51:34] [VIOLENCE] Violence detected near track 25
2025-12-15 00:51:34,783 - SmartHomeAI - WARNING - Sound file not found: data/assets/sounds\alarm.mp3
2025-12-15 00:51:34,881 - SmartHomeAI - WARNING - [00:51:34] [INTRUSION] Track 29 entered ROI
2025-12-15 00:51:34,881 - SmartHomeAI - WARNING - Sound file not found: data/assets/sounds\alarm.mp3
2025-12-15 00:51:34,927 - SmartHomeAI - WARNING - [00:51:34] [INTRUSION] Track 30 entered ROI
2025-12-15 00:51:34,929 - SmartHomeAI - WARNING - Sound file not found: data/assets/sounds\alarm.mp3
2025-12-15 00:51:35,044 - SmartHomeAI - WARNING - [00:51:34] [VIOLENCE] Violence detected near track 24
2025-12-15 00:51:35,045 - SmartHomeAI - WARNING - Sound file not found: data/assets/sounds\alarm.mp3
2025-12-15 00:51:35,048 - SmartHomeAI - WARNING - [00:51:34] [VIOLENCE] Violence detected near track 30
2025-12-15 00:51:35,048 - SmartHomeAI - WARNING - Sound file not found: data/assets/sounds\alarm.mp3
2025-12-15 00:51:35,091 - SmartHomeAI - INFO - [00:51:35] [LOITERING] Track 3 loitering (5.1s)
2025-12-15 00:51:35,130 - SmartHomeAI - WARNING - [00:51:35] [INTRUSION] Track 3 entered ROI
2025-12-15 00:51:35,130 - SmartHomeAI - WARNING - Sound file not found: data/assets/sounds\alarm.mp3
2025-12-15 00:51:35,283 - SmartHomeAI - WARNING - [00:51:35] [VIOLENCE] Violence detected near track 24
2025-12-15 00:51:35,283 - SmartHomeAI - WARNING - Sound file not found: data/assets/sounds\alarm.mp3
2025-12-15 00:51:35,286 - SmartHomeAI - WARNING - [00:51:35] [VIOLENCE] Violence detected near track 30
2025-12-15 00:51:35,286 - SmartHomeAI - WARNING - Sound file not found: data/assets/sounds\alarm.mp3
2025-12-15 00:51:35,506 - SmartHomeAI - WARNING - [00:51:35] [VIOLENCE] Violence detected near track 24
2025-12-15 00:51:35,506 - SmartHomeAI - WARNING - Sound file not found: data/assets/sounds\alarm.mp3
2025-12-15 00:51:35,628 - SmartHomeAI - INFO - [00:51:35] [RUNNING] Track 29 running (422.1 px/s)
2025-12-15 00:51:35,752 - SmartHomeAI - WARNING - [00:51:35] [VIOLENCE] Violence detected near track 24
2025-12-15 00:51:35,752 - SmartHomeAI - WARNING - Sound file not found: data/assets/sounds\alarm.mp3
2025-12-15 00:51:35,994 - SmartHomeAI - WARNING - [00:51:35] [VIOLENCE] Violence detected near track 24
2025-12-15 00:51:35,994 - SmartHomeAI - WARNING - Sound file not found: data/assets/sounds\alarm.mp3
2025-12-15 00:51:36,209 - SmartHomeAI - WARNING - [00:51:36] [VIOLENCE] Violence detected near track 24
2025-12-15 00:51:36,210 - SmartHomeAI - WARNING - Sound file not found: data/assets/sounds\alarm.mp3
2025-12-15 00:51:36,213 - SmartHomeAI - WARNING - [00:51:36] [VIOLENCE] Violence detected near track 29
2025-12-15 00:51:36,213 - SmartHomeAI - WARNING - Sound file not found: data/assets/sounds\alarm.mp3
2025-12-15 00:51:36,214 - SmartHomeAI - WARNING - [00:51:36] [VIOLENCE] Violence detected near track 31
2025-12-15 00:51:36,214 - SmartHomeAI - WARNING - Sound file not found: data/assets/sounds\alarm.mp3
2025-12-15 00:51:36,217 - SmartHomeAI - WARNING - [00:51:36] [VIOLENCE] Violence detected near track 30
2025-12-15 00:51:36,217 - SmartHomeAI - WARNING - Sound file not found: data/assets/sounds\alarm.mp3
2025-12-15 00:51:36,651 - SmartHomeAI - WARNING - [00:51:36] [VIOLENCE] Violence detected near track 24
2025-12-15 00:51:36,651 - SmartHomeAI - WARNING - Sound file not found: data/assets/sounds\alarm.mp3
2025-12-15 00:51:36,794 - SmartHomeAI - WARNING - [00:51:36] [INTRUSION] Track 31 entered ROI
2025-12-15 00:51:36,794 - SmartHomeAI - WARNING - Sound file not found: data/assets/sounds\alarm.mp3
2025-12-15 00:51:36,875 - SmartHomeAI - WARNING - [00:51:36] [VIOLENCE] Violence detected near track 24
2025-12-15 00:51:36,876 - SmartHomeAI - WARNING - Sound file not found: data/assets/sounds\alarm.mp3
2025-12-15 00:51:36,951 - SmartHomeAI - WARNING - [00:51:36] [INTRUSION] Track 32 entered ROI
2025-12-15 00:51:36,952 - SmartHomeAI - WARNING - Sound file not found: data/assets/sounds\alarm.mp3
2025-12-15 00:51:37,070 - SmartHomeAI - WARNING - [00:51:37] [VIOLENCE] Violence detected near track 24
2025-12-15 00:51:37,070 - SmartHomeAI - WARNING - Sound file not found: data/assets/sounds\alarm.mp3
2025-12-15 00:51:37,135 - SmartHomeAI - INFO - [00:51:37] [LOITERING] Track 24 loitering (5.0s)
2025-12-15 00:51:37,159 - SmartHomeAI - WARNING - [00:51:37] [INTRUSION] Track 24 entered ROI
2025-12-15 00:51:37,159 - SmartHomeAI - WARNING - Sound file not found: data/assets/sounds\alarm.mp3
2025-12-15 00:51:37,274 - SmartHomeAI - WARNING - [00:51:37] [VIOLENCE] Violence detected near track 24
2025-12-15 00:51:37,275 - SmartHomeAI - WARNING - Sound file not found: data/assets/sounds\alarm.mp3
2025-12-15 00:51:37,277 - SmartHomeAI - WARNING - [00:51:37] [VIOLENCE] Violence detected near track 16
2025-12-15 00:51:37,277 - SmartHomeAI - WARNING - Sound file not found: data/assets/sounds\alarm.mp3
2025-12-15 00:51:37,474 - SmartHomeAI - WARNING - [00:51:37] [VIOLENCE] Violence detected near track 24
2025-12-15 00:51:37,474 - SmartHomeAI - WARNING - Sound file not found: data/assets/sounds\alarm.mp3
2025-12-15 00:51:37,652 - SmartHomeAI - INFO - Telegram alert sent: [00:51:26] [RUNNING] Track 2 running (930.3 px/s)
2025-12-15 00:51:37,671 - SmartHomeAI - WARNING - [00:51:37] [VIOLENCE] Violence detected near track 24
2025-12-15 00:51:37,672 - SmartHomeAI - WARNING - Sound file not found: data/assets/sounds\alarm.mp3
2025-12-15 00:51:37,675 - SmartHomeAI - WARNING - [00:51:37] [VIOLENCE] Violence detected near track 31
2025-12-15 00:51:37,675 - SmartHomeAI - WARNING - Sound file not found: data/assets/sounds\alarm.mp3
2025-12-15 00:51:37,682 - SmartHomeAI - INFO - Telegram alert sent: [00:51:26] [VIOLENCE] Violence detected near track 16
2025-12-15 00:51:37,813 - SmartHomeAI - INFO - Telegram alert sent: [00:51:26] [VIOLENCE] Violence detected near track 2
2025-12-15 00:51:37,842 - SmartHomeAI - INFO - Telegram alert sent: [00:51:26] [RUNNING] Track 7 running (1363.1 px/s)
2025-12-15 00:51:37,896 - SmartHomeAI - WARNING - [00:51:37] [VIOLENCE] Violence detected near track 24
2025-12-15 00:51:37,896 - SmartHomeAI - WARNING - Sound file not found: data/assets/sounds\alarm.mp3
2025-12-15 00:51:37,920 - SmartHomeAI - INFO - Telegram alert sent: [00:51:27] [VIOLENCE] Violence detected near track 3
2025-12-15 00:51:37,946 - SmartHomeAI - INFO - [00:51:37] [RUNNING] Track 30 running (285.5 px/s)
2025-12-15 00:51:38,000 - SmartHomeAI - INFO - Telegram alert sent: [00:51:27] [VIOLENCE] Violence detected near track 2
2025-12-15 00:51:38,108 - SmartHomeAI - INFO - Telegram alert sent: [00:51:27] [VIOLENCE] Violence detected near track 7
2025-12-15 00:51:38,153 - SmartHomeAI - WARNING - [00:51:38] [VIOLENCE] Violence detected near track 24
2025-12-15 00:51:38,153 - SmartHomeAI - WARNING - Sound file not found: data/assets/sounds\alarm.mp3
2025-12-15 00:51:38,289 - SmartHomeAI - INFO - Telegram alert sent: [00:51:27] [VIOLENCE] Violence detected near track 3
2025-12-15 00:51:38,326 - SmartHomeAI - INFO - Telegram alert sent: [00:51:27] [VIOLENCE] Violence detected near track 16
2025-12-15 00:51:39,579 - SmartHomeAI - WARNING - [00:51:39] [VIOLENCE] Violence detected near track 24
2025-12-15 00:51:39,580 - SmartHomeAI - WARNING - Sound file not found: data/assets/sounds\alarm.mp3
2025-12-15 00:51:39,772 - SmartHomeAI - WARNING - [00:51:39] [INTRUSION] Track 33 entered ROI
2025-12-15 00:51:39,772 - SmartHomeAI - WARNING - Sound file not found: data/assets/sounds\alarm.mp3
2025-12-15 00:51:39,867 - SmartHomeAI - WARNING - [00:51:39] [VIOLENCE] Violence detected near track 24
2025-12-15 00:51:39,867 - SmartHomeAI - WARNING - Sound file not found: data/assets/sounds\alarm.mp3
2025-12-15 00:51:39,875 - SmartHomeAI - WARNING - [00:51:39] [VIOLENCE] Violence detected near track 33
2025-12-15 00:51:39,875 - SmartHomeAI - WARNING - Sound file not found: data/assets/sounds\alarm.mp3
2025-12-15 00:51:40,083 - SmartHomeAI - WARNING - [00:51:40] [VIOLENCE] Violence detected near track 24
2025-12-15 00:51:40,085 - SmartHomeAI - WARNING - Sound file not found: data/assets/sounds\alarm.mp3
2025-12-15 00:51:40,087 - SmartHomeAI - WARNING - [00:51:40] [VIOLENCE] Violence detected near track 33
2025-12-15 00:51:40,087 - SmartHomeAI - WARNING - Sound file not found: data/assets/sounds\alarm.mp3
2025-12-15 00:51:40,358 - SmartHomeAI - WARNING - [00:51:40] [VIOLENCE] Violence detected near track 24
2025-12-15 00:51:40,360 - SmartHomeAI - WARNING - Sound file not found: data/assets/sounds\alarm.mp3
2025-12-15 00:51:40,362 - SmartHomeAI - WARNING - [00:51:40] [VIOLENCE] Violence detected near track 31
2025-12-15 00:51:40,363 - SmartHomeAI - WARNING - Sound file not found: data/assets/sounds\alarm.mp3
2025-12-15 00:51:40,365 - SmartHomeAI - WARNING - [00:51:40] [VIOLENCE] Violence detected near track 33
2025-12-15 00:51:40,365 - SmartHomeAI - WARNING - Sound file not found: data/assets/sounds\alarm.mp3
2025-12-15 00:51:40,594 - SmartHomeAI - WARNING - [00:51:40] [VIOLENCE] Violence detected near track 24
2025-12-15 00:51:40,594 - SmartHomeAI - WARNING - Sound file not found: data/assets/sounds\alarm.mp3
2025-12-15 00:51:40,597 - SmartHomeAI - WARNING - [00:51:40] [VIOLENCE] Violence detected near track 33
2025-12-15 00:51:40,597 - SmartHomeAI - WARNING - Sound file not found: data/assets/sounds\alarm.mp3
2025-12-15 00:51:40,830 - SmartHomeAI - WARNING - [00:51:40] [VIOLENCE] Violence detected near track 24
2025-12-15 00:51:40,830 - SmartHomeAI - WARNING - Sound file not found: data/assets/sounds\alarm.mp3
2025-12-15 00:51:40,833 - SmartHomeAI - WARNING - [00:51:40] [VIOLENCE] Violence detected near track 33
2025-12-15 00:51:40,833 - SmartHomeAI - WARNING - Sound file not found: data/assets/sounds\alarm.mp3
2025-12-15 00:51:41,065 - SmartHomeAI - WARNING - [00:51:40] [VIOLENCE] Violence detected near track 33
2025-12-15 00:51:41,065 - SmartHomeAI - WARNING - Sound file not found: data/assets/sounds\alarm.mp3
2025-12-15 00:51:41,067 - SmartHomeAI - WARNING - [00:51:40] [VIOLENCE] Violence detected near track 24
2025-12-15 00:51:41,067 - SmartHomeAI - WARNING - Sound file not found: data/assets/sounds\alarm.mp3
2025-12-15 00:51:41,402 - SmartHomeAI - WARNING - [00:51:41] [VIOLENCE] Violence detected near track 33
2025-12-15 00:51:41,403 - SmartHomeAI - WARNING - Sound file not found: data/assets/sounds\alarm.mp3
2025-12-15 00:51:41,841 - SmartHomeAI - WARNING - [00:51:41] [VIOLENCE] Violence detected near track 33
2025-12-15 00:51:41,841 - SmartHomeAI - WARNING - Sound file not found: data/assets/sounds\alarm.mp3
2025-12-15 00:51:42,080 - SmartHomeAI - WARNING - [00:51:41] [VIOLENCE] Violence detected near track 33
2025-12-15 00:51:42,080 - SmartHomeAI - WARNING - Sound file not found: data/assets/sounds\alarm.mp3
2025-12-15 00:51:42,083 - SmartHomeAI - WARNING - [00:51:41] [VIOLENCE] Violence detected near track 24
2025-12-15 00:51:42,083 - SmartHomeAI - WARNING - Sound file not found: data/assets/sounds\alarm.mp3
2025-12-15 00:51:42,086 - SmartHomeAI - WARNING - [00:51:41] [VIOLENCE] Violence detected near track 36
2025-12-15 00:51:42,086 - SmartHomeAI - WARNING - Sound file not found: data/assets/sounds\alarm.mp3
2025-12-15 00:51:42,197 - SmartHomeAI - INFO - [00:51:42] [LOITERING] Track 24 loitering (5.0s)
2025-12-15 00:51:42,243 - SmartHomeAI - WARNING - [00:51:42] [INTRUSION] Track 24 entered ROI
2025-12-15 00:51:42,244 - SmartHomeAI - WARNING - Sound file not found: data/assets/sounds\alarm.mp3
2025-12-15 00:51:42,344 - SmartHomeAI - WARNING - [00:51:42] [VIOLENCE] Violence detected near track 33
2025-12-15 00:51:42,345 - SmartHomeAI - WARNING - Sound file not found: data/assets/sounds\alarm.mp3
2025-12-15 00:51:42,348 - SmartHomeAI - WARNING - [00:51:42] [VIOLENCE] Violence detected near track 36
2025-12-15 00:51:42,348 - SmartHomeAI - WARNING - Sound file not found: data/assets/sounds\alarm.mp3
2025-12-15 00:51:42,510 - SmartHomeAI - INFO - Telegram alert sent: [00:51:29] [RUNNING] Track 7 running (368.2 px/s)
2025-12-15 00:51:42,513 - SmartHomeAI - INFO - Telegram alert sent: [00:51:29] [LOITERING] Track 3 loitering (5.0s)
2025-12-15 00:51:42,513 - SmartHomeAI - INFO - Telegram alert sent: [00:51:29] [VIOLENCE] Violence detected near track 3
2025-12-15 00:51:42,513 - SmartHomeAI - INFO - Telegram alert sent: [00:51:30] [VIOLENCE] Violence detected near track 7
2025-12-15 00:51:42,513 - SmartHomeAI - INFO - Telegram alert sent: [00:51:30] [VIOLENCE] Violence detected near track 2
2025-12-15 00:51:42,519 - SmartHomeAI - INFO - Telegram alert sent: [00:51:28] [VIOLENCE] Violence detected near track 3
2025-12-15 00:51:42,519 - SmartHomeAI - INFO - Telegram alert sent: [00:51:27] [VIOLENCE] Violence detected near track 3
2025-12-15 00:51:42,519 - SmartHomeAI - INFO - Telegram alert sent: [00:51:30] [VIOLENCE] Violence detected near track 2
2025-12-15 00:51:42,520 - SmartHomeAI - INFO - Telegram alert sent: [00:51:30] [VIOLENCE] Violence detected near track 16
2025-12-15 00:51:42,523 - SmartHomeAI - INFO - Telegram alert sent: [00:51:29] [VIOLENCE] Violence detected near track 3
2025-12-15 00:51:42,525 - SmartHomeAI - INFO - Telegram alert sent: [00:51:28] [VIOLENCE] Violence detected near track 3
2025-12-15 00:51:42,525 - SmartHomeAI - INFO - Telegram alert sent: [00:51:30] [VIOLENCE] Violence detected near track 3
2025-12-15 00:51:42,526 - SmartHomeAI - INFO - Telegram alert sent: [00:51:29] [INTRUSION] Track 2 entered ROI
2025-12-15 00:51:42,530 - SmartHomeAI - INFO - Telegram alert sent: [00:51:29] [INTRUSION] Track 3 entered ROI
2025-12-15 00:51:42,532 - SmartHomeAI - INFO - Telegram alert sent: [00:51:27] [VIOLENCE] Violence detected near track 12
2025-12-15 00:51:42,532 - SmartHomeAI - INFO - Telegram alert sent: [00:51:30] [VIOLENCE] Violence detected near track 3
2025-12-15 00:51:42,533 - SmartHomeAI - INFO - Telegram alert sent: [00:51:29] [VIOLENCE] Violence detected near track 3
2025-12-15 00:51:42,536 - SmartHomeAI - INFO - Telegram alert sent: [00:51:30] [INTRUSION] Track 7 entered ROI
2025-12-15 00:51:42,574 - SmartHomeAI - INFO - Telegram alert sent: [00:51:30] [VIOLENCE] Violence detected near track 3
2025-12-15 00:51:42,670 - SmartHomeAI - INFO - Telegram alert sent: [00:51:29] [LOITERING] Track 7 loitering (5.0s)
2025-12-15 00:51:42,670 - SmartHomeAI - INFO - Telegram alert sent: [00:51:28] [VIOLENCE] Violence detected near track 3
2025-12-15 00:51:42,746 - SmartHomeAI - WARNING - [00:51:42] [VIOLENCE] Violence detected near track 33
2025-12-15 00:51:42,747 - SmartHomeAI - WARNING - Sound file not found: data/assets/sounds\alarm.mp3
2025-12-15 00:51:42,750 - SmartHomeAI - WARNING - [00:51:42] [VIOLENCE] Violence detected near track 24
2025-12-15 00:51:42,750 - SmartHomeAI - WARNING - Sound file not found: data/assets/sounds\alarm.mp3
2025-12-15 00:51:42,794 - SmartHomeAI - WARNING - [00:51:42] [INTRUSION] Track 36 entered ROI
2025-12-15 00:51:42,795 - SmartHomeAI - WARNING - Sound file not found: data/assets/sounds\alarm.mp3
2025-12-15 00:51:42,946 - SmartHomeAI - INFO - Telegram alert sent: [00:51:30] [LOITERING] Track 12 loitering (5.0s)
2025-12-15 00:51:43,014 - SmartHomeAI - INFO - Telegram alert sent: [00:51:30] [RUNNING] Track 21 running (280.1 px/s)
2025-12-15 00:51:43,108 - SmartHomeAI - INFO - Telegram alert sent: [00:51:30] [VIOLENCE] Violence detected near track 2
2025-12-15 00:51:43,158 - SmartHomeAI - INFO - Telegram alert sent: [00:51:30] [INTRUSION] Track 12 entered ROI
2025-12-15 00:51:43,188 - SmartHomeAI - INFO - Telegram alert sent: [00:51:30] [VIOLENCE] Violence detected near track 3
2025-12-15 00:51:43,260 - SmartHomeAI - INFO - Telegram alert sent: [00:51:29] [VIOLENCE] Violence detected near track 3
2025-12-15 00:51:43,273 - SmartHomeAI - INFO - Telegram alert sent: [00:51:32] [VIOLENCE] Violence detected near track 24
2025-12-15 00:51:43,278 - SmartHomeAI - INFO - Telegram alert sent: [00:51:31] [VIOLENCE] Violence detected near track 21
2025-12-15 00:51:43,280 - SmartHomeAI - INFO - Telegram alert sent: [00:51:31] [INTRUSION] Track 21 entered ROI
2025-12-15 00:51:43,288 - SmartHomeAI - INFO - Telegram alert sent: [00:51:31] [VIOLENCE] Violence detected near track 2
2025-12-15 00:51:43,292 - SmartHomeAI - INFO - Telegram alert sent: [00:51:32] [INTRUSION] Track 24 entered ROI
2025-12-15 00:51:43,296 - SmartHomeAI - INFO - Telegram alert sent: [00:51:31] [VIOLENCE] Violence detected near track 21
2025-12-15 00:51:43,614 - SmartHomeAI - INFO - Telegram alert sent: [00:51:31] [INTRUSION] Track 16 entered ROI
2025-12-15 00:51:43,311 - SmartHomeAI - INFO - Telegram alert sent: [00:51:31] [VIOLENCE] Violence detected near track 3
2025-12-15 00:51:43,299 - SmartHomeAI - INFO - Telegram alert sent: [00:51:32] [INTRUSION] Track 25 entered ROI
2025-12-15 00:51:43,355 - SmartHomeAI - INFO - Telegram alert sent: [00:51:31] [RUNNING] Track 7 running (2098.9 px/s)
2025-12-15 00:51:43,400 - SmartHomeAI - INFO - Telegram alert sent: [00:51:31] [LOITERING] Track 16 loitering (5.0s)
2025-12-15 00:51:43,448 - SmartHomeAI - INFO - Telegram alert sent: [00:51:31] [RUNNING] Track 16 running (2439.2 px/s)
2025-12-15 00:51:43,538 - SmartHomeAI - INFO - Telegram alert sent: [00:51:31] [VIOLENCE] Violence detected near track 3
2025-12-15 00:51:43,554 - SmartHomeAI - INFO - Telegram alert sent: [00:51:31] [VIOLENCE] Violence detected near track 3
2025-12-15 00:51:43,341 - SmartHomeAI - INFO - Telegram alert sent: [00:51:31] [VIOLENCE] Violence detected near track 21
2025-12-15 00:51:47,440 - SmartHomeAI - INFO - [00:51:45] [LOITERING] Track 33 loitering (6.1s)
2025-12-15 00:51:47,851 - SmartHomeAI - INFO - Telegram alert sent: [00:51:32] [VIOLENCE] Violence detected near track 25
2025-12-15 00:51:47,854 - SmartHomeAI - INFO - Telegram alert sent: [00:51:32] [RUNNING] Track 24 running (825.2 px/s)
2025-12-15 00:51:47,942 - SmartHomeAI - INFO - Telegram alert sent: [00:51:32] [RUNNING] Track 3 running (723.4 px/s)
2025-12-15 00:51:47,950 - SmartHomeAI - INFO - Telegram alert sent: [00:51:36] [VIOLENCE] Violence detected near track 24
2025-12-15 00:51:47,960 - SmartHomeAI - INFO - Telegram alert sent: [00:51:35] [LOITERING] Track 3 loitering (5.1s)
2025-12-15 00:51:47,969 - SmartHomeAI - INFO - Telegram alert sent: [00:51:34] [VIOLENCE] Violence detected near track 24
2025-12-15 00:51:47,999 - SmartHomeAI - INFO - Telegram alert sent: [00:51:35] [INTRUSION] Track 3 entered ROI
2025-12-15 00:51:48,383 - SmartHomeAI - INFO - [00:51:47] [LOITERING] Track 24 loitering (5.3s)
2025-12-15 00:51:48,386 - SmartHomeAI - WARNING - [00:51:47] [INTRUSION] Track 33 entered ROI
2025-12-15 00:51:48,386 - SmartHomeAI - WARNING - Sound file not found: data/assets/sounds\alarm.mp3
2025-12-15 00:51:48,851 - SmartHomeAI - WARNING - [00:51:48] [INTRUSION] Track 16 entered ROI
2025-12-15 00:51:48,852 - SmartHomeAI - WARNING - Sound file not found: data/assets/sounds\alarm.mp3
2025-12-15 00:51:48,854 - SmartHomeAI - WARNING - [00:51:48] [INTRUSION] Track 24 entered ROI
2025-12-15 00:51:48,854 - SmartHomeAI - WARNING - Sound file not found: data/assets/sounds\alarm.mp3
2025-12-15 00:51:48,857 - SmartHomeAI - INFO - [00:51:48] [LOITERING] Track 36 loitering (5.6s)
2025-12-15 00:51:48,860 - SmartHomeAI - WARNING - [00:51:48] [VIOLENCE] Violence detected near track 33
2025-12-15 00:51:48,860 - SmartHomeAI - WARNING - Sound file not found: data/assets/sounds\alarm.mp3
2025-12-15 00:51:48,863 - SmartHomeAI - WARNING - [00:51:48] [VIOLENCE] Violence detected near track 16
2025-12-15 00:51:48,863 - SmartHomeAI - WARNING - Sound file not found: data/assets/sounds\alarm.mp3
2025-12-15 00:51:48,926 - SmartHomeAI - WARNING - [00:51:48] [INTRUSION] Track 36 entered ROI
2025-12-15 00:51:48,926 - SmartHomeAI - WARNING - Sound file not found: data/assets/sounds\alarm.mp3
2025-12-15 00:51:48,979 - SmartHomeAI - WARNING - [00:51:48] [INTRUSION] Track 43 entered ROI
2025-12-15 00:51:48,979 - SmartHomeAI - WARNING - Sound file not found: data/assets/sounds\alarm.mp3
2025-12-15 00:51:49,026 - SmartHomeAI - WARNING - [00:51:48] [INTRUSION] Track 46 entered ROI
2025-12-15 00:51:49,026 - SmartHomeAI - WARNING - Sound file not found: data/assets/sounds\alarm.mp3
2025-12-15 00:51:49,177 - SmartHomeAI - WARNING - [00:51:49] [INTRUSION] Track 47 entered ROI
2025-12-15 00:51:49,177 - SmartHomeAI - WARNING - Sound file not found: data/assets/sounds\alarm.mp3
2025-12-15 00:51:49,180 - SmartHomeAI - WARNING - [00:51:49] [VIOLENCE] Violence detected near track 16
2025-12-15 00:51:49,180 - SmartHomeAI - WARNING - Sound file not found: data/assets/sounds\alarm.mp3
2025-12-15 00:51:49,183 - SmartHomeAI - WARNING - [00:51:49] [VIOLENCE] Violence detected near track 33
2025-12-15 00:51:49,183 - SmartHomeAI - WARNING - Sound file not found: data/assets/sounds\alarm.mp3
2025-12-15 00:51:49,187 - SmartHomeAI - WARNING - [00:51:49] [VIOLENCE] Violence detected near track 47
2025-12-15 00:51:49,187 - SmartHomeAI - WARNING - Sound file not found: data/assets/sounds\alarm.mp3
2025-12-15 00:51:49,258 - SmartHomeAI - INFO - [00:51:49] [RUNNING] Track 36 running (224.3 px/s)
2025-12-15 00:51:50,082 - SmartHomeAI - WARNING - [00:51:49] [VIOLENCE] Violence detected near track 43
2025-12-15 00:51:50,083 - SmartHomeAI - WARNING - Sound file not found: data/assets/sounds\alarm.mp3
2025-12-15 00:51:50,087 - SmartHomeAI - WARNING - [00:51:49] [VIOLENCE] Violence detected near track 33
2025-12-15 00:51:50,087 - SmartHomeAI - WARNING - Sound file not found: data/assets/sounds\alarm.mp3
2025-12-15 00:51:50,090 - SmartHomeAI - WARNING - [00:51:49] [VIOLENCE] Violence detected near track 47
2025-12-15 00:51:50,090 - SmartHomeAI - WARNING - Sound file not found: data/assets/sounds\alarm.mp3
2025-12-15 00:51:50,094 - SmartHomeAI - WARNING - [00:51:49] [VIOLENCE] Violence detected near track 16
2025-12-15 00:51:50,094 - SmartHomeAI - WARNING - Sound file not found: data/assets/sounds\alarm.mp3
2025-12-15 00:51:50,402 - SmartHomeAI - WARNING - [00:51:50] [VIOLENCE] Violence detected near track 16
2025-12-15 00:51:50,402 - SmartHomeAI - WARNING - Sound file not found: data/assets/sounds\alarm.mp3
2025-12-15 00:51:50,666 - SmartHomeAI - WARNING - [00:51:50] [VIOLENCE] Violence detected near track 43
2025-12-15 00:51:50,666 - SmartHomeAI - WARNING - Sound file not found: data/assets/sounds\alarm.mp3
2025-12-15 00:51:50,756 - SmartHomeAI - INFO - [00:51:50] [RUNNING] Track 36 running (1972.6 px/s)
2025-12-15 00:51:50,954 - SmartHomeAI - WARNING - [00:51:50] [VIOLENCE] Violence detected near track 43
2025-12-15 00:51:50,954 - SmartHomeAI - WARNING - Sound file not found: data/assets/sounds\alarm.mp3
2025-12-15 00:51:50,957 - SmartHomeAI - WARNING - [00:51:50] [VIOLENCE] Violence detected near track 36
2025-12-15 00:51:50,958 - SmartHomeAI - WARNING - Sound file not found: data/assets/sounds\alarm.mp3
2025-12-15 00:51:51,101 - SmartHomeAI - INFO - [00:51:51] [RUNNING] Track 33 running (263.5 px/s)
2025-12-15 00:51:51,243 - SmartHomeAI - WARNING - [00:51:51] [VIOLENCE] Violence detected near track 43
2025-12-15 00:51:51,243 - SmartHomeAI - WARNING - Sound file not found: data/assets/sounds\alarm.mp3
2025-12-15 00:51:51,247 - SmartHomeAI - WARNING - [00:51:51] [VIOLENCE] Violence detected near track 33
2025-12-15 00:51:51,247 - SmartHomeAI - WARNING - Sound file not found: data/assets/sounds\alarm.mp3
2025-12-15 00:51:51,251 - SmartHomeAI - WARNING - [00:51:51] [VIOLENCE] Violence detected near track 47
2025-12-15 00:51:51,251 - SmartHomeAI - WARNING - Sound file not found: data/assets/sounds\alarm.mp3
2025-12-15 00:51:51,254 - SmartHomeAI - WARNING - [00:51:51] [VIOLENCE] Violence detected near track 36
2025-12-15 00:51:51,254 - SmartHomeAI - WARNING - Sound file not found: data/assets/sounds\alarm.mp3
2025-12-15 00:51:51,531 - SmartHomeAI - WARNING - [00:51:51] [VIOLENCE] Violence detected near track 43
2025-12-15 00:51:51,531 - SmartHomeAI - WARNING - Sound file not found: data/assets/sounds\alarm.mp3
2025-12-15 00:51:51,534 - SmartHomeAI - WARNING - [00:51:51] [VIOLENCE] Violence detected near track 33
2025-12-15 00:51:51,534 - SmartHomeAI - WARNING - Sound file not found: data/assets/sounds\alarm.mp3
2025-12-15 00:51:51,537 - SmartHomeAI - WARNING - [00:51:51] [VIOLENCE] Violence detected near track 47
2025-12-15 00:51:51,537 - SmartHomeAI - WARNING - Sound file not found: data/assets/sounds\alarm.mp3
2025-12-15 00:51:52,932 - SmartHomeAI - INFO - [00:51:52] [LOITERING] Track 33 loitering (5.4s)
2025-12-15 00:51:52,964 - SmartHomeAI - WARNING - [00:51:52] [INTRUSION] Track 33 entered ROI
2025-12-15 00:51:52,964 - SmartHomeAI - WARNING - Sound file not found: data/assets/sounds\alarm.mp3
2025-12-15 00:51:53,041 - SmartHomeAI - WARNING - [00:51:52] [VIOLENCE] Violence detected near track 33
2025-12-15 00:51:53,042 - SmartHomeAI - WARNING - Sound file not found: data/assets/sounds\alarm.mp3
2025-12-15 00:51:53,045 - SmartHomeAI - WARNING - [00:51:52] [VIOLENCE] Violence detected near track 46
2025-12-15 00:51:53,045 - SmartHomeAI - WARNING - Sound file not found: data/assets/sounds\alarm.mp3
2025-12-15 00:51:53,048 - SmartHomeAI - WARNING - [00:51:52] [VIOLENCE] Violence detected near track 43
2025-12-15 00:51:53,048 - SmartHomeAI - WARNING - Sound file not found: data/assets/sounds\alarm.mp3
2025-12-15 00:51:53,287 - SmartHomeAI - WARNING - [00:51:53] [VIOLENCE] Violence detected near track 33
2025-12-15 00:51:53,287 - SmartHomeAI - WARNING - Sound file not found: data/assets/sounds\alarm.mp3
2025-12-15 00:51:53,290 - SmartHomeAI - WARNING - [00:51:53] [VIOLENCE] Violence detected near track 46
2025-12-15 00:51:53,291 - SmartHomeAI - WARNING - Sound file not found: data/assets/sounds\alarm.mp3
2025-12-15 00:51:53,294 - SmartHomeAI - WARNING - [00:51:53] [VIOLENCE] Violence detected near track 36
2025-12-15 00:51:53,294 - SmartHomeAI - WARNING - Sound file not found: data/assets/sounds\alarm.mp3
2025-12-15 00:51:53,447 - SmartHomeAI - INFO - [00:51:53] [LOITERING] Track 16 loitering (5.0s)
2025-12-15 00:51:53,503 - SmartHomeAI - WARNING - [00:51:53] [INTRUSION] Track 16 entered ROI
2025-12-15 00:51:53,503 - SmartHomeAI - WARNING - Sound file not found: data/assets/sounds\alarm.mp3
2025-12-15 00:51:53,619 - SmartHomeAI - WARNING - [00:51:53] [VIOLENCE] Violence detected near track 33
2025-12-15 00:51:53,619 - SmartHomeAI - WARNING - Sound file not found: data/assets/sounds\alarm.mp3
2025-12-15 00:51:53,624 - SmartHomeAI - WARNING - [00:51:53] [VIOLENCE] Violence detected near track 46
2025-12-15 00:51:53,624 - SmartHomeAI - WARNING - Sound file not found: data/assets/sounds\alarm.mp3
2025-12-15 00:51:53,627 - SmartHomeAI - WARNING - [00:51:53] [VIOLENCE] Violence detected near track 36
2025-12-15 00:51:53,627 - SmartHomeAI - WARNING - Sound file not found: data/assets/sounds\alarm.mp3
2025-12-15 00:51:54,204 - SmartHomeAI - INFO - [00:51:54] [LOITERING] Track 43 loitering (5.2s)
2025-12-15 00:51:54,208 - SmartHomeAI - INFO - [00:51:54] [LOITERING] Track 46 loitering (5.1s)
2025-12-15 00:51:54,211 - SmartHomeAI - INFO - [00:51:54] [LOITERING] Track 47 loitering (5.0s)
2025-12-15 00:51:54,224 - SmartHomeAI - WARNING - [00:51:54] [VIOLENCE] Violence detected near track 33
2025-12-15 00:51:54,224 - SmartHomeAI - WARNING - Sound file not found: data/assets/sounds\alarm.mp3
2025-12-15 00:51:54,227 - SmartHomeAI - WARNING - [00:51:54] [VIOLENCE] Violence detected near track 46
2025-12-15 00:51:54,227 - SmartHomeAI - WARNING - Sound file not found: data/assets/sounds\alarm.mp3
2025-12-15 00:51:54,231 - SmartHomeAI - WARNING - [00:51:54] [VIOLENCE] Violence detected near track 43
2025-12-15 00:51:54,232 - SmartHomeAI - WARNING - Sound file not found: data/assets/sounds\alarm.mp3
2025-12-15 00:51:54,280 - SmartHomeAI - WARNING - [00:51:54] [INTRUSION] Track 43 entered ROI
2025-12-15 00:51:54,280 - SmartHomeAI - WARNING - Sound file not found: data/assets/sounds\alarm.mp3
2025-12-15 00:51:54,284 - SmartHomeAI - WARNING - [00:51:54] [INTRUSION] Track 46 entered ROI
2025-12-15 00:51:54,284 - SmartHomeAI - WARNING - Sound file not found: data/assets/sounds\alarm.mp3
2025-12-15 00:51:54,287 - SmartHomeAI - WARNING - [00:51:54] [INTRUSION] Track 47 entered ROI
2025-12-15 00:51:54,287 - SmartHomeAI - WARNING - Sound file not found: data/assets/sounds\alarm.mp3
2025-12-15 00:51:54,559 - SmartHomeAI - WARNING - [00:51:54] [VIOLENCE] Violence detected near track 33
2025-12-15 00:51:54,560 - SmartHomeAI - WARNING - Sound file not found: data/assets/sounds\alarm.mp3
2025-12-15 00:51:54,563 - SmartHomeAI - WARNING - [00:51:54] [VIOLENCE] Violence detected near track 43
2025-12-15 00:51:54,564 - SmartHomeAI - WARNING - Sound file not found: data/assets/sounds\alarm.mp3
2025-12-15 00:51:54,566 - SmartHomeAI - WARNING - [00:51:54] [VIOLENCE] Violence detected near track 46
2025-12-15 00:51:54,566 - SmartHomeAI - WARNING - Sound file not found: data/assets/sounds\alarm.mp3
2025-12-15 00:51:55,537 - SmartHomeAI - WARNING - [00:51:55] [VIOLENCE] Violence detected near track 33
2025-12-15 00:51:55,537 - SmartHomeAI - WARNING - Sound file not found: data/assets/sounds\alarm.mp3
2025-12-15 00:51:55,540 - SmartHomeAI - WARNING - [00:51:55] [VIOLENCE] Violence detected near track 46
2025-12-15 00:51:55,540 - SmartHomeAI - WARNING - Sound file not found: data/assets/sounds\alarm.mp3
2025-12-15 00:51:55,542 - SmartHomeAI - WARNING - [00:51:55] [VIOLENCE] Violence detected near track 43
2025-12-15 00:51:55,542 - SmartHomeAI - WARNING - Sound file not found: data/assets/sounds\alarm.mp3
2025-12-15 00:51:55,760 - SmartHomeAI - WARNING - [00:51:55] [VIOLENCE] Violence detected near track 33
2025-12-15 00:51:55,760 - SmartHomeAI - WARNING - Sound file not found: data/assets/sounds\alarm.mp3
2025-12-15 00:51:55,991 - SmartHomeAI - WARNING - [00:51:55] [VIOLENCE] Violence detected near track 33
2025-12-15 00:51:55,991 - SmartHomeAI - WARNING - Sound file not found: data/assets/sounds\alarm.mp3
2025-12-15 00:51:55,994 - SmartHomeAI - WARNING - [00:51:55] [VIOLENCE] Violence detected near track 43
2025-12-15 00:51:55,994 - SmartHomeAI - WARNING - Sound file not found: data/assets/sounds\alarm.mp3
2025-12-15 00:51:55,997 - SmartHomeAI - WARNING - [00:51:55] [VIOLENCE] Violence detected near track 46
2025-12-15 00:51:55,997 - SmartHomeAI - WARNING - Sound file not found: data/assets/sounds\alarm.mp3
2025-12-15 00:51:56,242 - SmartHomeAI - WARNING - [00:51:56] [VIOLENCE] Violence detected near track 33
2025-12-15 00:51:56,242 - SmartHomeAI - WARNING - Sound file not found: data/assets/sounds\alarm.mp3
2025-12-15 00:51:56,246 - SmartHomeAI - WARNING - [00:51:56] [VIOLENCE] Violence detected near track 46
2025-12-15 00:51:56,246 - SmartHomeAI - WARNING - Sound file not found: data/assets/sounds\alarm.mp3
2025-12-15 00:51:56,425 - SmartHomeAI - INFO - Telegram alert sent: [00:51:34] [VIOLENCE] Violence detected near track 24
2025-12-15 00:51:56,516 - SmartHomeAI - WARNING - [00:51:56] [VIOLENCE] Violence detected near track 33
2025-12-15 00:51:56,516 - SmartHomeAI - WARNING - Sound file not found: data/assets/sounds\alarm.mp3
2025-12-15 00:51:56,700 - SmartHomeAI - INFO - Telegram alert sent: [00:51:32] [VIOLENCE] Violence detected near track 24
2025-12-15 00:51:56,728 - SmartHomeAI - INFO - Telegram alert sent: [00:51:34] [VIOLENCE] Violence detected near track 30
2025-12-15 00:51:56,829 - SmartHomeAI - INFO - Telegram alert sent: [00:51:36] [VIOLENCE] Violence detected near track 29
2025-12-15 00:51:56,853 - SmartHomeAI - INFO - Telegram alert sent: [00:51:32] [VIOLENCE] Violence detected near track 21
2025-12-15 00:51:56,944 - SmartHomeAI - INFO - Telegram alert sent: [00:51:33] [RUNNING] Track 21 running (244.9 px/s)
2025-12-15 00:51:56,970 - SmartHomeAI - INFO - Telegram alert sent: [00:51:36] [VIOLENCE] Violence detected near track 31
2025-12-15 00:51:57,051 - SmartHomeAI - INFO - Telegram alert sent: [00:51:35] [VIOLENCE] Violence detected near track 24
2025-12-15 00:51:57,074 - SmartHomeAI - INFO - Telegram alert sent: [00:51:36] [VIOLENCE] Violence detected near track 30
2025-12-15 00:51:57,079 - SmartHomeAI - INFO - Telegram alert sent: [00:51:37] [VIOLENCE] Violence detected near track 24
2025-12-15 00:51:57,083 - SmartHomeAI - INFO - Telegram alert sent: [00:51:39] [VIOLENCE] Violence detected near track 24
2025-12-15 00:51:57,085 - SmartHomeAI - INFO - Telegram alert sent: [00:51:39] [INTRUSION] Track 33 entered ROI
2025-12-15 00:51:57,087 - SmartHomeAI - INFO - Telegram alert sent: [00:51:37] [VIOLENCE] Violence detected near track 24
2025-12-15 00:51:57,090 - SmartHomeAI - INFO - Telegram alert sent: [00:51:34] [INTRUSION] Track 29 entered ROI
2025-12-15 00:51:57,091 - SmartHomeAI - INFO - Telegram alert sent: [00:51:36] [INTRUSION] Track 31 entered ROI
2025-12-15 00:51:57,093 - SmartHomeAI - INFO - Telegram alert sent: [00:51:35] [RUNNING] Track 29 running (422.1 px/s)
2025-12-15 00:51:57,095 - SmartHomeAI - INFO - Telegram alert sent: [00:51:41] [VIOLENCE] Violence detected near track 33
2025-12-15 00:51:57,098 - SmartHomeAI - INFO - Telegram alert sent: [00:51:36] [VIOLENCE] Violence detected near track 24
2025-12-15 00:51:57,100 - SmartHomeAI - INFO - Telegram alert sent: [00:51:35] [VIOLENCE] Violence detected near track 24
2025-12-15 00:51:57,102 - SmartHomeAI - INFO - Telegram alert sent: [00:51:36] [INTRUSION] Track 32 entered ROI
2025-12-15 00:51:57,104 - SmartHomeAI - INFO - Telegram alert sent: [00:51:39] [VIOLENCE] Violence detected near track 33
2025-12-15 00:51:57,107 - SmartHomeAI - INFO - Telegram alert sent: [00:51:37] [VIOLENCE] Violence detected near track 24
2025-12-15 00:51:57,110 - SmartHomeAI - INFO - Telegram alert sent: [00:51:41] [VIOLENCE] Violence detected near track 33
2025-12-15 00:51:57,112 - SmartHomeAI - INFO - Telegram alert sent: [00:51:37] [VIOLENCE] Violence detected near track 31
2025-12-15 00:51:57,115 - SmartHomeAI - INFO - Telegram alert sent: [00:51:40] [VIOLENCE] Violence detected near track 24
2025-12-15 00:51:57,117 - SmartHomeAI - INFO - Telegram alert sent: [00:51:32] [VIOLENCE] Violence detected near track 3
2025-12-15 00:51:57,118 - SmartHomeAI - INFO - Telegram alert sent: [00:51:41] [VIOLENCE] Violence detected near track 36
2025-12-15 00:51:57,121 - SmartHomeAI - INFO - Telegram alert sent: [00:51:40] [VIOLENCE] Violence detected near track 33
2025-12-15 00:51:57,123 - SmartHomeAI - INFO - Telegram alert sent: [00:51:42] [LOITERING] Track 24 loitering (5.0s)
2025-12-15 00:51:57,131 - SmartHomeAI - INFO - Telegram alert sent: [00:51:40] [VIOLENCE] Violence detected near track 24
2025-12-15 00:51:57,133 - SmartHomeAI - INFO - Telegram alert sent: [00:51:37] [VIOLENCE] Violence detected near track 16
2025-12-15 00:51:57,138 - SmartHomeAI - INFO - Telegram alert sent: [00:51:39] [VIOLENCE] Violence detected near track 24
2025-12-15 00:51:57,143 - SmartHomeAI - INFO - Telegram alert sent: [00:51:37] [INTRUSION] Track 24 entered ROI
2025-12-15 00:51:57,145 - SmartHomeAI - INFO - Telegram alert sent: [00:51:41] [VIOLENCE] Violence detected near track 33
2025-12-15 00:51:57,148 - SmartHomeAI - INFO - Telegram alert sent: [00:51:40] [VIOLENCE] Violence detected near track 31
2025-12-15 00:51:57,153 - SmartHomeAI - INFO - Telegram alert sent: [00:51:35] [VIOLENCE] Violence detected near track 24
2025-12-15 00:51:57,155 - SmartHomeAI - INFO - Telegram alert sent: [00:51:38] [VIOLENCE] Violence detected near track 24
2025-12-15 00:51:57,158 - SmartHomeAI - INFO - Telegram alert sent: [00:51:42] [INTRUSION] Track 24 entered ROI
2025-12-15 00:51:57,160 - SmartHomeAI - INFO - Telegram alert sent: [00:51:37] [VIOLENCE] Violence detected near track 24
2025-12-15 00:51:57,162 - SmartHomeAI - INFO - Telegram alert sent: [00:51:40] [VIOLENCE] Violence detected near track 24
2025-12-15 00:51:57,164 - SmartHomeAI - INFO - Telegram alert sent: [00:51:42] [VIOLENCE] Violence detected near track 33
2025-12-15 00:51:57,166 - SmartHomeAI - INFO - Telegram alert sent: [00:51:37] [LOITERING] Track 24 loitering (5.0s)
2025-12-15 00:51:57,170 - SmartHomeAI - INFO - Telegram alert sent: [00:51:40] [VIOLENCE] Violence detected near track 33
2025-12-15 00:51:57,172 - SmartHomeAI - INFO - Telegram alert sent: [00:51:40] [VIOLENCE] Violence detected near track 24
2025-12-15 00:51:57,174 - SmartHomeAI - INFO - Telegram alert sent: [00:51:32] [RUNNING] Track 21 running (1421.5 px/s)
2025-12-15 00:51:57,176 - SmartHomeAI - INFO - Telegram alert sent: [00:51:36] [VIOLENCE] Violence detected near track 24
2025-12-15 00:51:57,180 - SmartHomeAI - INFO - Telegram alert sent: [00:51:40] [VIOLENCE] Violence detected near track 33
2025-12-15 00:51:57,184 - SmartHomeAI - INFO - Telegram alert sent: [00:51:42] [VIOLENCE] Violence detected near track 36
2025-12-15 00:51:57,186 - SmartHomeAI - INFO - Telegram alert sent: [00:51:32] [RUNNING] Track 24 running (390.6 px/s)
2025-12-15 00:51:57,192 - SmartHomeAI - INFO - Telegram alert sent: [00:51:34] [VIOLENCE] Violence detected near track 25
2025-12-15 00:51:57,194 - SmartHomeAI - INFO - Telegram alert sent: [00:51:35] [VIOLENCE] Violence detected near track 30
2025-12-15 00:51:57,198 - SmartHomeAI - INFO - Telegram alert sent: [00:51:37] [RUNNING] Track 30 running (285.5 px/s)
2025-12-15 00:51:57,204 - SmartHomeAI - INFO - Telegram alert sent: [00:51:42] [VIOLENCE] Violence detected near track 33
2025-12-15 00:51:57,216 - SmartHomeAI - INFO - Telegram alert sent: [00:51:40] [VIOLENCE] Violence detected near track 33
2025-12-15 00:51:57,229 - SmartHomeAI - INFO - Telegram alert sent: [00:51:40] [VIOLENCE] Violence detected near track 24
2025-12-15 00:51:57,262 - SmartHomeAI - INFO - Telegram alert sent: [00:51:41] [VIOLENCE] Violence detected near track 24
2025-12-15 00:51:57,289 - SmartHomeAI - INFO - Telegram alert sent: [00:51:34] [INTRUSION] Track 30 entered ROI
2025-12-15 00:51:57,291 - SmartHomeAI - INFO - Telegram alert sent: [00:51:35] [VIOLENCE] Violence detected near track 24
2025-12-15 00:51:57,303 - SmartHomeAI - INFO - Telegram alert sent: [00:51:32] [VIOLENCE] Violence detected near track 3
2025-12-15 00:51:57,311 - SmartHomeAI - INFO - Telegram alert sent: [00:51:37] [VIOLENCE] Violence detected near track 24
2025-12-15 00:51:57,313 - SmartHomeAI - INFO - Telegram alert sent: [00:51:40] [VIOLENCE] Violence detected near track 33
2025-12-15 00:51:57,352 - SmartHomeAI - INFO - Telegram alert sent: [00:51:32] [RUNNING] Track 24 running (383.9 px/s)
2025-12-15 00:51:57,581 - SmartHomeAI - WARNING - [00:51:56] [VIOLENCE] Violence detected near track 33
2025-12-15 00:51:58,241 - SmartHomeAI - WARNING - Sound file not found: data/assets/sounds\alarm.mp3
2025-12-15 00:51:58,246 - SmartHomeAI - WARNING - [00:51:56] [VIOLENCE] Violence detected near track 46
2025-12-15 00:51:58,247 - SmartHomeAI - WARNING - Sound file not found: data/assets/sounds\alarm.mp3
2025-12-15 00:51:58,388 - SmartHomeAI - INFO - [00:51:58] [LOITERING] Track 33 loitering (5.3s)
2025-12-15 00:51:58,465 - SmartHomeAI - WARNING - [00:51:58] [INTRUSION] Track 33 entered ROI
2025-12-15 00:51:58,465 - SmartHomeAI - WARNING - Sound file not found: data/assets/sounds\alarm.mp3
2025-12-15 00:51:58,522 - SmartHomeAI - INFO - [00:51:58] [LOITERING] Track 16 loitering (5.0s)
2025-12-15 00:51:58,573 - SmartHomeAI - WARNING - [00:51:58] [INTRUSION] Track 16 entered ROI
2025-12-15 00:51:58,573 - SmartHomeAI - WARNING - Sound file not found: data/assets/sounds\alarm.mp3
2025-12-15 00:51:58,704 - SmartHomeAI - WARNING - [00:51:58] [VIOLENCE] Violence detected near track 33
2025-12-15 00:51:58,705 - SmartHomeAI - WARNING - Sound file not found: data/assets/sounds\alarm.mp3
2025-12-15 00:51:59,007 - SmartHomeAI - WARNING - [00:51:58] [VIOLENCE] Violence detected near track 33
2025-12-15 00:51:59,008 - SmartHomeAI - WARNING - Sound file not found: data/assets/sounds\alarm.mp3
2025-12-15 00:51:59,310 - SmartHomeAI - INFO - [00:51:59] [LOITERING] Track 43 loitering (5.0s)
2025-12-15 00:51:59,314 - SmartHomeAI - INFO - [00:51:59] [LOITERING] Track 46 loitering (5.0s)
2025-12-15 00:51:59,422 - SmartHomeAI - WARNING - [00:51:59] [INTRUSION] Track 43 entered ROI
2025-12-15 00:51:59,422 - SmartHomeAI - WARNING - Sound file not found: data/assets/sounds\alarm.mp3
2025-12-15 00:51:59,426 - SmartHomeAI - WARNING - [00:51:59] [INTRUSION] Track 46 entered ROI
2025-12-15 00:51:59,427 - SmartHomeAI - WARNING - Sound file not found: data/assets/sounds\alarm.mp3
2025-12-15 00:51:59,429 - SmartHomeAI - WARNING - [00:51:59] [VIOLENCE] Violence detected near track 33
2025-12-15 00:51:59,429 - SmartHomeAI - WARNING - Sound file not found: data/assets/sounds\alarm.mp3
2025-12-15 00:51:59,708 - SmartHomeAI - WARNING - [00:51:59] [VIOLENCE] Violence detected near track 33
2025-12-15 00:51:59,708 - SmartHomeAI - WARNING - Sound file not found: data/assets/sounds\alarm.mp3
2025-12-15 00:51:59,712 - SmartHomeAI - WARNING - [00:51:59] [VIOLENCE] Violence detected near track 50
2025-12-15 00:51:59,712 - SmartHomeAI - WARNING - Sound file not found: data/assets/sounds\alarm.mp3
2025-12-15 00:51:59,764 - SmartHomeAI - WARNING - [00:51:59] [INTRUSION] Track 50 entered ROI
2025-12-15 00:51:59,764 - SmartHomeAI - WARNING - Sound file not found: data/assets/sounds\alarm.mp3
2025-12-15 00:51:59,877 - SmartHomeAI - WARNING - Failed to grab frame. Retrying...
2025-12-15 00:52:00,020 - SmartHomeAI - WARNING - [00:51:59] [VIOLENCE] Violence detected near track 33
2025-12-15 00:52:00,020 - SmartHomeAI - WARNING - Sound file not found: data/assets/sounds\alarm.mp3
2025-12-15 00:52:00,254 - SmartHomeAI - WARNING - [00:52:00] [VIOLENCE] Violence detected near track 33
2025-12-15 00:52:00,255 - SmartHomeAI - WARNING - Sound file not found: data/assets/sounds\alarm.mp3
2025-12-15 00:52:00,424 - SmartHomeAI - WARNING - [00:52:00] [VIOLENCE] Violence detected near track 33
2025-12-15 00:52:00,425 - SmartHomeAI - WARNING - Sound file not found: data/assets/sounds\alarm.mp3
2025-12-15 00:52:00,662 - SmartHomeAI - INFO - [00:52:00] [RUNNING] Track 50 running (220.6 px/s)
2025-12-15 00:52:00,752 - SmartHomeAI - INFO - [00:52:00] [RUNNING] Track 50 running (210.0 px/s)
2025-12-15 00:52:00,939 - SmartHomeAI - INFO - [00:52:00] [RUNNING] Track 50 running (259.0 px/s)
2025-12-15 00:52:01,250 - SmartHomeAI - ERROR - Failed to send Telegram alert: HTTPSConnectionPool(host='api.telegram.org', port=443): Read timed out. (read timeout=10)
2025-12-15 00:52:01,492 - SmartHomeAI - ERROR - Failed to send Telegram alert: HTTPSConnectionPool(host='api.telegram.org', port=443): Read timed out. (read timeout=10)
2025-12-15 00:52:01,777 - SmartHomeAI - ERROR - Failed to send Telegram alert: HTTPSConnectionPool(host='api.telegram.org', port=443): Read timed out. (read timeout=10)
2025-12-15 00:52:01,876 - SmartHomeAI - ERROR - Failed to send Telegram alert: HTTPSConnectionPool(host='api.telegram.org', port=443): Read timed out. (read timeout=10)
2025-12-15 00:52:02,122 - SmartHomeAI - ERROR - Failed to send Telegram alert: HTTPSConnectionPool(host='api.telegram.org', port=443): Read timed out. (read timeout=10)
2025-12-15 00:52:02,123 - SmartHomeAI - INFO - Telegram alert sent: [00:51:42] [VIOLENCE] Violence detected near track 24
2025-12-15 00:52:02,123 - SmartHomeAI - ERROR - Failed to send Telegram alert: HTTPSConnectionPool(host='api.telegram.org', port=443): Read timed out. (read timeout=10)
2025-12-15 00:52:02,281 - SmartHomeAI - ERROR - Failed to send Telegram alert: HTTPSConnectionPool(host='api.telegram.org', port=443): Read timed out. (read timeout=10)
2025-12-15 00:52:02,367 - SmartHomeAI - INFO - Telegram alert sent: [00:51:45] [LOITERING] Track 33 loitering (6.1s)
2025-12-15 00:52:02,422 - SmartHomeAI - ERROR - Failed to send Telegram alert: HTTPSConnectionPool(host='api.telegram.org', port=443): Read timed out. (read timeout=10)
2025-12-15 00:52:02,425 - SmartHomeAI - ERROR - Failed to send Telegram alert: HTTPSConnectionPool(host='api.telegram.org', port=443): Read timed out. (read timeout=10)
2025-12-15 00:52:02,426 - SmartHomeAI - ERROR - Failed to send Telegram alert: HTTPSConnectionPool(host='api.telegram.org', port=443): Read timed out. (read timeout=10)
2025-12-15 00:52:02,433 - SmartHomeAI - ERROR - Failed to send Telegram alert: HTTPSConnectionPool(host='api.telegram.org', port=443): Read timed out. (read timeout=10)
2025-12-15 00:52:02,470 - SmartHomeAI - INFO - Telegram alert sent: [00:51:42] [INTRUSION] Track 36 entered ROI
2025-12-15 00:52:02,563 - SmartHomeAI - ERROR - Failed to send Telegram alert: HTTPSConnectionPool(host='api.telegram.org', port=443): Read timed out. (read timeout=10)
2025-12-15 00:52:02,579 - SmartHomeAI - ERROR - Failed to send Telegram alert: HTTPSConnectionPool(host='api.telegram.org', port=443): Read timed out. (read timeout=10)
2025-12-15 00:52:02,580 - SmartHomeAI - ERROR - Failed to send Telegram alert: HTTPSConnectionPool(host='api.telegram.org', port=443): Read timed out. (read timeout=10)
2025-12-15 00:52:02,676 - SmartHomeAI - INFO - Telegram alert sent: [00:51:48] [VIOLENCE] Violence detected near track 16
2025-12-15 00:52:02,687 - SmartHomeAI - INFO - Telegram alert sent: [00:51:47] [INTRUSION] Track 33 entered ROI
2025-12-15 00:52:02,720 - SmartHomeAI - INFO - Telegram alert sent: [00:51:47] [LOITERING] Track 24 loitering (5.3s)
2025-12-15 00:52:02,860 - SmartHomeAI - INFO - Telegram alert sent: [00:51:48] [LOITERING] Track 36 loitering (5.6s)
2025-12-15 00:52:03,100 - SmartHomeAI - INFO - Telegram alert sent: [00:51:48] [INTRUSION] Track 36 entered ROI
2025-12-15 00:52:03,124 - SmartHomeAI - INFO - Telegram alert sent: [00:51:48] [VIOLENCE] Violence detected near track 33
2025-12-15 00:52:04,951 - SmartHomeAI - INFO - Opening camera source: E:\KLTN\Video\Avenue_Dataset\Avenue Dataset\testing_videos\03.avi
2025-12-15 00:52:06,635 - SmartHomeAI - INFO - Cleaning up...
2025-12-15 00:52:06,670 - SmartHomeAI - INFO - Approx. FPS: 13.10
2025-12-15 00:52:06,689 - SmartHomeAI - INFO - Camera opened successfully: E:\KLTN\Video\Avenue_Dataset\Avenue Dataset\testing_videos\03.avi
2025-12-15 00:52:06,756 - SmartHomeAI - INFO - Video stream thread stopping.
2025-12-15 00:52:07,790 - SmartHomeAI - INFO - Video stream stopped.
2025-12-15 00:52:08,280 - SmartHomeAI - INFO - Telegram alert sent: [00:51:48] [INTRUSION] Track 46 entered ROI
2025-12-15 00:52:08,307 - SmartHomeAI - INFO - Telegram alert sent: [00:51:48] [INTRUSION] Track 24 entered ROI
2025-12-15 00:52:08,418 - SmartHomeAI - INFO - Telegram alert sent: [00:51:48] [INTRUSION] Track 43 entered ROI
2025-12-15 00:52:08,517 - SmartHomeAI - INFO - Telegram alert sent: [00:51:49] [VIOLENCE] Violence detected near track 47
2025-12-15 00:52:08,545 - SmartHomeAI - INFO - Telegram alert sent: [00:51:49] [VIOLENCE] Violence detected near track 33
2025-12-15 00:52:08,619 - SmartHomeAI - INFO - Telegram alert sent: [00:51:49] [RUNNING] Track 36 running (224.3 px/s)
2025-12-15 00:52:08,645 - SmartHomeAI - INFO - Telegram alert sent: [00:51:48] [INTRUSION] Track 16 entered ROI
2025-12-15 00:52:08,678 - SmartHomeAI - INFO - Telegram alert sent: [00:51:49] [VIOLENCE] Violence detected near track 43
2025-12-15 00:52:08,711 - SmartHomeAI - INFO - Telegram alert sent: [00:51:49] [VIOLENCE] Violence detected near track 16
2025-12-15 00:52:08,744 - SmartHomeAI - INFO - Telegram alert sent: [00:51:49] [VIOLENCE] Violence detected near track 47
2025-12-15 00:52:08,780 - SmartHomeAI - INFO - Telegram alert sent: [00:51:49] [VIOLENCE] Violence detected near track 16
2025-12-15 00:52:08,844 - SmartHomeAI - INFO - Telegram alert sent: [00:51:49] [INTRUSION] Track 47 entered ROI
2025-12-15 00:52:08,952 - SmartHomeAI - INFO - Telegram alert sent: [00:51:52] [INTRUSION] Track 33 entered ROI
2025-12-15 00:52:09,036 - SmartHomeAI - INFO - Telegram alert sent: [00:51:52] [VIOLENCE] Violence detected near track 43
2025-12-15 00:52:09,075 - SmartHomeAI - INFO - Telegram alert sent: [00:51:52] [VIOLENCE] Violence detected near track 46
2025-12-15 00:52:09,098 - SmartHomeAI - INFO - Telegram alert sent: [00:51:52] [VIOLENCE] Violence detected near track 33
2025-12-15 00:52:09,171 - SmartHomeAI - INFO - Telegram alert sent: [00:51:52] [LOITERING] Track 33 loitering (5.4s)
2025-12-15 00:52:09,257 - SmartHomeAI - INFO - Telegram alert sent: [00:51:58] [VIOLENCE] Violence detected near track 33
2025-12-15 00:52:09,340 - SmartHomeAI - INFO - Telegram alert sent: [00:51:53] [VIOLENCE] Violence detected near track 36
2025-12-15 00:52:09,444 - SmartHomeAI - INFO - Telegram alert sent: [00:51:56] [VIOLENCE] Violence detected near track 33
2025-12-15 00:52:09,573 - SmartHomeAI - INFO - Telegram alert sent: [00:52:00] [RUNNING] Track 50 running (259.0 px/s)
2025-12-15 00:52:09,600 - SmartHomeAI - INFO - Telegram alert sent: [00:52:00] [RUNNING] Track 50 running (220.6 px/s)
2025-12-15 00:52:09,640 - SmartHomeAI - INFO - Telegram alert sent: [00:51:56] [VIOLENCE] Violence detected near track 46
2025-12-15 00:52:09,707 - SmartHomeAI - INFO - Telegram alert sent: [00:51:55] [VIOLENCE] Violence detected near track 33
2025-12-15 00:52:09,839 - SmartHomeAI - INFO - Telegram alert sent: [00:51:59] [VIOLENCE] Violence detected near track 33
2025-12-15 00:52:09,863 - SmartHomeAI - INFO - Telegram alert sent: [00:51:56] [VIOLENCE] Violence detected near track 46
2025-12-15 00:52:09,897 - SmartHomeAI - INFO - Telegram alert sent: [00:51:53] [VIOLENCE] Violence detected near track 33
2025-12-15 00:52:09,966 - SmartHomeAI - INFO - Telegram alert sent: [00:51:54] [INTRUSION] Track 46 entered ROI
2025-12-15 00:52:10,008 - SmartHomeAI - INFO - Telegram alert sent: [00:51:58] [VIOLENCE] Violence detected near track 33
2025-12-15 00:52:10,087 - SmartHomeAI - INFO - Telegram alert sent: [00:51:54] [VIOLENCE] Violence detected near track 43
2025-12-15 00:52:14,303 - SmartHomeAI - INFO - Telegram alert sent: [00:51:53] [VIOLENCE] Violence detected near track 36
2025-12-15 00:52:14,403 - SmartHomeAI - INFO - Telegram alert sent: [00:51:59] [LOITERING] Track 43 loitering (5.0s)
2025-12-15 00:52:14,435 - SmartHomeAI - INFO - Telegram alert sent: [00:51:53] [VIOLENCE] Violence detected near track 33
2025-12-15 00:52:14,465 - SmartHomeAI - INFO - Telegram alert sent: [00:51:56] [VIOLENCE] Violence detected near track 33
2025-12-15 00:52:14,492 - SmartHomeAI - INFO - Telegram alert sent: [00:51:53] [VIOLENCE] Violence detected near track 46
2025-12-15 00:52:14,527 - SmartHomeAI - INFO - Telegram alert sent: [00:52:00] [RUNNING] Track 50 running (210.0 px/s)
2025-12-15 00:52:14,595 - SmartHomeAI - INFO - Telegram alert sent: [00:51:53] [INTRUSION] Track 16 entered ROI
2025-12-15 00:52:14,627 - SmartHomeAI - INFO - Telegram alert sent: [00:51:55] [VIOLENCE] Violence detected near track 33
2025-12-15 00:52:14,662 - SmartHomeAI - INFO - Telegram alert sent: [00:51:53] [VIOLENCE] Violence detected near track 46
2025-12-15 00:52:14,722 - SmartHomeAI - INFO - Telegram alert sent: [00:51:54] [LOITERING] Track 43 loitering (5.2s)
2025-12-15 00:52:14,800 - SmartHomeAI - INFO - Telegram alert sent: [00:51:56] [VIOLENCE] Violence detected near track 33
2025-12-15 00:52:14,810 - SmartHomeAI - INFO - Telegram alert sent: [00:51:59] [VIOLENCE] Violence detected near track 33
2025-12-15 00:52:14,811 - SmartHomeAI - INFO - Telegram alert sent: [00:51:54] [LOITERING] Track 46 loitering (5.1s)
2025-12-15 00:52:14,816 - SmartHomeAI - INFO - Telegram alert sent: [00:52:00] [VIOLENCE] Violence detected near track 33
2025-12-15 00:52:14,818 - SmartHomeAI - INFO - Telegram alert sent: [00:51:54] [LOITERING] Track 47 loitering (5.0s)
2025-12-15 00:52:14,820 - SmartHomeAI - INFO - Telegram alert sent: [00:51:55] [VIOLENCE] Violence detected near track 43
2025-12-15 00:52:14,822 - SmartHomeAI - INFO - Telegram alert sent: [00:52:00] [VIOLENCE] Violence detected near track 33
2025-12-15 00:52:14,823 - SmartHomeAI - INFO - Telegram alert sent: [00:51:54] [INTRUSION] Track 47 entered ROI
2025-12-15 00:52:14,823 - SmartHomeAI - INFO - Telegram alert sent: [00:51:58] [INTRUSION] Track 33 entered ROI
2025-12-15 00:52:14,829 - SmartHomeAI - INFO - Telegram alert sent: [00:51:54] [VIOLENCE] Violence detected near track 33
2025-12-15 00:52:14,830 - SmartHomeAI - INFO - Telegram alert sent: [00:51:59] [INTRUSION] Track 46 entered ROI
2025-12-15 00:52:14,830 - SmartHomeAI - INFO - Telegram alert sent: [00:51:54] [INTRUSION] Track 43 entered ROI
2025-12-15 00:52:14,837 - SmartHomeAI - INFO - Telegram alert sent: [00:51:55] [VIOLENCE] Violence detected near track 46
2025-12-15 00:52:14,837 - SmartHomeAI - INFO - Telegram alert sent: [00:51:59] [INTRUSION] Track 43 entered ROI
2025-12-15 00:52:14,838 - SmartHomeAI - INFO - Telegram alert sent: [00:51:58] [LOITERING] Track 16 loitering (5.0s)
2025-12-15 00:52:14,838 - SmartHomeAI - INFO - Telegram alert sent: [00:51:58] [LOITERING] Track 33 loitering (5.3s)
2025-12-15 00:52:14,839 - SmartHomeAI - INFO - Telegram alert sent: [00:51:59] [INTRUSION] Track 50 entered ROI
2025-12-15 00:52:14,841 - SmartHomeAI - INFO - Telegram alert sent: [00:51:54] [VIOLENCE] Violence detected near track 46
2025-12-15 00:52:14,842 - SmartHomeAI - INFO - Telegram alert sent: [00:51:53] [LOITERING] Track 16 loitering (5.0s)
2025-12-15 00:52:14,844 - SmartHomeAI - INFO - Telegram alert sent: [00:51:55] [VIOLENCE] Violence detected near track 33
2025-12-15 00:52:14,844 - SmartHomeAI - INFO - Telegram alert sent: [00:51:54] [VIOLENCE] Violence detected near track 33
2025-12-15 00:52:14,846 - SmartHomeAI - INFO - Telegram alert sent: [00:51:58] [INTRUSION] Track 16 entered ROI
2025-12-15 00:52:14,847 - SmartHomeAI - INFO - Telegram alert sent: [00:51:59] [VIOLENCE] Violence detected near track 33
2025-12-15 00:52:14,848 - SmartHomeAI - INFO - Telegram alert sent: [00:51:55] [VIOLENCE] Violence detected near track 46
2025-12-15 00:52:14,848 - SmartHomeAI - INFO - Telegram alert sent: [00:51:55] [VIOLENCE] Violence detected near track 43
2025-12-15 00:52:14,862 - SmartHomeAI - INFO - Telegram alert sent: [00:51:54] [VIOLENCE] Violence detected near track 46
2025-12-15 00:52:14,862 - SmartHomeAI - INFO - Telegram alert sent: [00:51:54] [VIOLENCE] Violence detected near track 43
2025-12-15 00:52:14,895 - SmartHomeAI - INFO - Telegram alert sent: [00:51:59] [LOITERING] Track 46 loitering (5.0s)
2025-12-15 00:52:14,959 - SmartHomeAI - INFO - Telegram alert sent: [00:51:59] [VIOLENCE] Violence detected near track 50
2025-12-15 00:52:30,763 - SmartHomeAI - INFO - Initializing components...
2025-12-15 00:52:30,763 - SmartHomeAI - INFO - Opening camera source: E:\KLTN\Video\Avenue_Dataset\Avenue Dataset\testing_videos\03.avi
2025-12-15 00:52:30,775 - SmartHomeAI - INFO - Camera opened successfully: E:\KLTN\Video\Avenue_Dataset\Avenue Dataset\testing_videos\03.avi
2025-12-15 00:52:30,775 - SmartHomeAI - INFO - Source FPS: 25.0. Target delay: 0.0400s
2025-12-15 00:52:30,775 - SmartHomeAI - INFO - Starting video stream thread.
2025-12-15 00:52:34,018 - SmartHomeAI - INFO - Initializing Detector on device: cuda
2025-12-15 00:52:34,059 - SmartHomeAI - INFO - Initializing DeepSort with max_age=30, n_init=3, embedder=mobilenet
2025-12-15 00:52:36,102 - SmartHomeAI - INFO - Initializing ViolenceDetector on cuda with model: E:\KLTN\AI-Smart-Home-Security\models/violence/Violence_Yolov8.pt
2025-12-15 00:52:36,149 - SmartHomeAI - INFO - Initializing FallDetector on cuda with model: E:\KLTN\AI-Smart-Home-Security\models/fall/Fall_Yolov11.pt
2025-12-15 00:52:36,425 - SmartHomeAI - INFO - Pygame mixer initialized.
2025-12-15 00:52:36,427 - SmartHomeAI - INFO - System Ready. Press 'q' to quit.
2025-12-15 00:52:37,038 - SmartHomeAI - WARNING - [00:52:37] [INTRUSION] Track 1 entered ROI
2025-12-15 00:52:37,038 - SmartHomeAI - WARNING - Sound file not found: data/assets/sounds\alarm.mp3
2025-12-15 00:52:37,043 - SmartHomeAI - WARNING - [00:52:37] [INTRUSION] Track 2 entered ROI
2025-12-15 00:52:37,043 - SmartHomeAI - WARNING - Sound file not found: data/assets/sounds\alarm.mp3
2025-12-15 00:52:37,046 - SmartHomeAI - WARNING - [00:52:37] [INTRUSION] Track 3 entered ROI
2025-12-15 00:52:37,046 - SmartHomeAI - WARNING - Sound file not found: data/assets/sounds\alarm.mp3
2025-12-15 00:52:37,048 - SmartHomeAI - WARNING - [00:52:37] [INTRUSION] Track 4 entered ROI
2025-12-15 00:52:37,048 - SmartHomeAI - WARNING - Sound file not found: data/assets/sounds\alarm.mp3
2025-12-15 00:52:37,052 - SmartHomeAI - WARNING - [00:52:37] [INTRUSION] Track 7 entered ROI
2025-12-15 00:52:37,052 - SmartHomeAI - WARNING - Sound file not found: data/assets/sounds\alarm.mp3
2025-12-15 00:52:37,055 - SmartHomeAI - WARNING - [00:52:37] [INTRUSION] Track 8 entered ROI
2025-12-15 00:52:37,055 - SmartHomeAI - WARNING - Sound file not found: data/assets/sounds\alarm.mp3
2025-12-15 00:52:37,402 - SmartHomeAI - WARNING - [00:52:37] [VIOLENCE] Violence detected near track 3
2025-12-15 00:52:37,402 - SmartHomeAI - WARNING - Sound file not found: data/assets/sounds\alarm.mp3
2025-12-15 00:52:37,405 - SmartHomeAI - WARNING - [00:52:37] [VIOLENCE] Violence detected near track 4
2025-12-15 00:52:37,405 - SmartHomeAI - WARNING - Sound file not found: data/assets/sounds\alarm.mp3
2025-12-15 00:52:37,406 - SmartHomeAI - WARNING - [00:52:37] [VIOLENCE] Violence detected near track 8
2025-12-15 00:52:37,406 - SmartHomeAI - WARNING - Sound file not found: data/assets/sounds\alarm.mp3
2025-12-15 00:52:37,522 - SmartHomeAI - WARNING - [00:52:37] [INTRUSION] Track 9 entered ROI
2025-12-15 00:52:37,522 - SmartHomeAI - WARNING - Sound file not found: data/assets/sounds\alarm.mp3
2025-12-15 00:52:37,676 - SmartHomeAI - WARNING - [00:52:37] [VIOLENCE] Violence detected near track 3
2025-12-15 00:52:37,676 - SmartHomeAI - WARNING - Sound file not found: data/assets/sounds\alarm.mp3
2025-12-15 00:52:37,679 - SmartHomeAI - WARNING - [00:52:37] [VIOLENCE] Violence detected near track 2
2025-12-15 00:52:37,679 - SmartHomeAI - WARNING - Sound file not found: data/assets/sounds\alarm.mp3
2025-12-15 00:52:37,882 - SmartHomeAI - INFO - [00:52:37] [RUNNING] Track 7 running (844.0 px/s)
2025-12-15 00:52:38,010 - SmartHomeAI - WARNING - [00:52:37] [VIOLENCE] Violence detected near track 4
2025-12-15 00:52:38,010 - SmartHomeAI - WARNING - Sound file not found: data/assets/sounds\alarm.mp3
2025-12-15 00:52:38,012 - SmartHomeAI - WARNING - [00:52:37] [VIOLENCE] Violence detected near track 2
2025-12-15 00:52:38,014 - SmartHomeAI - WARNING - Sound file not found: data/assets/sounds\alarm.mp3
2025-12-15 00:52:38,259 - SmartHomeAI - WARNING - [00:52:38] [INTRUSION] Track 11 entered ROI
2025-12-15 00:52:38,259 - SmartHomeAI - WARNING - Sound file not found: data/assets/sounds\alarm.mp3
2025-12-15 00:52:38,263 - SmartHomeAI - WARNING - [00:52:38] [VIOLENCE] Violence detected near track 3
2025-12-15 00:52:38,263 - SmartHomeAI - WARNING - Sound file not found: data/assets/sounds\alarm.mp3
2025-12-15 00:52:38,274 - SmartHomeAI - WARNING - [00:52:38] [VIOLENCE] Violence detected near track 7
2025-12-15 00:52:38,274 - SmartHomeAI - WARNING - Sound file not found: data/assets/sounds\alarm.mp3
2025-12-15 00:52:38,316 - SmartHomeAI - WARNING - [00:52:38] [INTRUSION] Track 12 entered ROI
2025-12-15 00:52:38,316 - SmartHomeAI - WARNING - Sound file not found: data/assets/sounds\alarm.mp3
2025-12-15 00:52:38,466 - SmartHomeAI - INFO - [00:52:38] [RUNNING] Track 7 running (550.9 px/s)
2025-12-15 00:52:38,664 - SmartHomeAI - INFO - [00:52:38] [RUNNING] Track 7 running (208.1 px/s)
2025-12-15 00:52:38,917 - SmartHomeAI - INFO - [00:52:38] [RUNNING] Track 7 running (221.3 px/s)
2025-12-15 00:52:39,323 - SmartHomeAI - INFO - [00:52:38] [RUNNING] Track 8 running (316.1 px/s)
2025-12-15 00:52:39,337 - SmartHomeAI - WARNING - [00:52:38] [VIOLENCE] Violence detected near track 7
2025-12-15 00:52:39,337 - SmartHomeAI - WARNING - Sound file not found: data/assets/sounds\alarm.mp3
2025-12-15 00:52:39,988 - SmartHomeAI - WARNING - [00:52:39] [INTRUSION] Track 13 entered ROI
2025-12-15 00:52:39,988 - SmartHomeAI - WARNING - Sound file not found: data/assets/sounds\alarm.mp3
2025-12-15 00:52:40,086 - SmartHomeAI - WARNING - [00:52:39] [VIOLENCE] Violence detected near track 3
2025-12-15 00:52:40,086 - SmartHomeAI - WARNING - Sound file not found: data/assets/sounds\alarm.mp3
2025-12-15 00:52:40,089 - SmartHomeAI - WARNING - [00:52:39] [VIOLENCE] Violence detected near track 8
2025-12-15 00:52:40,089 - SmartHomeAI - WARNING - Sound file not found: data/assets/sounds\alarm.mp3
2025-12-15 00:52:40,478 - SmartHomeAI - WARNING - [00:52:40] [VIOLENCE] Violence detected near track 3
2025-12-15 00:52:40,478 - SmartHomeAI - WARNING - Sound file not found: data/assets/sounds\alarm.mp3
2025-12-15 00:52:40,481 - SmartHomeAI - WARNING - [00:52:40] [VIOLENCE] Violence detected near track 4
2025-12-15 00:52:40,481 - SmartHomeAI - WARNING - Sound file not found: data/assets/sounds\alarm.mp3
2025-12-15 00:52:40,493 - SmartHomeAI - WARNING - [00:52:40] [VIOLENCE] Violence detected near track 12
2025-12-15 00:52:40,493 - SmartHomeAI - WARNING - Sound file not found: data/assets/sounds\alarm.mp3
2025-12-15 00:52:40,496 - SmartHomeAI - WARNING - [00:52:40] [VIOLENCE] Violence detected near track 7
2025-12-15 00:52:40,496 - SmartHomeAI - WARNING - Sound file not found: data/assets/sounds\alarm.mp3
2025-12-15 00:52:40,587 - SmartHomeAI - INFO - [00:52:40] [RUNNING] Track 11 running (233.1 px/s)
2025-12-15 00:52:40,817 - SmartHomeAI - INFO - Telegram alert sent: [00:52:37] [INTRUSION] Track 2 entered ROI
2025-12-15 00:52:40,845 - SmartHomeAI - INFO - Telegram alert sent: [00:52:37] [INTRUSION] Track 1 entered ROI
2025-12-15 00:52:40,877 - SmartHomeAI - INFO - Telegram alert sent: [00:52:37] [INTRUSION] Track 3 entered ROI
2025-12-15 00:52:40,904 - SmartHomeAI - INFO - Telegram alert sent: [00:52:37] [INTRUSION] Track 8 entered ROI
2025-12-15 00:52:40,965 - SmartHomeAI - INFO - Telegram alert sent: [00:52:37] [INTRUSION] Track 4 entered ROI
2025-12-15 00:52:41,015 - SmartHomeAI - INFO - Telegram alert sent: [00:52:37] [INTRUSION] Track 7 entered ROI
2025-12-15 00:52:41,031 - SmartHomeAI - WARNING - [00:52:40] [VIOLENCE] Violence detected near track 3
2025-12-15 00:52:41,043 - SmartHomeAI - WARNING - Sound file not found: data/assets/sounds\alarm.mp3
2025-12-15 00:52:41,051 - SmartHomeAI - WARNING - [00:52:40] [VIOLENCE] Violence detected near track 4
2025-12-15 00:52:41,051 - SmartHomeAI - WARNING - Sound file not found: data/assets/sounds\alarm.mp3
2025-12-15 00:52:41,054 - SmartHomeAI - WARNING - [00:52:40] [VIOLENCE] Violence detected near track 12
2025-12-15 00:52:41,055 - SmartHomeAI - WARNING - Sound file not found: data/assets/sounds\alarm.mp3
2025-12-15 00:52:41,429 - SmartHomeAI - WARNING - [00:52:41] [VIOLENCE] Violence detected near track 3
2025-12-15 00:52:41,429 - SmartHomeAI - WARNING - Sound file not found: data/assets/sounds\alarm.mp3
2025-12-15 00:52:41,821 - SmartHomeAI - WARNING - [00:52:41] [VIOLENCE] Violence detected near track 3
2025-12-15 00:52:41,822 - SmartHomeAI - WARNING - Sound file not found: data/assets/sounds\alarm.mp3
2025-12-15 00:52:41,835 - SmartHomeAI - WARNING - [00:52:41] [VIOLENCE] Violence detected near track 7
2025-12-15 00:52:41,835 - SmartHomeAI - WARNING - Sound file not found: data/assets/sounds\alarm.mp3
2025-12-15 00:52:41,838 - SmartHomeAI - WARNING - [00:52:41] [VIOLENCE] Violence detected near track 4
2025-12-15 00:52:41,838 - SmartHomeAI - WARNING - Sound file not found: data/assets/sounds\alarm.mp3
2025-12-15 00:52:41,842 - SmartHomeAI - WARNING - [00:52:41] [VIOLENCE] Violence detected near track 12
2025-12-15 00:52:41,842 - SmartHomeAI - WARNING - Sound file not found: data/assets/sounds\alarm.mp3
2025-12-15 00:52:42,112 - SmartHomeAI - INFO - [00:52:42] [LOITERING] Track 3 loitering (5.0s)
2025-12-15 00:52:42,122 - SmartHomeAI - INFO - [00:52:42] [LOITERING] Track 4 loitering (5.0s)
2025-12-15 00:52:42,125 - SmartHomeAI - INFO - [00:52:42] [LOITERING] Track 7 loitering (5.0s)
2025-12-15 00:52:42,127 - SmartHomeAI - INFO - [00:52:42] [LOITERING] Track 8 loitering (5.0s)
2025-12-15 00:52:42,129 - SmartHomeAI - WARNING - [00:52:42] [VIOLENCE] Violence detected near track 3
2025-12-15 00:52:42,129 - SmartHomeAI - WARNING - Sound file not found: data/assets/sounds\alarm.mp3
2025-12-15 00:52:42,175 - SmartHomeAI - WARNING - [00:52:42] [INTRUSION] Track 3 entered ROI
2025-12-15 00:52:42,175 - SmartHomeAI - WARNING - Sound file not found: data/assets/sounds\alarm.mp3
2025-12-15 00:52:42,177 - SmartHomeAI - WARNING - [00:52:42] [INTRUSION] Track 4 entered ROI
2025-12-15 00:52:42,177 - SmartHomeAI - WARNING - Sound file not found: data/assets/sounds\alarm.mp3
2025-12-15 00:52:42,180 - SmartHomeAI - WARNING - [00:52:42] [INTRUSION] Track 7 entered ROI
2025-12-15 00:52:42,180 - SmartHomeAI - WARNING - Sound file not found: data/assets/sounds\alarm.mp3
2025-12-15 00:52:42,222 - SmartHomeAI - WARNING - [00:52:42] [INTRUSION] Track 8 entered ROI
2025-12-15 00:52:42,223 - SmartHomeAI - WARNING - Sound file not found: data/assets/sounds\alarm.mp3
2025-12-15 00:52:42,226 - SmartHomeAI - INFO - [00:52:42] [RUNNING] Track 8 running (200.9 px/s)
2025-12-15 00:52:42,393 - SmartHomeAI - WARNING - [00:52:42] [VIOLENCE] Violence detected near track 3
2025-12-15 00:52:42,394 - SmartHomeAI - WARNING - Sound file not found: data/assets/sounds\alarm.mp3
2025-12-15 00:52:42,845 - SmartHomeAI - WARNING - [00:52:42] [VIOLENCE] Violence detected near track 3
2025-12-15 00:52:42,846 - SmartHomeAI - WARNING - Sound file not found: data/assets/sounds\alarm.mp3
2025-12-15 00:52:42,849 - SmartHomeAI - WARNING - [00:52:42] [VIOLENCE] Violence detected near track 15
2025-12-15 00:52:42,849 - SmartHomeAI - WARNING - Sound file not found: data/assets/sounds\alarm.mp3
2025-12-15 00:52:43,423 - SmartHomeAI - WARNING - [00:52:43] [VIOLENCE] Violence detected near track 3
2025-12-15 00:52:43,423 - SmartHomeAI - WARNING - Sound file not found: data/assets/sounds\alarm.mp3
2025-12-15 00:52:43,426 - SmartHomeAI - WARNING - [00:52:43] [VIOLENCE] Violence detected near track 7
2025-12-15 00:52:43,426 - SmartHomeAI - WARNING - Sound file not found: data/assets/sounds\alarm.mp3
2025-12-15 00:52:43,438 - SmartHomeAI - WARNING - [00:52:43] [VIOLENCE] Violence detected near track 13
2025-12-15 00:52:43,438 - SmartHomeAI - WARNING - Sound file not found: data/assets/sounds\alarm.mp3
2025-12-15 00:52:43,442 - SmartHomeAI - WARNING - [00:52:43] [VIOLENCE] Violence detected near track 8
2025-12-15 00:52:43,442 - SmartHomeAI - WARNING - Sound file not found: data/assets/sounds\alarm.mp3
2025-12-15 00:52:43,669 - SmartHomeAI - WARNING - [00:52:43] [VIOLENCE] Violence detected near track 8
2025-12-15 00:52:43,669 - SmartHomeAI - WARNING - Sound file not found: data/assets/sounds\alarm.mp3
2025-12-15 00:52:43,672 - SmartHomeAI - WARNING - [00:52:43] [VIOLENCE] Violence detected near track 7
2025-12-15 00:52:43,672 - SmartHomeAI - WARNING - Sound file not found: data/assets/sounds\alarm.mp3
2025-12-15 00:52:43,675 - SmartHomeAI - WARNING - [00:52:43] [VIOLENCE] Violence detected near track 3
2025-12-15 00:52:43,675 - SmartHomeAI - WARNING - Sound file not found: data/assets/sounds\alarm.mp3
2025-12-15 00:52:43,900 - SmartHomeAI - WARNING - [00:52:43] [VIOLENCE] Violence detected near track 3
2025-12-15 00:52:43,900 - SmartHomeAI - WARNING - Sound file not found: data/assets/sounds\alarm.mp3
2025-12-15 00:52:43,902 - SmartHomeAI - WARNING - [00:52:43] [VIOLENCE] Violence detected near track 8
2025-12-15 00:52:43,903 - SmartHomeAI - WARNING - Sound file not found: data/assets/sounds\alarm.mp3
2025-12-15 00:52:44,151 - SmartHomeAI - WARNING - [00:52:44] [VIOLENCE] Violence detected near track 3
2025-12-15 00:52:44,151 - SmartHomeAI - WARNING - Sound file not found: data/assets/sounds\alarm.mp3
2025-12-15 00:52:44,154 - SmartHomeAI - WARNING - [00:52:44] [VIOLENCE] Violence detected near track 8
2025-12-15 00:52:44,154 - SmartHomeAI - WARNING - Sound file not found: data/assets/sounds\alarm.mp3
2025-12-15 00:52:44,159 - SmartHomeAI - WARNING - [00:52:44] [VIOLENCE] Violence detected near track 11
2025-12-15 00:52:44,159 - SmartHomeAI - WARNING - Sound file not found: data/assets/sounds\alarm.mp3
2025-12-15 00:52:44,248 - SmartHomeAI - WARNING - [00:52:44] [INTRUSION] Track 11 entered ROI
2025-12-15 00:52:44,248 - SmartHomeAI - WARNING - Sound file not found: data/assets/sounds\alarm.mp3
2025-12-15 00:52:44,420 - SmartHomeAI - WARNING - [00:52:44] [VIOLENCE] Violence detected near track 3
2025-12-15 00:52:44,420 - SmartHomeAI - WARNING - Sound file not found: data/assets/sounds\alarm.mp3
2025-12-15 00:52:44,424 - SmartHomeAI - WARNING - [00:52:44] [VIOLENCE] Violence detected near track 11
2025-12-15 00:52:44,424 - SmartHomeAI - WARNING - Sound file not found: data/assets/sounds\alarm.mp3
2025-12-15 00:52:44,480 - SmartHomeAI - INFO - Telegram alert sent: [00:52:37] [VIOLENCE] Violence detected near track 4
2025-12-15 00:52:44,676 - SmartHomeAI - WARNING - [00:52:44] [VIOLENCE] Violence detected near track 3
2025-12-15 00:52:44,677 - SmartHomeAI - WARNING - Sound file not found: data/assets/sounds\alarm.mp3
2025-12-15 00:52:44,679 - SmartHomeAI - WARNING - [00:52:44] [VIOLENCE] Violence detected near track 11
2025-12-15 00:52:44,679 - SmartHomeAI - WARNING - Sound file not found: data/assets/sounds\alarm.mp3
2025-12-15 00:52:44,769 - SmartHomeAI - INFO - Telegram alert sent: [00:52:37] [VIOLENCE] Violence detected near track 8
2025-12-15 00:52:44,774 - SmartHomeAI - INFO - [00:52:44] [RUNNING] Track 7 running (2064.0 px/s)
2025-12-15 00:52:44,820 - SmartHomeAI - WARNING - [00:52:44] [INTRUSION] Track 18 entered ROI
2025-12-15 00:52:44,821 - SmartHomeAI - WARNING - Sound file not found: data/assets/sounds\alarm.mp3
2025-12-15 00:52:44,852 - SmartHomeAI - INFO - Telegram alert sent: [00:52:37] [VIOLENCE] Violence detected near track 3
2025-12-15 00:52:44,943 - SmartHomeAI - INFO - Telegram alert sent: [00:52:37] [INTRUSION] Track 9 entered ROI
2025-12-15 00:52:44,975 - SmartHomeAI - INFO - Telegram alert sent: [00:52:37] [VIOLENCE] Violence detected near track 3
2025-12-15 00:52:44,977 - SmartHomeAI - WARNING - [00:52:44] [VIOLENCE] Violence detected near track 3
2025-12-15 00:52:44,977 - SmartHomeAI - WARNING - Sound file not found: data/assets/sounds\alarm.mp3
2025-12-15 00:52:45,007 - SmartHomeAI - INFO - Telegram alert sent: [00:52:37] [RUNNING] Track 7 running (844.0 px/s)
2025-12-15 00:52:45,045 - SmartHomeAI - INFO - Telegram alert sent: [00:52:37] [VIOLENCE] Violence detected near track 2
2025-12-15 00:52:45,085 - SmartHomeAI - INFO - Telegram alert sent: [00:52:37] [VIOLENCE] Violence detected near track 4
2025-12-15 00:52:45,121 - SmartHomeAI - INFO - Telegram alert sent: [00:52:38] [VIOLENCE] Violence detected near track 3
2025-12-15 00:52:45,144 - SmartHomeAI - INFO - Telegram alert sent: [00:52:38] [INTRUSION] Track 11 entered ROI
2025-12-15 00:52:45,147 - SmartHomeAI - WARNING - [00:52:45] [INTRUSION] Track 19 entered ROI
2025-12-15 00:52:45,147 - SmartHomeAI - WARNING - Sound file not found: data/assets/sounds\alarm.mp3
2025-12-15 00:52:45,180 - SmartHomeAI - INFO - Telegram alert sent: [00:52:38] [VIOLENCE] Violence detected near track 7
2025-12-15 00:52:45,213 - SmartHomeAI - INFO - Telegram alert sent: [00:52:37] [VIOLENCE] Violence detected near track 2
2025-12-15 00:52:45,240 - SmartHomeAI - INFO - Telegram alert sent: [00:52:38] [INTRUSION] Track 12 entered ROI
2025-12-15 00:52:45,273 - SmartHomeAI - INFO - Telegram alert sent: [00:52:38] [RUNNING] Track 7 running (550.9 px/s)
2025-12-15 00:52:45,295 - SmartHomeAI - INFO - [00:52:45] [RUNNING] Track 19 running (206.5 px/s)
2025-12-15 00:52:45,299 - SmartHomeAI - WARNING - [00:52:45] [VIOLENCE] Violence detected near track 3
2025-12-15 00:52:45,300 - SmartHomeAI - WARNING - Sound file not found: data/assets/sounds\alarm.mp3
2025-12-15 00:52:45,302 - SmartHomeAI - WARNING - [00:52:45] [VIOLENCE] Violence detected near track 19
2025-12-15 00:52:45,304 - SmartHomeAI - INFO - Telegram alert sent: [00:52:38] [RUNNING] Track 7 running (208.1 px/s)
2025-12-15 00:52:45,306 - SmartHomeAI - WARNING - Sound file not found: data/assets/sounds\alarm.mp3
2025-12-15 00:52:45,338 - SmartHomeAI - INFO - Telegram alert sent: [00:52:38] [RUNNING] Track 7 running (221.3 px/s)
2025-12-15 00:52:45,381 - SmartHomeAI - INFO - Telegram alert sent: [00:52:38] [VIOLENCE] Violence detected near track 7
2025-12-15 00:52:45,407 - SmartHomeAI - INFO - [00:52:45] [RUNNING] Track 19 running (1092.0 px/s)
2025-12-15 00:52:45,411 - SmartHomeAI - INFO - Telegram alert sent: [00:52:38] [RUNNING] Track 8 running (316.1 px/s)
2025-12-15 00:52:45,459 - SmartHomeAI - INFO - [00:52:45] [RUNNING] Track 19 running (290.6 px/s)
2025-12-15 00:52:45,511 - SmartHomeAI - INFO - [00:52:45] [RUNNING] Track 3 running (288.7 px/s)
2025-12-15 00:52:45,514 - SmartHomeAI - INFO - [00:52:45] [RUNNING] Track 19 running (320.7 px/s)
2025-12-15 00:52:45,780 - SmartHomeAI - INFO - [00:52:45] [RUNNING] Track 3 running (287.1 px/s)
2025-12-15 00:52:45,854 - SmartHomeAI - INFO - [00:52:45] [RUNNING] Track 19 running (280.2 px/s)
2025-12-15 00:52:46,974 - SmartHomeAI - INFO - [00:52:46] [RUNNING] Track 11 running (230.2 px/s)
2025-12-15 00:52:47,138 - SmartHomeAI - INFO - [00:52:47] [RUNNING] Track 19 running (326.1 px/s)
2025-12-15 00:52:47,142 - SmartHomeAI - WARNING - [00:52:47] [VIOLENCE] Violence detected near track 3
2025-12-15 00:52:47,142 - SmartHomeAI - WARNING - Sound file not found: data/assets/sounds\alarm.mp3
2025-12-15 00:52:47,192 - SmartHomeAI - INFO - [00:52:47] [LOITERING] Track 3 loitering (5.0s)
2025-12-15 00:52:47,237 - SmartHomeAI - WARNING - [00:52:47] [INTRUSION] Track 3 entered ROI
2025-12-15 00:52:47,238 - SmartHomeAI - WARNING - Sound file not found: data/assets/sounds\alarm.mp3
2025-12-15 00:52:47,240 - SmartHomeAI - INFO - [00:52:47] [RUNNING] Track 19 running (318.8 px/s)
2025-12-15 00:52:47,300 - SmartHomeAI - INFO - [00:52:47] [RUNNING] Track 19 running (281.1 px/s)
2025-12-15 00:52:47,360 - SmartHomeAI - WARNING - [00:52:47] [INTRUSION] Track 24 entered ROI
2025-12-15 00:52:47,360 - SmartHomeAI - WARNING - Sound file not found: data/assets/sounds\alarm.mp3
2025-12-15 00:52:47,364 - SmartHomeAI - INFO - [00:52:47] [RUNNING] Track 19 running (275.9 px/s)
2025-12-15 00:52:47,470 - SmartHomeAI - INFO - [00:52:47] [RUNNING] Track 19 running (246.2 px/s)
2025-12-15 00:52:47,474 - SmartHomeAI - WARNING - [00:52:47] [VIOLENCE] Violence detected near track 3
2025-12-15 00:52:47,475 - SmartHomeAI - WARNING - Sound file not found: data/assets/sounds\alarm.mp3
2025-12-15 00:52:47,560 - SmartHomeAI - INFO - [00:52:47] [RUNNING] Track 19 running (383.1 px/s)
2025-12-15 00:52:47,610 - SmartHomeAI - INFO - [00:52:47] [RUNNING] Track 19 running (352.1 px/s)
2025-12-15 00:52:47,613 - SmartHomeAI - INFO - [00:52:47] [RUNNING] Track 24 running (856.7 px/s)
2025-12-15 00:52:47,665 - SmartHomeAI - INFO - [00:52:47] [RUNNING] Track 19 running (303.6 px/s)
2025-12-15 00:52:48,019 - SmartHomeAI - INFO - [00:52:47] [RUNNING] Track 19 running (283.5 px/s)
2025-12-15 00:52:48,022 - SmartHomeAI - WARNING - [00:52:47] [VIOLENCE] Violence detected near track 3
2025-12-15 00:52:48,023 - SmartHomeAI - WARNING - Sound file not found: data/assets/sounds\alarm.mp3
2025-12-15 00:52:48,452 - SmartHomeAI - INFO - [00:52:48] [RUNNING] Track 11 running (376.2 px/s)
2025-12-15 00:52:48,457 - SmartHomeAI - INFO - [00:52:48] [RUNNING] Track 19 running (247.5 px/s)
2025-12-15 00:52:48,507 - SmartHomeAI - INFO - [00:52:48] [RUNNING] Track 19 running (261.7 px/s)
2025-12-15 00:52:48,618 - SmartHomeAI - INFO - [00:52:48] [RUNNING] Track 19 running (295.3 px/s)
2025-12-15 00:52:48,622 - SmartHomeAI - WARNING - [00:52:48] [VIOLENCE] Violence detected near track 3
2025-12-15 00:52:48,622 - SmartHomeAI - WARNING - Sound file not found: data/assets/sounds\alarm.mp3
2025-12-15 00:52:48,710 - SmartHomeAI - INFO - [00:52:48] [RUNNING] Track 19 running (373.0 px/s)
2025-12-15 00:52:48,761 - SmartHomeAI - INFO - [00:52:48] [RUNNING] Track 19 running (345.5 px/s)
2025-12-15 00:52:48,812 - SmartHomeAI - INFO - [00:52:48] [RUNNING] Track 19 running (300.4 px/s)
2025-12-15 00:52:48,915 - SmartHomeAI - INFO - [00:52:48] [RUNNING] Track 19 running (314.0 px/s)
2025-12-15 00:52:48,919 - SmartHomeAI - WARNING - [00:52:48] [VIOLENCE] Violence detected near track 3
2025-12-15 00:52:48,919 - SmartHomeAI - WARNING - Sound file not found: data/assets/sounds\alarm.mp3
2025-12-15 00:52:48,920 - SmartHomeAI - WARNING - [00:52:48] [VIOLENCE] Violence detected near track 25
2025-12-15 00:52:48,922 - SmartHomeAI - WARNING - Sound file not found: data/assets/sounds\alarm.mp3
2025-12-15 00:52:49,015 - SmartHomeAI - INFO - [00:52:48] [RUNNING] Track 19 running (352.7 px/s)
2025-12-15 00:52:49,212 - SmartHomeAI - WARNING - [00:52:49] [VIOLENCE] Violence detected near track 3
2025-12-15 00:52:49,213 - SmartHomeAI - WARNING - Sound file not found: data/assets/sounds\alarm.mp3
2025-12-15 00:52:49,216 - SmartHomeAI - WARNING - [00:52:49] [VIOLENCE] Violence detected near track 25
2025-12-15 00:52:49,216 - SmartHomeAI - WARNING - Sound file not found: data/assets/sounds\alarm.mp3
2025-12-15 00:52:49,218 - SmartHomeAI - WARNING - [00:52:49] [VIOLENCE] Violence detected near track 11
2025-12-15 00:52:49,218 - SmartHomeAI - WARNING - Sound file not found: data/assets/sounds\alarm.mp3
2025-12-15 00:52:49,222 - SmartHomeAI - WARNING - [00:52:49] [VIOLENCE] Violence detected near track 24
2025-12-15 00:52:49,222 - SmartHomeAI - WARNING - Sound file not found: data/assets/sounds\alarm.mp3
2025-12-15 00:52:49,644 - SmartHomeAI - INFO - [00:52:49] [LOITERING] Track 11 loitering (5.0s)
2025-12-15 00:52:49,779 - SmartHomeAI - WARNING - [00:52:49] [INTRUSION] Track 11 entered ROI
2025-12-15 00:52:49,780 - SmartHomeAI - WARNING - Sound file not found: data/assets/sounds\alarm.mp3
2025-12-15 00:52:49,838 - SmartHomeAI - WARNING - [00:52:49] [INTRUSION] Track 25 entered ROI
2025-12-15 00:52:49,839 - SmartHomeAI - WARNING - Sound file not found: data/assets/sounds\alarm.mp3
2025-12-15 00:52:50,279 - SmartHomeAI - WARNING - [00:52:49] [VIOLENCE] Violence detected near track 3
2025-12-15 00:52:50,303 - SmartHomeAI - WARNING - Sound file not found: data/assets/sounds\alarm.mp3
2025-12-15 00:52:50,345 - SmartHomeAI - INFO - Cleaning up...
2025-12-15 00:52:50,347 - SmartHomeAI - INFO - Approx. FPS: 10.78
2025-12-15 00:52:50,378 - SmartHomeAI - INFO - Video stream thread stopping.
2025-12-15 00:52:50,698 - SmartHomeAI - INFO - Video stream stopped.
2025-12-15 00:52:55,116 - SmartHomeAI - INFO - Telegram alert sent: [00:52:42] [VIOLENCE] Violence detected near track 3
2025-12-15 00:52:55,125 - SmartHomeAI - INFO - Telegram alert sent: [00:52:42] [INTRUSION] Track 3 entered ROI
2025-12-15 00:52:55,126 - SmartHomeAI - INFO - Telegram alert sent: [00:52:43] [VIOLENCE] Violence detected near track 3
2025-12-15 00:52:55,128 - SmartHomeAI - INFO - Telegram alert sent: [00:52:43] [VIOLENCE] Violence detected near track 7
2025-12-15 00:52:55,130 - SmartHomeAI - INFO - Telegram alert sent: [00:52:40] [VIOLENCE] Violence detected near track 12
2025-12-15 00:52:55,132 - SmartHomeAI - INFO - Telegram alert sent: [00:52:40] [VIOLENCE] Violence detected near track 12
2025-12-15 00:52:55,133 - SmartHomeAI - INFO - Telegram alert sent: [00:52:42] [INTRUSION] Track 8 entered ROI
2025-12-15 00:52:55,136 - SmartHomeAI - INFO - Telegram alert sent: [00:52:40] [VIOLENCE] Violence detected near track 7
2025-12-15 00:52:55,140 - SmartHomeAI - INFO - Telegram alert sent: [00:52:42] [INTRUSION] Track 4 entered ROI
2025-12-15 00:52:55,145 - SmartHomeAI - INFO - Telegram alert sent: [00:52:41] [VIOLENCE] Violence detected near track 3
2025-12-15 00:52:55,147 - SmartHomeAI - INFO - Telegram alert sent: [00:52:41] [VIOLENCE] Violence detected near track 7
2025-12-15 00:52:55,150 - SmartHomeAI - INFO - Telegram alert sent: [00:52:42] [LOITERING] Track 7 loitering (5.0s)
2025-12-15 00:52:55,152 - SmartHomeAI - INFO - Telegram alert sent: [00:52:42] [LOITERING] Track 8 loitering (5.0s)
2025-12-15 00:52:55,153 - SmartHomeAI - INFO - Telegram alert sent: [00:52:39] [INTRUSION] Track 13 entered ROI
2025-12-15 00:52:55,156 - SmartHomeAI - INFO - Telegram alert sent: [00:52:41] [VIOLENCE] Violence detected near track 12
2025-12-15 00:52:55,157 - SmartHomeAI - INFO - Telegram alert sent: [00:52:41] [VIOLENCE] Violence detected near track 3
2025-12-15 00:52:55,157 - SmartHomeAI - INFO - Telegram alert sent: [00:52:44] [VIOLENCE] Violence detected near track 8
2025-12-15 00:52:55,159 - SmartHomeAI - INFO - Telegram alert sent: [00:52:41] [VIOLENCE] Violence detected near track 4
2025-12-15 00:52:55,163 - SmartHomeAI - INFO - Telegram alert sent: [00:52:40] [VIOLENCE] Violence detected near track 3
2025-12-15 00:52:55,171 - SmartHomeAI - INFO - Telegram alert sent: [00:52:44] [VIOLENCE] Violence detected near track 11
2025-12-15 00:52:55,173 - SmartHomeAI - INFO - Telegram alert sent: [00:52:43] [VIOLENCE] Violence detected near track 13
2025-12-15 00:52:55,174 - SmartHomeAI - INFO - Telegram alert sent: [00:52:42] [RUNNING] Track 8 running (200.9 px/s)
2025-12-15 00:52:55,181 - SmartHomeAI - INFO - Telegram alert sent: [00:52:42] [VIOLENCE] Violence detected near track 3
2025-12-15 00:52:55,181 - SmartHomeAI - INFO - Telegram alert sent: [00:52:44] [VIOLENCE] Violence detected near track 3
2025-12-15 00:52:55,183 - SmartHomeAI - INFO - Telegram alert sent: [00:52:43] [VIOLENCE] Violence detected near track 3
2025-12-15 00:52:55,186 - SmartHomeAI - INFO - Telegram alert sent: [00:52:42] [VIOLENCE] Violence detected near track 3
2025-12-15 00:52:55,187 - SmartHomeAI - INFO - Telegram alert sent: [00:52:42] [LOITERING] Track 3 loitering (5.0s)
2025-12-15 00:52:55,188 - SmartHomeAI - INFO - Telegram alert sent: [00:52:40] [RUNNING] Track 11 running (233.1 px/s)
2025-12-15 00:52:55,188 - SmartHomeAI - INFO - Telegram alert sent: [00:52:43] [VIOLENCE] Violence detected near track 7
2025-12-15 00:52:55,196 - SmartHomeAI - INFO - Telegram alert sent: [00:52:39] [VIOLENCE] Violence detected near track 3
2025-12-15 00:52:55,199 - SmartHomeAI - INFO - Telegram alert sent: [00:52:43] [VIOLENCE] Violence detected near track 8
2025-12-15 00:52:55,205 - SmartHomeAI - INFO - Telegram alert sent: [00:52:43] [VIOLENCE] Violence detected near track 3
2025-12-15 00:52:55,205 - SmartHomeAI - INFO - Telegram alert sent: [00:52:43] [VIOLENCE] Violence detected near track 8
2025-12-15 00:52:55,207 - SmartHomeAI - INFO - Telegram alert sent: [00:52:40] [VIOLENCE] Violence detected near track 4
2025-12-15 00:52:55,207 - SmartHomeAI - INFO - Telegram alert sent: [00:52:44] [INTRUSION] Track 11 entered ROI
2025-12-15 00:52:55,210 - SmartHomeAI - INFO - Telegram alert sent: [00:52:39] [VIOLENCE] Violence detected near track 8
2025-12-15 00:52:55,213 - SmartHomeAI - INFO - Telegram alert sent: [00:52:43] [VIOLENCE] Violence detected near track 8
2025-12-15 00:52:55,220 - SmartHomeAI - INFO - Telegram alert sent: [00:52:42] [LOITERING] Track 4 loitering (5.0s)
2025-12-15 00:52:55,224 - SmartHomeAI - INFO - Telegram alert sent: [00:52:40] [VIOLENCE] Violence detected near track 4
2025-12-15 00:52:55,229 - SmartHomeAI - INFO - Telegram alert sent: [00:52:40] [VIOLENCE] Violence detected near track 3
2025-12-15 00:52:55,232 - SmartHomeAI - INFO - Telegram alert sent: [00:52:42] [VIOLENCE] Violence detected near track 15
2025-12-15 00:52:55,233 - SmartHomeAI - INFO - Telegram alert sent: [00:52:42] [INTRUSION] Track 7 entered ROI
2025-12-15 00:52:57,865 - SmartHomeAI - INFO - Telegram alert sent: [00:52:44] [VIOLENCE] Violence detected near track 3
2025-12-15 00:52:58,068 - SmartHomeAI - INFO - Telegram alert sent: [00:52:44] [VIOLENCE] Violence detected near track 11
2025-12-15 00:52:58,665 - SmartHomeAI - INFO - Telegram alert sent: [00:52:44] [VIOLENCE] Violence detected near track 3
2025-12-15 00:52:58,989 - SmartHomeAI - INFO - Telegram alert sent: [00:52:44] [VIOLENCE] Violence detected near track 11
2025-12-15 00:52:59,407 - SmartHomeAI - INFO - Telegram alert sent: [00:52:44] [VIOLENCE] Violence detected near track 3
2025-12-15 00:52:59,698 - SmartHomeAI - INFO - Telegram alert sent: [00:52:44] [RUNNING] Track 7 running (2064.0 px/s)
2025-12-15 00:52:59,909 - SmartHomeAI - INFO - Telegram alert sent: [00:52:44] [INTRUSION] Track 18 entered ROI
2025-12-15 00:52:59,942 - SmartHomeAI - INFO - Telegram alert sent: [00:52:45] [RUNNING] Track 3 running (287.1 px/s)
2025-12-15 00:53:00,516 - SmartHomeAI - INFO - Telegram alert sent: [00:52:45] [RUNNING] Track 19 running (1092.0 px/s)
2025-12-15 00:53:08,943 - SmartHomeAI - INFO - Telegram alert sent: [00:52:47] [RUNNING] Track 19 running (303.6 px/s)
2025-12-15 00:53:09,132 - SmartHomeAI - INFO - Telegram alert sent: [00:52:48] [RUNNING] Track 19 running (373.0 px/s)
2025-12-15 00:53:09,210 - SmartHomeAI - INFO - Telegram alert sent: [00:52:45] [RUNNING] Track 19 running (320.7 px/s)
2025-12-15 00:53:09,239 - SmartHomeAI - INFO - Telegram alert sent: [00:52:47] [RUNNING] Track 19 running (326.1 px/s)
2025-12-15 00:53:09,323 - SmartHomeAI - INFO - Telegram alert sent: [00:52:45] [INTRUSION] Track 19 entered ROI
2025-12-15 00:53:09,435 - SmartHomeAI - INFO - Telegram alert sent: [00:52:45] [VIOLENCE] Violence detected near track 3
2025-12-15 00:53:09,477 - SmartHomeAI - INFO - Telegram alert sent: [00:52:45] [RUNNING] Track 19 running (290.6 px/s)
2025-12-15 00:53:09,509 - SmartHomeAI - INFO - Telegram alert sent: [00:52:48] [RUNNING] Track 19 running (345.5 px/s)
2025-12-15 00:53:09,549 - SmartHomeAI - INFO - Telegram alert sent: [00:52:48] [RUNNING] Track 19 running (247.5 px/s)
2025-12-15 00:53:09,583 - SmartHomeAI - INFO - Telegram alert sent: [00:52:48] [RUNNING] Track 19 running (300.4 px/s)
2025-12-15 00:53:09,625 - SmartHomeAI - INFO - Telegram alert sent: [00:52:48] [RUNNING] Track 19 running (352.7 px/s)
2025-12-15 00:53:09,733 - SmartHomeAI - INFO - Telegram alert sent: [00:52:46] [RUNNING] Track 11 running (230.2 px/s)
2025-12-15 00:53:09,764 - SmartHomeAI - INFO - Telegram alert sent: [00:52:48] [RUNNING] Track 19 running (295.3 px/s)
2025-12-15 00:53:09,787 - SmartHomeAI - INFO - Telegram alert sent: [00:52:48] [RUNNING] Track 19 running (314.0 px/s)
2025-12-15 00:53:09,876 - SmartHomeAI - INFO - Telegram alert sent: [00:52:49] [VIOLENCE] Violence detected near track 3
2025-12-15 00:53:09,906 - SmartHomeAI - INFO - Telegram alert sent: [00:52:48] [RUNNING] Track 19 running (261.7 px/s)
2025-12-15 00:53:09,939 - SmartHomeAI - INFO - Telegram alert sent: [00:52:47] [RUNNING] Track 19 running (318.8 px/s)
2025-12-15 00:53:09,981 - SmartHomeAI - INFO - Telegram alert sent: [00:52:47] [RUNNING] Track 19 running (246.2 px/s)
2025-12-15 00:53:10,059 - SmartHomeAI - INFO - Telegram alert sent: [00:52:49] [VIOLENCE] Violence detected near track 11
2025-12-15 00:53:10,082 - SmartHomeAI - INFO - Telegram alert sent: [00:52:47] [VIOLENCE] Violence detected near track 3
2025-12-15 00:53:10,163 - SmartHomeAI - INFO - Telegram alert sent: [00:52:48] [VIOLENCE] Violence detected near track 3
2025-12-15 00:53:10,197 - SmartHomeAI - INFO - Telegram alert sent: [00:52:45] [RUNNING] Track 3 running (288.7 px/s)
2025-12-15 00:53:10,220 - SmartHomeAI - INFO - Telegram alert sent: [00:52:48] [VIOLENCE] Violence detected near track 3
2025-12-15 00:53:10,263 - SmartHomeAI - INFO - Telegram alert sent: [00:52:48] [VIOLENCE] Violence detected near track 25
2025-12-15 00:53:10,330 - SmartHomeAI - INFO - Telegram alert sent: [00:52:48] [RUNNING] Track 11 running (376.2 px/s)
2025-12-15 00:53:10,362 - SmartHomeAI - INFO - Telegram alert sent: [00:52:47] [RUNNING] Track 19 running (281.1 px/s)
2025-12-15 00:53:10,434 - SmartHomeAI - INFO - Telegram alert sent: [00:52:47] [INTRUSION] Track 24 entered ROI
2025-12-15 00:53:10,482 - SmartHomeAI - INFO - Telegram alert sent: [00:52:45] [RUNNING] Track 19 running (206.5 px/s)
2025-12-15 00:53:10,515 - SmartHomeAI - INFO - Telegram alert sent: [00:52:47] [VIOLENCE] Violence detected near track 3
2025-12-15 00:53:10,609 - SmartHomeAI - INFO - Telegram alert sent: [00:52:47] [LOITERING] Track 3 loitering (5.0s)
2025-12-15 00:53:10,621 - SmartHomeAI - INFO - Telegram alert sent: [00:52:45] [RUNNING] Track 19 running (280.2 px/s)
2025-12-15 00:53:10,625 - SmartHomeAI - INFO - Telegram alert sent: [00:52:47] [VIOLENCE] Violence detected near track 3
2025-12-15 00:53:10,625 - SmartHomeAI - INFO - Telegram alert sent: [00:52:47] [RUNNING] Track 19 running (283.5 px/s)
2025-12-15 00:53:10,625 - SmartHomeAI - INFO - Telegram alert sent: [00:52:47] [RUNNING] Track 19 running (383.1 px/s)
2025-12-15 00:53:10,626 - SmartHomeAI - INFO - Telegram alert sent: [00:52:49] [INTRUSION] Track 25 entered ROI
2025-12-15 00:53:10,631 - SmartHomeAI - INFO - Telegram alert sent: [00:52:49] [LOITERING] Track 11 loitering (5.0s)
2025-12-15 00:53:10,634 - SmartHomeAI - INFO - Telegram alert sent: [00:52:49] [INTRUSION] Track 11 entered ROI
2025-12-15 00:53:10,640 - SmartHomeAI - INFO - Telegram alert sent: [00:52:49] [VIOLENCE] Violence detected near track 3
2025-12-15 00:53:10,642 - SmartHomeAI - INFO - Telegram alert sent: [00:52:49] [VIOLENCE] Violence detected near track 24
2025-12-15 00:53:10,657 - SmartHomeAI - INFO - Telegram alert sent: [00:52:47] [RUNNING] Track 19 running (275.9 px/s)
2025-12-15 00:53:10,664 - SmartHomeAI - INFO - Telegram alert sent: [00:52:47] [RUNNING] Track 24 running (856.7 px/s)
2025-12-15 00:53:10,666 - SmartHomeAI - INFO - Telegram alert sent: [00:52:49] [VIOLENCE] Violence detected near track 25
2025-12-15 00:53:10,680 - SmartHomeAI - INFO - Telegram alert sent: [00:52:47] [INTRUSION] Track 3 entered ROI
2025-12-15 00:53:10,684 - SmartHomeAI - INFO - Telegram alert sent: [00:52:45] [VIOLENCE] Violence detected near track 19
2025-12-15 00:53:10,780 - SmartHomeAI - INFO - Telegram alert sent: [00:52:47] [RUNNING] Track 19 running (352.1 px/s)
2025-12-15 01:45:58,519 - SmartHomeAI - INFO - Initializing components...
2025-12-15 01:45:58,519 - SmartHomeAI - INFO - Opening camera source: E:\KLTN\Video\Avenue_Dataset\Avenue Dataset\testing_videos\03.avi
2025-12-15 01:45:58,596 - SmartHomeAI - INFO - Camera opened successfully: E:\KLTN\Video\Avenue_Dataset\Avenue Dataset\testing_videos\03.avi
2025-12-15 01:45:58,596 - SmartHomeAI - INFO - Source FPS: 25.0. Target delay: 0.0400s
2025-12-15 01:45:58,596 - SmartHomeAI - INFO - Starting video stream thread.
2025-12-15 01:46:01,193 - SmartHomeAI - INFO - Initializing Detector on device: cuda
2025-12-15 01:46:01,273 - SmartHomeAI - INFO - Initializing DeepSort with max_age=30, n_init=3, embedder=mobilenet
2025-12-15 01:46:04,794 - SmartHomeAI - INFO - Initializing ViolenceDetector on cuda with model: E:\KLTN\AI-Smart-Home-Security\models/violence/Violence_Yolov8.pt
2025-12-15 01:46:04,860 - SmartHomeAI - INFO - Initializing FallDetector on cuda with model: E:\KLTN\AI-Smart-Home-Security\models/fall/Fall_Yolov11.pt
2025-12-15 01:46:05,253 - SmartHomeAI - INFO - Pygame mixer initialized.
2025-12-15 01:46:05,253 - SmartHomeAI - INFO - System Ready. Press 'q' to quit.
2025-12-15 01:46:06,962 - SmartHomeAI - WARNING - [01:46:06] [INTRUSION] Track 1 entered ROI
2025-12-15 01:46:06,962 - SmartHomeAI - WARNING - Sound file not found: data/assets/sounds\alarm.mp3
2025-12-15 01:46:06,966 - SmartHomeAI - WARNING - [01:46:06] [INTRUSION] Track 2 entered ROI
2025-12-15 01:46:06,967 - SmartHomeAI - WARNING - Sound file not found: data/assets/sounds\alarm.mp3
2025-12-15 01:46:06,970 - SmartHomeAI - WARNING - [01:46:06] [INTRUSION] Track 3 entered ROI
2025-12-15 01:46:06,970 - SmartHomeAI - WARNING - Sound file not found: data/assets/sounds\alarm.mp3
2025-12-15 01:46:07,013 - SmartHomeAI - WARNING - [01:46:06] [INTRUSION] Track 7 entered ROI
2025-12-15 01:46:07,014 - SmartHomeAI - WARNING - Sound file not found: data/assets/sounds\alarm.mp3
2025-12-15 01:46:07,017 - SmartHomeAI - WARNING - [01:46:06] [INTRUSION] Track 8 entered ROI
2025-12-15 01:46:07,017 - SmartHomeAI - WARNING - Sound file not found: data/assets/sounds\alarm.mp3
2025-12-15 01:46:07,542 - SmartHomeAI - WARNING - [01:46:07] [VIOLENCE] Violence detected near track 2
2025-12-15 01:46:07,542 - SmartHomeAI - WARNING - Sound file not found: data/assets/sounds\alarm.mp3
2025-12-15 01:46:07,545 - SmartHomeAI - WARNING - [01:46:07] [VIOLENCE] Violence detected near track 1
2025-12-15 01:46:07,545 - SmartHomeAI - WARNING - Sound file not found: data/assets/sounds\alarm.mp3
2025-12-15 01:46:07,788 - SmartHomeAI - WARNING - [01:46:07] [VIOLENCE] Violence detected near track 3
2025-12-15 01:46:07,788 - SmartHomeAI - WARNING - Sound file not found: data/assets/sounds\alarm.mp3
2025-12-15 01:46:07,792 - SmartHomeAI - WARNING - [01:46:07] [VIOLENCE] Violence detected near track 7
2025-12-15 01:46:07,792 - SmartHomeAI - WARNING - Sound file not found: data/assets/sounds\alarm.mp3
2025-12-15 01:46:07,794 - SmartHomeAI - WARNING - [01:46:07] [VIOLENCE] Violence detected near track 2
2025-12-15 01:46:07,794 - SmartHomeAI - WARNING - Sound file not found: data/assets/sounds\alarm.mp3
2025-12-15 01:46:08,034 - SmartHomeAI - WARNING - [01:46:07] [VIOLENCE] Violence detected near track 3
2025-12-15 01:46:08,035 - SmartHomeAI - WARNING - Sound file not found: data/assets/sounds\alarm.mp3
2025-12-15 01:46:08,038 - SmartHomeAI - WARNING - [01:46:07] [VIOLENCE] Violence detected near track 2
2025-12-15 01:46:08,038 - SmartHomeAI - WARNING - Sound file not found: data/assets/sounds\alarm.mp3
2025-12-15 01:46:08,359 - SmartHomeAI - WARNING - [01:46:08] [VIOLENCE] Violence detected near track 3
2025-12-15 01:46:08,359 - SmartHomeAI - WARNING - Sound file not found: data/assets/sounds\alarm.mp3
2025-12-15 01:46:08,829 - SmartHomeAI - WARNING - [01:46:08] [VIOLENCE] Violence detected near track 3
2025-12-15 01:46:08,836 - SmartHomeAI - WARNING - Sound file not found: data/assets/sounds\alarm.mp3
2025-12-15 01:46:09,265 - SmartHomeAI - WARNING - [01:46:09] [VIOLENCE] Violence detected near track 3
2025-12-15 01:46:09,270 - SmartHomeAI - WARNING - Sound file not found: data/assets/sounds\alarm.mp3
2025-12-15 01:46:09,329 - SmartHomeAI - INFO - [01:46:09] [RUNNING] Track 7 running (228.3 px/s)
2025-12-15 01:46:09,532 - SmartHomeAI - WARNING - [01:46:09] [VIOLENCE] Violence detected near track 3
2025-12-15 01:46:09,533 - SmartHomeAI - WARNING - Sound file not found: data/assets/sounds\alarm.mp3
2025-12-15 01:46:09,726 - SmartHomeAI - WARNING - [01:46:09] [INTRUSION] Track 1 entered ROI
2025-12-15 01:46:09,733 - SmartHomeAI - WARNING - Sound file not found: data/assets/sounds\alarm.mp3
2025-12-15 01:46:10,261 - SmartHomeAI - INFO - [01:46:10] [RUNNING] Track 8 running (379.8 px/s)
2025-12-15 01:46:10,367 - SmartHomeAI - WARNING - [01:46:10] [VIOLENCE] Violence detected near track 3
2025-12-15 01:46:10,377 - SmartHomeAI - WARNING - Sound file not found: data/assets/sounds\alarm.mp3
2025-12-15 01:46:10,705 - SmartHomeAI - WARNING - [01:46:10] [VIOLENCE] Violence detected near track 7
2025-12-15 01:46:10,706 - SmartHomeAI - WARNING - Sound file not found: data/assets/sounds\alarm.mp3
2025-12-15 01:46:10,709 - SmartHomeAI - WARNING - [01:46:10] [VIOLENCE] Violence detected near track 3
2025-12-15 01:46:10,710 - SmartHomeAI - WARNING - Sound file not found: data/assets/sounds\alarm.mp3
2025-12-15 01:46:10,713 - SmartHomeAI - WARNING - [01:46:10] [VIOLENCE] Violence detected near track 1
2025-12-15 01:46:10,718 - SmartHomeAI - WARNING - Sound file not found: data/assets/sounds\alarm.mp3
2025-12-15 01:46:10,846 - SmartHomeAI - INFO - Telegram alert sent: [01:46:07] [VIOLENCE] Violence detected near track 2
2025-12-15 01:46:11,041 - SmartHomeAI - WARNING - [01:46:10] [VIOLENCE] Violence detected near track 3
2025-12-15 01:46:11,056 - SmartHomeAI - WARNING - Sound file not found: data/assets/sounds\alarm.mp3
2025-12-15 01:46:11,066 - SmartHomeAI - WARNING - [01:46:10] [VIOLENCE] Violence detected near track 1
2025-12-15 01:46:11,075 - SmartHomeAI - WARNING - Sound file not found: data/assets/sounds\alarm.mp3
2025-12-15 01:46:11,158 - SmartHomeAI - INFO - Telegram alert sent: [01:46:06] [INTRUSION] Track 1 entered ROI
2025-12-15 01:46:11,231 - SmartHomeAI - INFO - Telegram alert sent: [01:46:06] [INTRUSION] Track 8 entered ROI
2025-12-15 01:46:11,294 - SmartHomeAI - INFO - Telegram alert sent: [01:46:06] [INTRUSION] Track 7 entered ROI
2025-12-15 01:46:11,328 - SmartHomeAI - INFO - Telegram alert sent: [01:46:06] [INTRUSION] Track 3 entered ROI
2025-12-15 01:46:11,366 - SmartHomeAI - INFO - Telegram alert sent: [01:46:07] [VIOLENCE] Violence detected near track 3
2025-12-15 01:46:11,391 - SmartHomeAI - INFO - Telegram alert sent: [01:46:06] [INTRUSION] Track 2 entered ROI
2025-12-15 01:46:11,436 - SmartHomeAI - INFO - Telegram alert sent: [01:46:07] [VIOLENCE] Violence detected near track 2
2025-12-15 01:46:11,552 - SmartHomeAI - WARNING - [01:46:11] [VIOLENCE] Violence detected near track 3
2025-12-15 01:46:11,553 - SmartHomeAI - WARNING - Sound file not found: data/assets/sounds\alarm.mp3
2025-12-15 01:46:11,556 - SmartHomeAI - WARNING - [01:46:11] [VIOLENCE] Violence detected near track 1
2025-12-15 01:46:11,557 - SmartHomeAI - WARNING - Sound file not found: data/assets/sounds\alarm.mp3
2025-12-15 01:46:11,560 - SmartHomeAI - WARNING - [01:46:11] [VIOLENCE] Violence detected near track 10
2025-12-15 01:46:11,560 - SmartHomeAI - WARNING - Sound file not found: data/assets/sounds\alarm.mp3
2025-12-15 01:46:11,662 - SmartHomeAI - INFO - Telegram alert sent: [01:46:07] [VIOLENCE] Violence detected near track 2
2025-12-15 01:46:11,706 - SmartHomeAI - WARNING - [01:46:11] [INTRUSION] Track 10 entered ROI
2025-12-15 01:46:11,706 - SmartHomeAI - WARNING - Sound file not found: data/assets/sounds\alarm.mp3
2025-12-15 01:46:11,712 - SmartHomeAI - INFO - Telegram alert sent: [01:46:07] [VIOLENCE] Violence detected near track 3
2025-12-15 01:46:11,926 - SmartHomeAI - INFO - Telegram alert sent: [01:46:07] [VIOLENCE] Violence detected near track 1
2025-12-15 01:46:12,090 - SmartHomeAI - WARNING - [01:46:11] [INTRUSION] Track 1 entered ROI
2025-12-15 01:46:12,132 - SmartHomeAI - WARNING - Sound file not found: data/assets/sounds\alarm.mp3
2025-12-15 01:46:12,236 - SmartHomeAI - INFO - [01:46:12] [LOITERING] Track 2 loitering (5.3s)
2025-12-15 01:46:12,240 - SmartHomeAI - INFO - [01:46:12] [LOITERING] Track 3 loitering (5.3s)
2025-12-15 01:46:12,245 - SmartHomeAI - INFO - [01:46:12] [LOITERING] Track 7 loitering (5.2s)
2025-12-15 01:46:12,260 - SmartHomeAI - INFO - [01:46:12] [LOITERING] Track 8 loitering (5.2s)
2025-12-15 01:46:12,378 - SmartHomeAI - WARNING - [01:46:12] [INTRUSION] Track 2 entered ROI
2025-12-15 01:46:12,379 - SmartHomeAI - WARNING - Sound file not found: data/assets/sounds\alarm.mp3
2025-12-15 01:46:12,383 - SmartHomeAI - WARNING - [01:46:12] [INTRUSION] Track 3 entered ROI
2025-12-15 01:46:12,394 - SmartHomeAI - WARNING - Sound file not found: data/assets/sounds\alarm.mp3
2025-12-15 01:46:12,399 - SmartHomeAI - WARNING - [01:46:12] [INTRUSION] Track 7 entered ROI
2025-12-15 01:46:12,400 - SmartHomeAI - WARNING - Sound file not found: data/assets/sounds\alarm.mp3
2025-12-15 01:46:12,403 - SmartHomeAI - WARNING - [01:46:12] [INTRUSION] Track 8 entered ROI
2025-12-15 01:46:12,403 - SmartHomeAI - WARNING - Sound file not found: data/assets/sounds\alarm.mp3
2025-12-15 01:46:12,416 - SmartHomeAI - WARNING - [01:46:12] [VIOLENCE] Violence detected near track 3
2025-12-15 01:46:12,422 - SmartHomeAI - WARNING - Sound file not found: data/assets/sounds\alarm.mp3
2025-12-15 01:46:12,676 - SmartHomeAI - INFO - [01:46:12] [RUNNING] Track 2 running (2462.7 px/s)
2025-12-15 01:46:13,623 - SmartHomeAI - INFO - [01:46:13] [RUNNING] Track 10 running (712.1 px/s)
2025-12-15 01:46:13,792 - SmartHomeAI - WARNING - [01:46:13] [VIOLENCE] Violence detected near track 3
2025-12-15 01:46:13,794 - SmartHomeAI - WARNING - Sound file not found: data/assets/sounds\alarm.mp3
2025-12-15 01:46:13,797 - SmartHomeAI - WARNING - [01:46:13] [VIOLENCE] Violence detected near track 10
2025-12-15 01:46:13,798 - SmartHomeAI - WARNING - Sound file not found: data/assets/sounds\alarm.mp3
2025-12-15 01:46:13,939 - SmartHomeAI - WARNING - [01:46:13] [INTRUSION] Track 1 entered ROI
2025-12-15 01:46:13,939 - SmartHomeAI - WARNING - Sound file not found: data/assets/sounds\alarm.mp3
2025-12-15 01:46:13,949 - SmartHomeAI - INFO - [01:46:13] [RUNNING] Track 7 running (3116.6 px/s)
2025-12-15 01:46:13,953 - SmartHomeAI - INFO - [01:46:13] [RUNNING] Track 10 running (221.5 px/s)
2025-12-15 01:46:14,119 - SmartHomeAI - WARNING - [01:46:14] [VIOLENCE] Violence detected near track 3
2025-12-15 01:46:14,120 - SmartHomeAI - WARNING - Sound file not found: data/assets/sounds\alarm.mp3
2025-12-15 01:46:14,364 - SmartHomeAI - INFO - [01:46:14] [RUNNING] Track 7 running (269.3 px/s)
2025-12-15 01:46:14,485 - SmartHomeAI - WARNING - [01:46:14] [VIOLENCE] Violence detected near track 3
2025-12-15 01:46:14,488 - SmartHomeAI - WARNING - Sound file not found: data/assets/sounds\alarm.mp3
2025-12-15 01:46:14,817 - SmartHomeAI - WARNING - [01:46:14] [VIOLENCE] Violence detected near track 3
2025-12-15 01:46:14,818 - SmartHomeAI - WARNING - Sound file not found: data/assets/sounds\alarm.mp3
2025-12-15 01:46:14,822 - SmartHomeAI - WARNING - [01:46:14] [VIOLENCE] Violence detected near track 10
2025-12-15 01:46:14,822 - SmartHomeAI - WARNING - Sound file not found: data/assets/sounds\alarm.mp3
2025-12-15 01:46:15,133 - SmartHomeAI - WARNING - [01:46:15] [VIOLENCE] Violence detected near track 3
2025-12-15 01:46:15,133 - SmartHomeAI - WARNING - Sound file not found: data/assets/sounds\alarm.mp3
2025-12-15 01:46:15,347 - SmartHomeAI - INFO - [01:46:15] [RUNNING] Track 7 running (380.8 px/s)
2025-12-15 01:46:15,468 - SmartHomeAI - WARNING - [01:46:15] [VIOLENCE] Violence detected near track 3
2025-12-15 01:46:15,469 - SmartHomeAI - WARNING - Sound file not found: data/assets/sounds\alarm.mp3
2025-12-15 01:46:15,527 - SmartHomeAI - INFO - Telegram alert sent: [01:46:08] [VIOLENCE] Violence detected near track 3
2025-12-15 01:46:15,749 - SmartHomeAI - INFO - Telegram alert sent: [01:46:07] [VIOLENCE] Violence detected near track 7
2025-12-15 01:46:15,778 - SmartHomeAI - INFO - Telegram alert sent: [01:46:08] [VIOLENCE] Violence detected near track 3
2025-12-15 01:46:15,948 - SmartHomeAI - INFO - Telegram alert sent: [01:46:09] [VIOLENCE] Violence detected near track 3
2025-12-15 01:46:15,988 - SmartHomeAI - INFO - Telegram alert sent: [01:46:09] [RUNNING] Track 7 running (228.3 px/s)
2025-12-15 01:46:17,543 - SmartHomeAI - INFO - [01:46:16] [LOITERING] Track 10 loitering (5.0s)
2025-12-15 01:46:17,767 - SmartHomeAI - INFO - [01:46:17] [LOITERING] Track 3 loitering (5.3s)
2025-12-15 01:46:17,773 - SmartHomeAI - INFO - [01:46:17] [LOITERING] Track 7 loitering (5.3s)
2025-12-15 01:46:17,784 - SmartHomeAI - WARNING - [01:46:17] [INTRUSION] Track 10 entered ROI
2025-12-15 01:46:17,784 - SmartHomeAI - WARNING - Sound file not found: data/assets/sounds\alarm.mp3
2025-12-15 01:46:18,037 - SmartHomeAI - WARNING - [01:46:17] [INTRUSION] Track 3 entered ROI
2025-12-15 01:46:18,037 - SmartHomeAI - WARNING - Sound file not found: data/assets/sounds\alarm.mp3
2025-12-15 01:46:18,041 - SmartHomeAI - WARNING - [01:46:17] [INTRUSION] Track 7 entered ROI
2025-12-15 01:46:18,041 - SmartHomeAI - WARNING - Sound file not found: data/assets/sounds\alarm.mp3
2025-12-15 01:46:18,048 - SmartHomeAI - WARNING - [01:46:17] [VIOLENCE] Violence detected near track 3
2025-12-15 01:46:18,048 - SmartHomeAI - WARNING - Sound file not found: data/assets/sounds\alarm.mp3
2025-12-15 01:46:18,103 - SmartHomeAI - WARNING - [01:46:18] [INTRUSION] Track 22 entered ROI
2025-12-15 01:46:18,104 - SmartHomeAI - WARNING - Sound file not found: data/assets/sounds\alarm.mp3
2025-12-15 01:46:18,165 - SmartHomeAI - INFO - [01:46:18] [RUNNING] Track 10 running (847.4 px/s)
2025-12-15 01:46:18,350 - SmartHomeAI - WARNING - [01:46:18] [VIOLENCE] Violence detected near track 3
2025-12-15 01:46:18,350 - SmartHomeAI - WARNING - Sound file not found: data/assets/sounds\alarm.mp3
2025-12-15 01:46:18,678 - SmartHomeAI - WARNING - [01:46:18] [VIOLENCE] Violence detected near track 3
2025-12-15 01:46:18,678 - SmartHomeAI - WARNING - Sound file not found: data/assets/sounds\alarm.mp3
2025-12-15 01:46:18,729 - SmartHomeAI - INFO - [01:46:18] [RUNNING] Track 22 running (338.1 px/s)
2025-12-15 01:46:18,960 - SmartHomeAI - WARNING - [01:46:18] [VIOLENCE] Violence detected near track 3
2025-12-15 01:46:18,960 - SmartHomeAI - WARNING - Sound file not found: data/assets/sounds\alarm.mp3
2025-12-15 01:46:19,104 - SmartHomeAI - WARNING - [01:46:19] [INTRUSION] Track 26 entered ROI
2025-12-15 01:46:19,104 - SmartHomeAI - WARNING - Sound file not found: data/assets/sounds\alarm.mp3
2025-12-15 01:46:19,242 - SmartHomeAI - WARNING - [01:46:19] [VIOLENCE] Violence detected near track 3
2025-12-15 01:46:19,242 - SmartHomeAI - WARNING - Sound file not found: data/assets/sounds\alarm.mp3
2025-12-15 01:46:19,332 - SmartHomeAI - INFO - [01:46:19] [RUNNING] Track 22 running (202.3 px/s)
2025-12-15 01:46:19,415 - SmartHomeAI - INFO - [01:46:19] [RUNNING] Track 3 running (242.1 px/s)
2025-12-15 01:46:19,419 - SmartHomeAI - INFO - [01:46:19] [RUNNING] Track 22 running (228.6 px/s)
2025-12-15 01:46:19,512 - SmartHomeAI - WARNING - [01:46:19] [VIOLENCE] Violence detected near track 3
2025-12-15 01:46:19,513 - SmartHomeAI - WARNING - Sound file not found: data/assets/sounds\alarm.mp3
2025-12-15 01:46:19,559 - SmartHomeAI - INFO - [01:46:19] [RUNNING] Track 7 running (2047.4 px/s)
2025-12-15 01:46:19,652 - SmartHomeAI - INFO - [01:46:19] [RUNNING] Track 26 running (418.3 px/s)
2025-12-15 01:46:19,815 - SmartHomeAI - WARNING - [01:46:19] [VIOLENCE] Violence detected near track 3
2025-12-15 01:46:19,826 - SmartHomeAI - WARNING - Sound file not found: data/assets/sounds\alarm.mp3
2025-12-15 01:46:19,829 - SmartHomeAI - WARNING - [01:46:19] [VIOLENCE] Violence detected near track 7
2025-12-15 01:46:19,830 - SmartHomeAI - WARNING - Sound file not found: data/assets/sounds\alarm.mp3
2025-12-15 01:46:20,147 - SmartHomeAI - WARNING - [01:46:20] [VIOLENCE] Violence detected near track 3
2025-12-15 01:46:20,148 - SmartHomeAI - WARNING - Sound file not found: data/assets/sounds\alarm.mp3
2025-12-15 01:46:20,155 - SmartHomeAI - WARNING - [01:46:20] [VIOLENCE] Violence detected near track 7
2025-12-15 01:46:20,155 - SmartHomeAI - WARNING - Sound file not found: data/assets/sounds\alarm.mp3
2025-12-15 01:46:20,532 - SmartHomeAI - WARNING - [01:46:20] [VIOLENCE] Violence detected near track 3
2025-12-15 01:46:20,532 - SmartHomeAI - WARNING - Sound file not found: data/assets/sounds\alarm.mp3
2025-12-15 01:46:20,536 - SmartHomeAI - WARNING - [01:46:20] [VIOLENCE] Violence detected near track 7
2025-12-15 01:46:20,536 - SmartHomeAI - WARNING - Sound file not found: data/assets/sounds\alarm.mp3
2025-12-15 01:46:20,828 - SmartHomeAI - WARNING - [01:46:20] [VIOLENCE] Violence detected near track 7
2025-12-15 01:46:20,829 - SmartHomeAI - WARNING - Sound file not found: data/assets/sounds\alarm.mp3
2025-12-15 01:46:20,832 - SmartHomeAI - WARNING - [01:46:20] [VIOLENCE] Violence detected near track 3
2025-12-15 01:46:20,832 - SmartHomeAI - WARNING - Sound file not found: data/assets/sounds\alarm.mp3
2025-12-15 01:46:21,096 - SmartHomeAI - WARNING - [01:46:21] [VIOLENCE] Violence detected near track 7
2025-12-15 01:46:21,096 - SmartHomeAI - WARNING - Sound file not found: data/assets/sounds\alarm.mp3
2025-12-15 01:46:21,100 - SmartHomeAI - WARNING - [01:46:21] [VIOLENCE] Violence detected near track 3
2025-12-15 01:46:21,101 - SmartHomeAI - WARNING - Sound file not found: data/assets/sounds\alarm.mp3
2025-12-15 01:46:21,274 - SmartHomeAI - INFO - Telegram alert sent: [01:46:09] [VIOLENCE] Violence detected near track 3
2025-12-15 01:46:21,278 - SmartHomeAI - INFO - Telegram alert sent: [01:46:09] [INTRUSION] Track 1 entered ROI
2025-12-15 01:46:21,373 - SmartHomeAI - WARNING - [01:46:21] [VIOLENCE] Violence detected near track 7
2025-12-15 01:46:21,374 - SmartHomeAI - WARNING - Sound file not found: data/assets/sounds\alarm.mp3
2025-12-15 01:46:21,422 - SmartHomeAI - INFO - Telegram alert sent: [01:46:10] [VIOLENCE] Violence detected near track 1
2025-12-15 01:46:21,422 - SmartHomeAI - INFO - Telegram alert sent: [01:46:10] [RUNNING] Track 8 running (379.8 px/s)
2025-12-15 01:46:21,423 - SmartHomeAI - INFO - Telegram alert sent: [01:46:11] [VIOLENCE] Violence detected near track 1
2025-12-15 01:46:21,443 - SmartHomeAI - INFO - Telegram alert sent: [01:46:11] [VIOLENCE] Violence detected near track 3
2025-12-15 01:46:21,554 - SmartHomeAI - INFO - Telegram alert sent: [01:46:12] [LOITERING] Track 3 loitering (5.3s)
2025-12-15 01:46:21,558 - SmartHomeAI - INFO - Telegram alert sent: [01:46:12] [LOITERING] Track 7 loitering (5.2s)
2025-12-15 01:46:21,597 - SmartHomeAI - INFO - Telegram alert sent: [01:46:10] [VIOLENCE] Violence detected near track 3
2025-12-15 01:46:21,635 - SmartHomeAI - INFO - Telegram alert sent: [01:46:10] [VIOLENCE] Violence detected near track 1
2025-12-15 01:46:21,692 - SmartHomeAI - INFO - Telegram alert sent: [01:46:10] [VIOLENCE] Violence detected near track 3
2025-12-15 01:46:21,767 - SmartHomeAI - WARNING - [01:46:21] [VIOLENCE] Violence detected near track 7
2025-12-15 01:46:21,776 - SmartHomeAI - WARNING - Sound file not found: data/assets/sounds\alarm.mp3
2025-12-15 01:46:21,840 - SmartHomeAI - INFO - Telegram alert sent: [01:46:10] [VIOLENCE] Violence detected near track 3
2025-12-15 01:46:21,845 - SmartHomeAI - INFO - Telegram alert sent: [01:46:12] [LOITERING] Track 8 loitering (5.2s)
2025-12-15 01:46:21,847 - SmartHomeAI - INFO - Telegram alert sent: [01:46:12] [INTRUSION] Track 2 entered ROI
2025-12-15 01:46:21,849 - SmartHomeAI - INFO - Telegram alert sent: [01:46:13] [VIOLENCE] Violence detected near track 3
2025-12-15 01:46:21,853 - SmartHomeAI - INFO - Telegram alert sent: [01:46:13] [VIOLENCE] Violence detected near track 10
2025-12-15 01:46:21,859 - SmartHomeAI - INFO - Telegram alert sent: [01:46:12] [INTRUSION] Track 3 entered ROI
2025-12-15 01:46:21,869 - SmartHomeAI - INFO - Telegram alert sent: [01:46:12] [RUNNING] Track 2 running (2462.7 px/s)
2025-12-15 01:46:21,908 - SmartHomeAI - INFO - Telegram alert sent: [01:46:13] [RUNNING] Track 10 running (712.1 px/s)
2025-12-15 01:46:21,917 - SmartHomeAI - INFO - Telegram alert sent: [01:46:10] [VIOLENCE] Violence detected near track 7
2025-12-15 01:46:21,925 - SmartHomeAI - INFO - Telegram alert sent: [01:46:13] [INTRUSION] Track 1 entered ROI
2025-12-15 01:46:21,940 - SmartHomeAI - INFO - Telegram alert sent: [01:46:12] [VIOLENCE] Violence detected near track 3
2025-12-15 01:46:21,960 - SmartHomeAI - INFO - Telegram alert sent: [01:46:11] [INTRUSION] Track 1 entered ROI
2025-12-15 01:46:21,967 - SmartHomeAI - INFO - Telegram alert sent: [01:46:12] [INTRUSION] Track 8 entered ROI
2025-12-15 01:46:21,971 - SmartHomeAI - INFO - Telegram alert sent: [01:46:12] [LOITERING] Track 2 loitering (5.3s)
2025-12-15 01:46:21,994 - SmartHomeAI - INFO - Telegram alert sent: [01:46:12] [INTRUSION] Track 7 entered ROI
2025-12-15 01:46:22,015 - SmartHomeAI - INFO - Telegram alert sent: [01:46:11] [VIOLENCE] Violence detected near track 10
2025-12-15 01:46:22,020 - SmartHomeAI - INFO - Telegram alert sent: [01:46:11] [INTRUSION] Track 10 entered ROI
2025-12-15 01:46:24,301 - SmartHomeAI - INFO - [01:46:23] [LOITERING] Track 3 loitering (5.6s)
2025-12-15 01:46:24,362 - SmartHomeAI - INFO - [01:46:23] [LOITERING] Track 7 loitering (5.6s)
2025-12-15 01:46:24,722 - SmartHomeAI - WARNING - [01:46:24] [INTRUSION] Track 3 entered ROI
2025-12-15 01:46:24,722 - SmartHomeAI - WARNING - Sound file not found: data/assets/sounds\alarm.mp3
2025-12-15 01:46:24,725 - SmartHomeAI - WARNING - [01:46:24] [INTRUSION] Track 7 entered ROI
2025-12-15 01:46:24,725 - SmartHomeAI - WARNING - Sound file not found: data/assets/sounds\alarm.mp3
2025-12-15 01:46:24,729 - SmartHomeAI - INFO - [01:46:24] [LOITERING] Track 26 loitering (5.3s)
2025-12-15 01:46:24,839 - SmartHomeAI - WARNING - [01:46:24] [INTRUSION] Track 26 entered ROI
2025-12-15 01:46:24,839 - SmartHomeAI - WARNING - Sound file not found: data/assets/sounds\alarm.mp3
2025-12-15 01:46:25,115 - SmartHomeAI - WARNING - [01:46:24] [VIOLENCE] Violence detected near track 7
2025-12-15 01:46:25,116 - SmartHomeAI - WARNING - Sound file not found: data/assets/sounds\alarm.mp3
2025-12-15 01:46:25,182 - SmartHomeAI - INFO - [01:46:25] [RUNNING] Track 3 running (212.3 px/s)
2025-12-15 01:46:25,300 - SmartHomeAI - WARNING - [01:46:25] [INTRUSION] Track 34 entered ROI
2025-12-15 01:46:25,301 - SmartHomeAI - WARNING - Sound file not found: data/assets/sounds\alarm.mp3
2025-12-15 01:46:25,359 - SmartHomeAI - INFO - [01:46:25] [RUNNING] Track 34 running (228.3 px/s)
2025-12-15 01:46:25,518 - SmartHomeAI - WARNING - [01:46:25] [INTRUSION] Track 35 entered ROI
2025-12-15 01:46:25,518 - SmartHomeAI - WARNING - Sound file not found: data/assets/sounds\alarm.mp3
2025-12-15 01:46:25,522 - SmartHomeAI - INFO - [01:46:25] [RUNNING] Track 34 running (209.0 px/s)
2025-12-15 01:46:25,525 - SmartHomeAI - WARNING - [01:46:25] [VIOLENCE] Violence detected near track 7
2025-12-15 01:46:25,525 - SmartHomeAI - WARNING - Sound file not found: data/assets/sounds\alarm.mp3
2025-12-15 01:46:25,631 - SmartHomeAI - INFO - [01:46:25] [RUNNING] Track 34 running (1076.1 px/s)
2025-12-15 01:46:25,717 - SmartHomeAI - INFO - [01:46:25] [RUNNING] Track 34 running (357.0 px/s)
2025-12-15 01:46:25,765 - SmartHomeAI - INFO - [01:46:25] [RUNNING] Track 34 running (242.5 px/s)
2025-12-15 01:46:25,865 - SmartHomeAI - INFO - [01:46:25] [RUNNING] Track 34 running (321.0 px/s)
2025-12-15 01:46:25,868 - SmartHomeAI - INFO - [01:46:25] [RUNNING] Track 35 running (356.9 px/s)
2025-12-15 01:46:25,871 - SmartHomeAI - WARNING - [01:46:25] [VIOLENCE] Violence detected near track 7
2025-12-15 01:46:25,871 - SmartHomeAI - WARNING - Sound file not found: data/assets/sounds\alarm.mp3
2025-12-15 01:46:25,971 - SmartHomeAI - INFO - [01:46:25] [RUNNING] Track 34 running (671.7 px/s)
2025-12-15 01:46:26,022 - SmartHomeAI - INFO - [01:46:25] [RUNNING] Track 34 running (455.4 px/s)
2025-12-15 01:46:26,175 - SmartHomeAI - INFO - [01:46:26] [RUNNING] Track 34 running (431.3 px/s)
2025-12-15 01:46:26,598 - SmartHomeAI - WARNING - [01:46:26] [VIOLENCE] Violence detected near track 7
2025-12-15 01:46:26,603 - SmartHomeAI - WARNING - Sound file not found: data/assets/sounds\alarm.mp3
2025-12-15 01:46:26,615 - SmartHomeAI - WARNING - [01:46:26] [VIOLENCE] Violence detected near track 35
2025-12-15 01:46:26,616 - SmartHomeAI - WARNING - Sound file not found: data/assets/sounds\alarm.mp3
2025-12-15 01:46:26,856 - SmartHomeAI - WARNING - [01:46:26] [INTRUSION] Track 1 entered ROI
2025-12-15 01:46:26,856 - SmartHomeAI - WARNING - Sound file not found: data/assets/sounds\alarm.mp3
2025-12-15 01:46:26,863 - SmartHomeAI - INFO - [01:46:26] [RUNNING] Track 27 running (241.5 px/s)
2025-12-15 01:46:26,969 - SmartHomeAI - WARNING - [01:46:26] [INTRUSION] Track 40 entered ROI
2025-12-15 01:46:26,969 - SmartHomeAI - WARNING - Sound file not found: data/assets/sounds\alarm.mp3
2025-12-15 01:46:26,972 - SmartHomeAI - INFO - [01:46:26] [RUNNING] Track 34 running (242.7 px/s)
2025-12-15 01:46:27,801 - SmartHomeAI - INFO - Telegram alert sent: [01:46:19] [VIOLENCE] Violence detected near track 7
2025-12-15 01:46:27,806 - SmartHomeAI - INFO - Telegram alert sent: [01:46:19] [VIOLENCE] Violence detected near track 3
2025-12-15 01:46:27,808 - SmartHomeAI - INFO - Telegram alert sent: [01:46:15] [VIOLENCE] Violence detected near track 3
2025-12-15 01:46:27,810 - SmartHomeAI - INFO - Telegram alert sent: [01:46:19] [INTRUSION] Track 26 entered ROI
2025-12-15 01:46:27,812 - SmartHomeAI - INFO - Telegram alert sent: [01:46:17] [VIOLENCE] Violence detected near track 3
2025-12-15 01:46:27,822 - SmartHomeAI - INFO - Telegram alert sent: [01:46:15] [RUNNING] Track 7 running (380.8 px/s)
2025-12-15 01:46:27,824 - SmartHomeAI - INFO - Telegram alert sent: [01:46:19] [VIOLENCE] Violence detected near track 3
2025-12-15 01:46:27,855 - SmartHomeAI - INFO - Telegram alert sent: [01:46:14] [VIOLENCE] Violence detected near track 3
2025-12-15 01:46:27,858 - SmartHomeAI - INFO - Telegram alert sent: [01:46:14] [RUNNING] Track 7 running (269.3 px/s)
2025-12-15 01:46:27,860 - SmartHomeAI - INFO - Telegram alert sent: [01:46:19] [VIOLENCE] Violence detected near track 3
2025-12-15 01:46:27,865 - SmartHomeAI - INFO - Telegram alert sent: [01:46:17] [INTRUSION] Track 7 entered ROI
2025-12-15 01:46:27,873 - SmartHomeAI - INFO - Telegram alert sent: [01:46:13] [RUNNING] Track 7 running (3116.6 px/s)
2025-12-15 01:46:27,888 - SmartHomeAI - INFO - Telegram alert sent: [01:46:19] [RUNNING] Track 3 running (242.1 px/s)
2025-12-15 01:46:27,890 - SmartHomeAI - INFO - Telegram alert sent: [01:46:18] [INTRUSION] Track 22 entered ROI
2025-12-15 01:46:27,892 - SmartHomeAI - INFO - Telegram alert sent: [01:46:20] [VIOLENCE] Violence detected near track 7
2025-12-15 01:46:27,906 - SmartHomeAI - INFO - Telegram alert sent: [01:46:19] [RUNNING] Track 26 running (418.3 px/s)
2025-12-15 01:46:27,910 - SmartHomeAI - INFO - Telegram alert sent: [01:46:17] [LOITERING] Track 3 loitering (5.3s)
2025-12-15 01:46:27,911 - SmartHomeAI - INFO - Telegram alert sent: [01:46:19] [RUNNING] Track 22 running (228.6 px/s)
2025-12-15 01:46:27,913 - SmartHomeAI - INFO - Telegram alert sent: [01:46:14] [VIOLENCE] Violence detected near track 3
2025-12-15 01:46:27,915 - SmartHomeAI - INFO - Telegram alert sent: [01:46:18] [VIOLENCE] Violence detected near track 3
2025-12-15 01:46:27,917 - SmartHomeAI - INFO - Telegram alert sent: [01:46:17] [LOITERING] Track 7 loitering (5.3s)
2025-12-15 01:46:27,950 - SmartHomeAI - INFO - Telegram alert sent: [01:46:15] [VIOLENCE] Violence detected near track 3
2025-12-15 01:46:27,955 - SmartHomeAI - INFO - Telegram alert sent: [01:46:18] [VIOLENCE] Violence detected near track 3
2025-12-15 01:46:27,957 - SmartHomeAI - INFO - Telegram alert sent: [01:46:19] [RUNNING] Track 7 running (2047.4 px/s)
2025-12-15 01:46:27,976 - SmartHomeAI - INFO - Telegram alert sent: [01:46:19] [RUNNING] Track 22 running (202.3 px/s)
2025-12-15 01:46:27,994 - SmartHomeAI - INFO - Telegram alert sent: [01:46:20] [VIOLENCE] Violence detected near track 3
2025-12-15 01:46:28,006 - SmartHomeAI - INFO - Telegram alert sent: [01:46:18] [RUNNING] Track 10 running (847.4 px/s)
2025-12-15 01:46:28,034 - SmartHomeAI - INFO - Telegram alert sent: [01:46:14] [VIOLENCE] Violence detected near track 3
2025-12-15 01:46:28,043 - SmartHomeAI - INFO - Telegram alert sent: [01:46:18] [VIOLENCE] Violence detected near track 3
2025-12-15 01:46:28,086 - SmartHomeAI - INFO - Telegram alert sent: [01:46:16] [LOITERING] Track 10 loitering (5.0s)
2025-12-15 01:46:28,102 - SmartHomeAI - INFO - Telegram alert sent: [01:46:17] [INTRUSION] Track 10 entered ROI
2025-12-15 01:46:28,104 - SmartHomeAI - INFO - Telegram alert sent: [01:46:18] [RUNNING] Track 22 running (338.1 px/s)
2025-12-15 01:46:28,106 - SmartHomeAI - INFO - Telegram alert sent: [01:46:14] [VIOLENCE] Violence detected near track 10
2025-12-15 01:46:28,147 - SmartHomeAI - INFO - Telegram alert sent: [01:46:13] [RUNNING] Track 10 running (221.5 px/s)
2025-12-15 01:46:28,183 - SmartHomeAI - INFO - Telegram alert sent: [01:46:17] [INTRUSION] Track 3 entered ROI
2025-12-15 01:46:29,132 - SmartHomeAI - WARNING - [01:46:27] [VIOLENCE] Violence detected near track 7
2025-12-15 01:46:29,134 - SmartHomeAI - WARNING - Sound file not found: data/assets/sounds\alarm.mp3
2025-12-15 01:46:29,157 - SmartHomeAI - WARNING - [01:46:27] [VIOLENCE] Violence detected near track 40
2025-12-15 01:46:29,163 - SmartHomeAI - WARNING - Sound file not found: data/assets/sounds\alarm.mp3
2025-12-15 01:46:30,046 - SmartHomeAI - INFO - [01:46:29] [LOITERING] Track 3 loitering (5.6s)
2025-12-15 01:46:30,051 - SmartHomeAI - INFO - [01:46:29] [LOITERING] Track 7 loitering (5.6s)
2025-12-15 01:46:30,056 - SmartHomeAI - INFO - [01:46:29] [LOITERING] Track 26 loitering (5.3s)
2025-12-15 01:46:30,293 - SmartHomeAI - WARNING - [01:46:30] [INTRUSION] Track 3 entered ROI
2025-12-15 01:46:30,293 - SmartHomeAI - WARNING - Sound file not found: data/assets/sounds\alarm.mp3
2025-12-15 01:46:30,301 - SmartHomeAI - WARNING - [01:46:30] [INTRUSION] Track 7 entered ROI
2025-12-15 01:46:30,301 - SmartHomeAI - WARNING - Sound file not found: data/assets/sounds\alarm.mp3
2025-12-15 01:46:30,307 - SmartHomeAI - WARNING - [01:46:30] [INTRUSION] Track 26 entered ROI
2025-12-15 01:46:30,307 - SmartHomeAI - WARNING - Sound file not found: data/assets/sounds\alarm.mp3
2025-12-15 01:46:30,310 - SmartHomeAI - INFO - [01:46:30] [RUNNING] Track 34 running (327.3 px/s)
2025-12-15 01:46:30,502 - SmartHomeAI - INFO - [01:46:30] [LOITERING] Track 35 loitering (5.0s)
2025-12-15 01:46:30,506 - SmartHomeAI - INFO - [01:46:30] [RUNNING] Track 34 running (357.5 px/s)
2025-12-15 01:46:30,509 - SmartHomeAI - WARNING - [01:46:30] [VIOLENCE] Violence detected near track 1
2025-12-15 01:46:30,511 - SmartHomeAI - WARNING - Sound file not found: data/assets/sounds\alarm.mp3
2025-12-15 01:46:30,514 - SmartHomeAI - WARNING - [01:46:30] [VIOLENCE] Violence detected near track 3
2025-12-15 01:46:30,515 - SmartHomeAI - WARNING - Sound file not found: data/assets/sounds\alarm.mp3
2025-12-15 01:46:30,519 - SmartHomeAI - WARNING - [01:46:30] [VIOLENCE] Violence detected near track 40
2025-12-15 01:46:30,519 - SmartHomeAI - WARNING - Sound file not found: data/assets/sounds\alarm.mp3
2025-12-15 01:46:30,577 - SmartHomeAI - WARNING - [01:46:30] [INTRUSION] Track 35 entered ROI
2025-12-15 01:46:30,577 - SmartHomeAI - WARNING - Sound file not found: data/assets/sounds\alarm.mp3
2025-12-15 01:46:30,581 - SmartHomeAI - WARNING - [01:46:30] [INTRUSION] Track 46 entered ROI
2025-12-15 01:46:30,582 - SmartHomeAI - WARNING - Sound file not found: data/assets/sounds\alarm.mp3
2025-12-15 01:46:30,633 - SmartHomeAI - INFO - [01:46:30] [RUNNING] Track 34 running (364.1 px/s)
2025-12-15 01:46:30,682 - SmartHomeAI - INFO - [01:46:30] [RUNNING] Track 34 running (414.2 px/s)
2025-12-15 01:46:30,735 - SmartHomeAI - INFO - [01:46:30] [RUNNING] Track 34 running (428.8 px/s)
2025-12-15 01:46:30,740 - SmartHomeAI - INFO - [01:46:30] [RUNNING] Track 40 running (770.0 px/s)
2025-12-15 01:46:31,111 - SmartHomeAI - INFO - [01:46:30] [RUNNING] Track 34 running (275.1 px/s)
2025-12-15 01:46:31,123 - SmartHomeAI - WARNING - [01:46:30] [VIOLENCE] Violence detected near track 1
2025-12-15 01:46:31,125 - SmartHomeAI - WARNING - Sound file not found: data/assets/sounds\alarm.mp3
2025-12-15 01:46:31,155 - SmartHomeAI - WARNING - [01:46:30] [VIOLENCE] Violence detected near track 3
2025-12-15 01:46:31,157 - SmartHomeAI - WARNING - Sound file not found: data/assets/sounds\alarm.mp3
2025-12-15 01:46:32,113 - SmartHomeAI - INFO - [01:46:32] [LOITERING] Track 1 loitering (5.3s)
2025-12-15 01:46:32,653 - SmartHomeAI - WARNING - [01:46:32] [INTRUSION] Track 27 entered ROI
2025-12-15 01:46:32,653 - SmartHomeAI - WARNING - Sound file not found: data/assets/sounds\alarm.mp3
2025-12-15 01:46:32,655 - SmartHomeAI - INFO - [01:46:32] [LOITERING] Track 40 loitering (5.2s)
2025-12-15 01:46:33,709 - SmartHomeAI - WARNING - [01:46:32] [INTRUSION] Track 1 entered ROI
2025-12-15 01:46:34,698 - SmartHomeAI - WARNING - Sound file not found: data/assets/sounds\alarm.mp3
2025-12-15 01:46:34,703 - SmartHomeAI - WARNING - [01:46:32] [INTRUSION] Track 40 entered ROI
2025-12-15 01:46:34,704 - SmartHomeAI - WARNING - Sound file not found: data/assets/sounds\alarm.mp3
2025-12-15 01:46:34,988 - SmartHomeAI - WARNING - [01:46:34] [INTRUSION] Track 3 entered ROI
2025-12-15 01:46:34,988 - SmartHomeAI - WARNING - Sound file not found: data/assets/sounds\alarm.mp3
2025-12-15 01:46:34,991 - SmartHomeAI - WARNING - [01:46:34] [VIOLENCE] Violence detected near track 40
2025-12-15 01:46:34,991 - SmartHomeAI - WARNING - Sound file not found: data/assets/sounds\alarm.mp3
2025-12-15 01:46:35,007 - SmartHomeAI - WARNING - [01:46:34] [VIOLENCE] Violence detected near track 3
2025-12-15 01:46:35,007 - SmartHomeAI - WARNING - Sound file not found: data/assets/sounds\alarm.mp3
2025-12-15 01:46:35,081 - SmartHomeAI - WARNING - [01:46:35] [INTRUSION] Track 50 entered ROI
2025-12-15 01:46:35,081 - SmartHomeAI - WARNING - Sound file not found: data/assets/sounds\alarm.mp3
2025-12-15 01:46:35,099 - SmartHomeAI - INFO - [01:46:35] [RUNNING] Track 34 running (646.7 px/s)
2025-12-15 01:46:35,102 - SmartHomeAI - INFO - [01:46:35] [RUNNING] Track 46 running (279.6 px/s)
2025-12-15 01:46:35,150 - SmartHomeAI - INFO - [01:46:35] [LOITERING] Track 7 loitering (5.0s)
2025-12-15 01:46:35,152 - SmartHomeAI - INFO - [01:46:35] [RUNNING] Track 34 running (341.1 px/s)
2025-12-15 01:46:35,191 - SmartHomeAI - WARNING - [01:46:35] [INTRUSION] Track 7 entered ROI
2025-12-15 01:46:35,192 - SmartHomeAI - WARNING - Sound file not found: data/assets/sounds\alarm.mp3
2025-12-15 01:46:35,194 - SmartHomeAI - INFO - [01:46:35] [RUNNING] Track 34 running (429.3 px/s)
2025-12-15 01:46:35,284 - SmartHomeAI - INFO - [01:46:35] [RUNNING] Track 34 running (490.5 px/s)
2025-12-15 01:46:35,288 - SmartHomeAI - INFO - [01:46:35] [RUNNING] Track 46 running (233.8 px/s)
2025-12-15 01:46:35,290 - SmartHomeAI - WARNING - [01:46:35] [VIOLENCE] Violence detected near track 40
2025-12-15 01:46:35,291 - SmartHomeAI - WARNING - Sound file not found: data/assets/sounds\alarm.mp3
2025-12-15 01:46:35,294 - SmartHomeAI - WARNING - [01:46:35] [VIOLENCE] Violence detected near track 50
2025-12-15 01:46:35,294 - SmartHomeAI - WARNING - Sound file not found: data/assets/sounds\alarm.mp3
2025-12-15 01:46:35,297 - SmartHomeAI - WARNING - [01:46:35] [VIOLENCE] Violence detected near track 3
2025-12-15 01:46:35,297 - SmartHomeAI - WARNING - Sound file not found: data/assets/sounds\alarm.mp3
2025-12-15 01:46:35,300 - SmartHomeAI - WARNING - [01:46:35] [VIOLENCE] Violence detected near track 46
2025-12-15 01:46:35,300 - SmartHomeAI - WARNING - Sound file not found: data/assets/sounds\alarm.mp3
2025-12-15 01:46:35,346 - SmartHomeAI - INFO - [01:46:35] [RUNNING] Track 34 running (205.1 px/s)
2025-12-15 01:46:35,419 - SmartHomeAI - INFO - [01:46:35] [RUNNING] Track 34 running (450.8 px/s)
2025-12-15 01:46:35,421 - SmartHomeAI - INFO - [01:46:35] [RUNNING] Track 46 running (214.9 px/s)
2025-12-15 01:46:35,466 - SmartHomeAI - INFO - [01:46:35] [RUNNING] Track 34 running (287.7 px/s)
2025-12-15 01:46:35,521 - SmartHomeAI - INFO - [01:46:35] [RUNNING] Track 46 running (219.3 px/s)
2025-12-15 01:46:36,518 - SmartHomeAI - INFO - [01:46:35] [LOITERING] Track 35 loitering (5.0s)
2025-12-15 01:46:36,522 - SmartHomeAI - INFO - [01:46:35] [LOITERING] Track 46 loitering (5.0s)
2025-12-15 01:46:36,532 - SmartHomeAI - WARNING - [01:46:35] [VIOLENCE] Violence detected near track 40
2025-12-15 01:46:36,534 - SmartHomeAI - WARNING - Sound file not found: data/assets/sounds\alarm.mp3
2025-12-15 01:46:36,547 - SmartHomeAI - WARNING - [01:46:35] [VIOLENCE] Violence detected near track 3
2025-12-15 01:46:36,549 - SmartHomeAI - WARNING - Sound file not found: data/assets/sounds\alarm.mp3
2025-12-15 01:46:36,609 - SmartHomeAI - WARNING - [01:46:36] [INTRUSION] Track 35 entered ROI
2025-12-15 01:46:36,609 - SmartHomeAI - WARNING - Sound file not found: data/assets/sounds\alarm.mp3
2025-12-15 01:46:36,620 - SmartHomeAI - WARNING - [01:46:36] [INTRUSION] Track 46 entered ROI
2025-12-15 01:46:36,620 - SmartHomeAI - WARNING - Sound file not found: data/assets/sounds\alarm.mp3
2025-12-15 01:46:36,795 - SmartHomeAI - INFO - [01:46:36] [RUNNING] Track 46 running (202.9 px/s)
2025-12-15 01:46:36,904 - SmartHomeAI - INFO - [01:46:36] [RUNNING] Track 46 running (220.0 px/s)
2025-12-15 01:46:36,907 - SmartHomeAI - WARNING - [01:46:36] [VIOLENCE] Violence detected near track 40
2025-12-15 01:46:36,907 - SmartHomeAI - WARNING - Sound file not found: data/assets/sounds\alarm.mp3
2025-12-15 01:46:36,910 - SmartHomeAI - WARNING - [01:46:36] [VIOLENCE] Violence detected near track 3
2025-12-15 01:46:36,911 - SmartHomeAI - WARNING - Sound file not found: data/assets/sounds\alarm.mp3
2025-12-15 01:46:36,913 - SmartHomeAI - WARNING - [01:46:36] [VIOLENCE] Violence detected near track 50
2025-12-15 01:46:36,913 - SmartHomeAI - WARNING - Sound file not found: data/assets/sounds\alarm.mp3
2025-12-15 01:46:37,006 - SmartHomeAI - INFO - [01:46:36] [RUNNING] Track 46 running (209.6 px/s)
2025-12-15 01:46:37,050 - SmartHomeAI - INFO - [01:46:37] [RUNNING] Track 46 running (205.6 px/s)
2025-12-15 01:46:37,097 - SmartHomeAI - INFO - [01:46:37] [LOITERING] Track 27 loitering (5.0s)
2025-12-15 01:46:37,100 - SmartHomeAI - INFO - [01:46:37] [RUNNING] Track 46 running (227.1 px/s)
2025-12-15 01:46:37,202 - SmartHomeAI - WARNING - [01:46:37] [INTRUSION] Track 27 entered ROI
2025-12-15 01:46:37,202 - SmartHomeAI - WARNING - Sound file not found: data/assets/sounds\alarm.mp3
2025-12-15 01:46:37,218 - SmartHomeAI - WARNING - [01:46:37] [VIOLENCE] Violence detected near track 40
2025-12-15 01:46:37,219 - SmartHomeAI - WARNING - Sound file not found: data/assets/sounds\alarm.mp3
2025-12-15 01:46:37,944 - SmartHomeAI - INFO - [01:46:37] [LOITERING] Track 1 loitering (5.2s)
2025-12-15 01:46:37,948 - SmartHomeAI - INFO - [01:46:37] [LOITERING] Track 40 loitering (5.2s)
2025-12-15 01:46:38,012 - SmartHomeAI - WARNING - [01:46:37] [INTRUSION] Track 1 entered ROI
2025-12-15 01:46:38,012 - SmartHomeAI - WARNING - Sound file not found: data/assets/sounds\alarm.mp3
2025-12-15 01:46:38,017 - SmartHomeAI - WARNING - [01:46:37] [INTRUSION] Track 40 entered ROI
2025-12-15 01:46:38,017 - SmartHomeAI - WARNING - Sound file not found: data/assets/sounds\alarm.mp3
2025-12-15 01:46:38,126 - SmartHomeAI - WARNING - [01:46:38] [VIOLENCE] Violence detected near track 40
2025-12-15 01:46:38,127 - SmartHomeAI - WARNING - Sound file not found: data/assets/sounds\alarm.mp3
2025-12-15 01:46:38,133 - SmartHomeAI - INFO - Telegram alert sent: [01:46:21] [VIOLENCE] Violence detected near track 7
2025-12-15 01:46:38,380 - SmartHomeAI - INFO - Telegram alert sent: [01:46:21] [VIOLENCE] Violence detected near track 3
2025-12-15 01:46:38,464 - SmartHomeAI - INFO - Telegram alert sent: [01:46:20] [VIOLENCE] Violence detected near track 3
2025-12-15 01:46:38,482 - SmartHomeAI - WARNING - [01:46:38] [VIOLENCE] Violence detected near track 40
2025-12-15 01:46:38,482 - SmartHomeAI - WARNING - Sound file not found: data/assets/sounds\alarm.mp3
2025-12-15 01:46:38,533 - SmartHomeAI - INFO - Telegram alert sent: [01:46:24] [LOITERING] Track 26 loitering (5.3s)
2025-12-15 01:46:38,606 - SmartHomeAI - INFO - Telegram alert sent: [01:46:25] [RUNNING] Track 3 running (212.3 px/s)
2025-12-15 01:46:38,665 - SmartHomeAI - INFO - Telegram alert sent: [01:46:24] [INTRUSION] Track 26 entered ROI
2025-12-15 01:46:38,749 - SmartHomeAI - INFO - Telegram alert sent: [01:46:21] [VIOLENCE] Violence detected near track 7
2025-12-15 01:46:38,810 - SmartHomeAI - INFO - Telegram alert sent: [01:46:24] [VIOLENCE] Violence detected near track 7
2025-12-15 01:46:38,815 - SmartHomeAI - WARNING - [01:46:38] [VIOLENCE] Violence detected near track 40
2025-12-15 01:46:38,815 - SmartHomeAI - WARNING - Sound file not found: data/assets/sounds\alarm.mp3
2025-12-15 01:46:38,823 - SmartHomeAI - WARNING - [01:46:38] [VIOLENCE] Violence detected near track 1
2025-12-15 01:46:38,823 - SmartHomeAI - WARNING - Sound file not found: data/assets/sounds\alarm.mp3
2025-12-15 01:46:39,001 - SmartHomeAI - INFO - Telegram alert sent: [01:46:21] [VIOLENCE] Violence detected near track 7
2025-12-15 01:46:39,045 - SmartHomeAI - INFO - Telegram alert sent: [01:46:20] [VIOLENCE] Violence detected near track 7
2025-12-15 01:46:40,615 - SmartHomeAI - WARNING - Failed to grab frame. Retrying...
2025-12-15 01:46:40,650 - SmartHomeAI - INFO - [01:46:40] [LOITERING] Track 50 loitering (5.2s)
2025-12-15 01:46:40,755 - SmartHomeAI - WARNING - [01:46:40] [INTRUSION] Track 50 entered ROI
2025-12-15 01:46:40,755 - SmartHomeAI - WARNING - Sound file not found: data/assets/sounds\alarm.mp3
2025-12-15 01:46:40,964 - SmartHomeAI - WARNING - [01:46:40] [VIOLENCE] Violence detected near track 40
2025-12-15 01:46:40,964 - SmartHomeAI - WARNING - Sound file not found: data/assets/sounds\alarm.mp3
2025-12-15 01:46:41,018 - SmartHomeAI - WARNING - [01:46:40] [INTRUSION] Track 53 entered ROI
2025-12-15 01:46:41,019 - SmartHomeAI - WARNING - Sound file not found: data/assets/sounds\alarm.mp3
2025-12-15 01:46:41,114 - SmartHomeAI - INFO - [01:46:41] [RUNNING] Track 3 running (254.6 px/s)
2025-12-15 01:46:41,198 - SmartHomeAI - WARNING - [01:46:41] [VIOLENCE] Violence detected near track 40
2025-12-15 01:46:41,198 - SmartHomeAI - WARNING - Sound file not found: data/assets/sounds\alarm.mp3
2025-12-15 01:46:41,252 - SmartHomeAI - INFO - [01:46:41] [RUNNING] Track 3 running (209.1 px/s)
2025-12-15 01:46:41,306 - SmartHomeAI - INFO - [01:46:41] [RUNNING] Track 3 running (228.8 px/s)
2025-12-15 01:46:41,467 - SmartHomeAI - INFO - [01:46:41] [RUNNING] Track 3 running (272.1 px/s)
2025-12-15 01:46:41,567 - SmartHomeAI - INFO - [01:46:41] [RUNNING] Track 3 running (239.4 px/s)
2025-12-15 01:46:41,616 - SmartHomeAI - INFO - [01:46:41] [RUNNING] Track 3 running (222.0 px/s)
2025-12-15 01:46:41,640 - SmartHomeAI - INFO - [01:46:41] [RUNNING] Track 3 running (235.7 px/s)
2025-12-15 01:46:41,744 - SmartHomeAI - INFO - [01:46:41] [RUNNING] Track 3 running (245.0 px/s)
2025-12-15 01:46:41,832 - SmartHomeAI - INFO - [01:46:41] [RUNNING] Track 3 running (238.7 px/s)
2025-12-15 01:46:42,002 - SmartHomeAI - INFO - [01:46:41] [RUNNING] Track 3 running (220.6 px/s)
2025-12-15 01:46:42,058 - SmartHomeAI - INFO - [01:46:42] [RUNNING] Track 3 running (207.3 px/s)
2025-12-15 01:46:42,270 - SmartHomeAI - ERROR - Failed to send Telegram alert: HTTPSConnectionPool(host='api.telegram.org', port=443): Read timed out. (read timeout=10)
2025-12-15 01:46:42,348 - SmartHomeAI - ERROR - Failed to send Telegram alert: HTTPSConnectionPool(host='api.telegram.org', port=443): Read timed out. (read timeout=10)
2025-12-15 01:46:42,364 - SmartHomeAI - ERROR - Failed to send Telegram alert: HTTPSConnectionPool(host='api.telegram.org', port=443): Read timed out. (read timeout=10)
2025-12-15 01:46:42,371 - SmartHomeAI - ERROR - Failed to send Telegram alert: HTTPSConnectionPool(host='api.telegram.org', port=443): Read timed out. (read timeout=10)
2025-12-15 01:46:42,504 - SmartHomeAI - ERROR - Failed to send Telegram alert: HTTPSConnectionPool(host='api.telegram.org', port=443): Read timed out. (read timeout=10)
2025-12-15 01:46:42,570 - SmartHomeAI - ERROR - Failed to send Telegram alert: HTTPSConnectionPool(host='api.telegram.org', port=443): Read timed out. (read timeout=10)
2025-12-15 01:46:42,571 - SmartHomeAI - ERROR - Failed to send Telegram alert: HTTPSConnectionPool(host='api.telegram.org', port=443): Read timed out. (read timeout=10)
2025-12-15 01:46:43,244 - SmartHomeAI - INFO - Telegram alert sent: [01:46:20] [VIOLENCE] Violence detected near track 3
2025-12-15 01:46:43,328 - SmartHomeAI - INFO - Telegram alert sent: [01:46:25] [RUNNING] Track 34 running (1076.1 px/s)
2025-12-15 01:46:43,417 - SmartHomeAI - INFO - Telegram alert sent: [01:46:25] [VIOLENCE] Violence detected near track 7
2025-12-15 01:46:43,488 - SmartHomeAI - INFO - Telegram alert sent: [01:46:23] [LOITERING] Track 7 loitering (5.6s)
2025-12-15 01:46:43,521 - SmartHomeAI - ERROR - Failed to send Telegram alert: HTTPSConnectionPool(host='api.telegram.org', port=443): Read timed out. (read timeout=10)
2025-12-15 01:46:43,525 - SmartHomeAI - ERROR - Failed to send Telegram alert: HTTPSConnectionPool(host='api.telegram.org', port=443): Read timed out. (read timeout=10)
2025-12-15 01:46:43,527 - SmartHomeAI - INFO - Telegram alert sent: [01:46:20] [VIOLENCE] Violence detected near track 7
2025-12-15 01:46:43,528 - SmartHomeAI - ERROR - Failed to send Telegram alert: HTTPSConnectionPool(host='api.telegram.org', port=443): Read timed out. (read timeout=10)
2025-12-15 01:46:43,553 - SmartHomeAI - INFO - Telegram alert sent: [01:46:23] [LOITERING] Track 3 loitering (5.6s)
2025-12-15 01:46:43,611 - SmartHomeAI - INFO - Telegram alert sent: [01:46:25] [INTRUSION] Track 34 entered ROI
2025-12-15 01:46:43,642 - SmartHomeAI - INFO - Telegram alert sent: [01:46:25] [RUNNING] Track 34 running (357.0 px/s)
2025-12-15 01:46:43,681 - SmartHomeAI - INFO - Telegram alert sent: [01:46:25] [RUNNING] Track 34 running (242.5 px/s)
2025-12-15 01:46:43,726 - SmartHomeAI - INFO - Telegram alert sent: [01:46:25] [RUNNING] Track 34 running (455.4 px/s)
2025-12-15 01:46:43,765 - SmartHomeAI - INFO - Telegram alert sent: [01:46:25] [RUNNING] Track 34 running (228.3 px/s)
2025-12-15 01:46:43,806 - SmartHomeAI - INFO - Telegram alert sent: [01:46:24] [INTRUSION] Track 7 entered ROI
2025-12-15 01:46:43,850 - SmartHomeAI - INFO - Telegram alert sent: [01:46:24] [INTRUSION] Track 3 entered ROI
2025-12-15 01:46:43,916 - SmartHomeAI - INFO - Telegram alert sent: [01:46:26] [RUNNING] Track 34 running (431.3 px/s)
2025-12-15 01:46:43,956 - SmartHomeAI - INFO - Telegram alert sent: [01:46:25] [RUNNING] Track 34 running (321.0 px/s)
2025-12-15 01:46:44,006 - SmartHomeAI - INFO - Telegram alert sent: [01:46:25] [RUNNING] Track 35 running (356.9 px/s)
2025-12-15 01:46:44,085 - SmartHomeAI - INFO - Telegram alert sent: [01:46:26] [VIOLENCE] Violence detected near track 7
2025-12-15 01:46:44,166 - SmartHomeAI - INFO - Telegram alert sent: [01:46:25] [INTRUSION] Track 35 entered ROI
2025-12-15 01:46:44,205 - SmartHomeAI - INFO - Telegram alert sent: [01:46:25] [RUNNING] Track 34 running (209.0 px/s)
2025-12-15 01:46:44,243 - SmartHomeAI - INFO - Telegram alert sent: [01:46:26] [VIOLENCE] Violence detected near track 35
2025-12-15 01:46:44,263 - SmartHomeAI - INFO - Telegram alert sent: [01:46:25] [RUNNING] Track 34 running (671.7 px/s)
2025-12-15 01:46:44,303 - SmartHomeAI - INFO - Telegram alert sent: [01:46:25] [VIOLENCE] Violence detected near track 7
2025-12-15 01:46:44,370 - SmartHomeAI - INFO - Telegram alert sent: [01:46:26] [INTRUSION] Track 1 entered ROI
2025-12-15 01:46:44,471 - SmartHomeAI - INFO - Telegram alert sent: [01:46:26] [RUNNING] Track 34 running (242.7 px/s)
2025-12-15 01:46:45,681 - SmartHomeAI - INFO - Opening camera source: E:\KLTN\Video\Avenue_Dataset\Avenue Dataset\testing_videos\03.avi
2025-12-15 01:46:46,266 - SmartHomeAI - INFO - Camera opened successfully: E:\KLTN\Video\Avenue_Dataset\Avenue Dataset\testing_videos\03.avi
2025-12-15 01:46:46,311 - SmartHomeAI - INFO - Source FPS: 25.0. Target delay: 0.0400s
2025-12-15 01:46:48,612 - SmartHomeAI - INFO - Telegram alert sent: [01:46:26] [INTRUSION] Track 40 entered ROI
2025-12-15 01:46:48,635 - SmartHomeAI - INFO - Telegram alert sent: [01:46:26] [RUNNING] Track 27 running (241.5 px/s)
2025-12-15 01:46:48,713 - SmartHomeAI - INFO - Telegram alert sent: [01:46:29] [LOITERING] Track 26 loitering (5.3s)
2025-12-15 01:46:48,789 - SmartHomeAI - INFO - Telegram alert sent: [01:46:27] [VIOLENCE] Violence detected near track 7
2025-12-15 01:46:48,868 - SmartHomeAI - INFO - Telegram alert sent: [01:46:30] [INTRUSION] Track 26 entered ROI
2025-12-15 01:46:48,905 - SmartHomeAI - INFO - Telegram alert sent: [01:46:27] [VIOLENCE] Violence detected near track 40
2025-12-15 01:46:48,944 - SmartHomeAI - INFO - Telegram alert sent: [01:46:30] [INTRUSION] Track 3 entered ROI
2025-12-15 01:46:48,972 - SmartHomeAI - INFO - Telegram alert sent: [01:46:30] [INTRUSION] Track 7 entered ROI
2025-12-15 01:46:49,069 - SmartHomeAI - INFO - Telegram alert sent: [01:46:30] [RUNNING] Track 34 running (327.3 px/s)
2025-12-15 01:46:49,105 - SmartHomeAI - INFO - Telegram alert sent: [01:46:30] [VIOLENCE] Violence detected near track 3
2025-12-15 01:46:49,142 - SmartHomeAI - INFO - Telegram alert sent: [01:46:29] [LOITERING] Track 3 loitering (5.6s)
2025-12-15 01:46:49,244 - SmartHomeAI - INFO - Telegram alert sent: [01:46:30] [VIOLENCE] Violence detected near track 40
2025-12-15 01:46:49,343 - SmartHomeAI - INFO - Telegram alert sent: [01:46:30] [INTRUSION] Track 46 entered ROI
2025-12-15 01:46:49,361 - SmartHomeAI - INFO - Telegram alert sent: [01:46:30] [LOITERING] Track 35 loitering (5.0s)
2025-12-15 01:46:49,367 - SmartHomeAI - INFO - Telegram alert sent: [01:46:29] [LOITERING] Track 7 loitering (5.6s)
2025-12-15 01:46:49,446 - SmartHomeAI - INFO - Telegram alert sent: [01:46:30] [RUNNING] Track 34 running (357.5 px/s)
2025-12-15 01:46:49,453 - SmartHomeAI - INFO - Telegram alert sent: [01:46:30] [RUNNING] Track 34 running (364.1 px/s)
2025-12-15 01:46:49,470 - SmartHomeAI - INFO - Telegram alert sent: [01:46:30] [VIOLENCE] Violence detected near track 1
2025-12-15 01:46:50,107 - SmartHomeAI - INFO - Telegram alert sent: [01:46:35] [INTRUSION] Track 50 entered ROI
2025-12-15 01:46:50,442 - SmartHomeAI - INFO - Telegram alert sent: [01:46:41] [RUNNING] Track 3 running (254.6 px/s)
2025-12-15 01:46:50,573 - SmartHomeAI - INFO - Telegram alert sent: [01:46:38] [VIOLENCE] Violence detected near track 40
2025-12-15 01:46:50,612 - SmartHomeAI - WARNING - [01:46:50] [INTRUSION] Track 63 entered ROI
2025-12-15 01:46:50,612 - SmartHomeAI - WARNING - Sound file not found: data/assets/sounds\alarm.mp3
2025-12-15 01:46:50,624 - SmartHomeAI - WARNING - [01:46:50] [INTRUSION] Track 65 entered ROI
2025-12-15 01:46:50,624 - SmartHomeAI - WARNING - Sound file not found: data/assets/sounds\alarm.mp3
2025-12-15 01:46:50,628 - SmartHomeAI - WARNING - [01:46:50] [INTRUSION] Track 66 entered ROI
2025-12-15 01:46:50,628 - SmartHomeAI - WARNING - Sound file not found: data/assets/sounds\alarm.mp3
2025-12-15 01:46:50,632 - SmartHomeAI - WARNING - [01:46:50] [VIOLENCE] Violence detected near track 65
2025-12-15 01:46:50,632 - SmartHomeAI - WARNING - Sound file not found: data/assets/sounds\alarm.mp3
2025-12-15 01:46:50,635 - SmartHomeAI - WARNING - [01:46:50] [VIOLENCE] Violence detected near track 63
2025-12-15 01:46:50,635 - SmartHomeAI - WARNING - Sound file not found: data/assets/sounds\alarm.mp3
2025-12-15 01:46:50,673 - SmartHomeAI - INFO - Telegram alert sent: [01:46:35] [RUNNING] Track 46 running (219.3 px/s)
2025-12-15 01:46:50,690 - SmartHomeAI - WARNING - [01:46:50] [INTRUSION] Track 67 entered ROI
2025-12-15 01:46:50,691 - SmartHomeAI - WARNING - Sound file not found: data/assets/sounds\alarm.mp3
2025-12-15 01:46:50,767 - SmartHomeAI - INFO - Telegram alert sent: [01:46:37] [LOITERING] Track 27 loitering (5.0s)
2025-12-15 01:46:50,768 - SmartHomeAI - WARNING - [01:46:50] [INTRUSION] Track 69 entered ROI
2025-12-15 01:46:50,768 - SmartHomeAI - WARNING - Sound file not found: data/assets/sounds\alarm.mp3
2025-12-15 01:46:50,806 - SmartHomeAI - INFO - Telegram alert sent: [01:46:35] [RUNNING] Track 46 running (233.8 px/s)
2025-12-15 01:46:50,846 - SmartHomeAI - INFO - Telegram alert sent: [01:46:41] [RUNNING] Track 3 running (239.4 px/s)
2025-12-15 01:46:50,890 - SmartHomeAI - INFO - Telegram alert sent: [01:46:41] [RUNNING] Track 3 running (245.0 px/s)
2025-12-15 01:46:50,904 - SmartHomeAI - WARNING - [01:46:50] [VIOLENCE] Violence detected near track 66
2025-12-15 01:46:50,905 - SmartHomeAI - WARNING - Sound file not found: data/assets/sounds\alarm.mp3
2025-12-15 01:46:50,908 - SmartHomeAI - WARNING - [01:46:50] [VIOLENCE] Violence detected near track 65
2025-12-15 01:46:50,908 - SmartHomeAI - WARNING - Sound file not found: data/assets/sounds\alarm.mp3
2025-12-15 01:46:50,912 - SmartHomeAI - WARNING - [01:46:50] [VIOLENCE] Violence detected near track 67
2025-12-15 01:46:50,912 - SmartHomeAI - WARNING - Sound file not found: data/assets/sounds\alarm.mp3
2025-12-15 01:46:50,915 - SmartHomeAI - WARNING - [01:46:50] [VIOLENCE] Violence detected near track 63
2025-12-15 01:46:50,915 - SmartHomeAI - WARNING - Sound file not found: data/assets/sounds\alarm.mp3
2025-12-15 01:46:50,965 - SmartHomeAI - INFO - Telegram alert sent: [01:46:35] [VIOLENCE] Violence detected near track 40
2025-12-15 01:46:51,040 - SmartHomeAI - INFO - Telegram alert sent: [01:46:36] [RUNNING] Track 46 running (202.9 px/s)
2025-12-15 01:46:51,083 - SmartHomeAI - WARNING - [01:46:51] [INTRUSION] Track 70 entered ROI
2025-12-15 01:46:51,084 - SmartHomeAI - WARNING - Sound file not found: data/assets/sounds\alarm.mp3
2025-12-15 01:46:51,097 - SmartHomeAI - INFO - Telegram alert sent: [01:46:35] [RUNNING] Track 34 running (287.7 px/s)
2025-12-15 01:46:51,120 - SmartHomeAI - INFO - Telegram alert sent: [01:46:38] [VIOLENCE] Violence detected near track 40
2025-12-15 01:46:51,787 - SmartHomeAI - WARNING - [01:46:51] [VIOLENCE] Violence detected near track 69
2025-12-15 01:46:51,787 - SmartHomeAI - WARNING - Sound file not found: data/assets/sounds\alarm.mp3
2025-12-15 01:46:51,790 - SmartHomeAI - WARNING - [01:46:51] [VIOLENCE] Violence detected near track 68
2025-12-15 01:46:51,791 - SmartHomeAI - WARNING - Sound file not found: data/assets/sounds\alarm.mp3
2025-12-15 01:46:51,794 - SmartHomeAI - WARNING - [01:46:51] [VIOLENCE] Violence detected near track 67
2025-12-15 01:46:51,794 - SmartHomeAI - WARNING - Sound file not found: data/assets/sounds\alarm.mp3
2025-12-15 01:46:51,803 - SmartHomeAI - WARNING - [01:46:51] [VIOLENCE] Violence detected near track 63
2025-12-15 01:46:51,804 - SmartHomeAI - WARNING - Sound file not found: data/assets/sounds\alarm.mp3
2025-12-15 01:46:51,807 - SmartHomeAI - WARNING - [01:46:51] [VIOLENCE] Violence detected near track 65
2025-12-15 01:46:51,807 - SmartHomeAI - WARNING - Sound file not found: data/assets/sounds\alarm.mp3
2025-12-15 01:46:52,096 - SmartHomeAI - WARNING - [01:46:52] [INTRUSION] Track 72 entered ROI
2025-12-15 01:46:52,096 - SmartHomeAI - WARNING - Sound file not found: data/assets/sounds\alarm.mp3
2025-12-15 01:46:52,158 - SmartHomeAI - WARNING - [01:46:52] [INTRUSION] Track 68 entered ROI
2025-12-15 01:46:52,158 - SmartHomeAI - WARNING - Sound file not found: data/assets/sounds\alarm.mp3
2025-12-15 01:46:52,162 - SmartHomeAI - INFO - [01:46:52] [RUNNING] Track 68 running (314.6 px/s)
2025-12-15 01:46:52,381 - SmartHomeAI - WARNING - [01:46:52] [VIOLENCE] Violence detected near track 72
2025-12-15 01:46:52,382 - SmartHomeAI - WARNING - Sound file not found: data/assets/sounds\alarm.mp3
2025-12-15 01:46:52,385 - SmartHomeAI - WARNING - [01:46:52] [VIOLENCE] Violence detected near track 67
2025-12-15 01:46:52,386 - SmartHomeAI - WARNING - Sound file not found: data/assets/sounds\alarm.mp3
2025-12-15 01:46:52,389 - SmartHomeAI - WARNING - [01:46:52] [VIOLENCE] Violence detected near track 70
2025-12-15 01:46:52,390 - SmartHomeAI - WARNING - Sound file not found: data/assets/sounds\alarm.mp3
2025-12-15 01:46:52,399 - SmartHomeAI - WARNING - [01:46:52] [VIOLENCE] Violence detected near track 63
2025-12-15 01:46:52,399 - SmartHomeAI - WARNING - Sound file not found: data/assets/sounds\alarm.mp3
2025-12-15 01:46:52,403 - SmartHomeAI - WARNING - [01:46:52] [VIOLENCE] Violence detected near track 65
2025-12-15 01:46:52,404 - SmartHomeAI - WARNING - Sound file not found: data/assets/sounds\alarm.mp3
2025-12-15 01:46:52,407 - SmartHomeAI - WARNING - [01:46:52] [VIOLENCE] Violence detected near track 69
2025-12-15 01:46:52,407 - SmartHomeAI - WARNING - Sound file not found: data/assets/sounds\alarm.mp3
2025-12-15 01:46:52,593 - SmartHomeAI - INFO - [01:46:52] [RUNNING] Track 66 running (217.3 px/s)
2025-12-15 01:46:52,598 - SmartHomeAI - INFO - [01:46:52] [RUNNING] Track 70 running (1038.8 px/s)
2025-12-15 01:46:53,425 - SmartHomeAI - WARNING - [01:46:53] [INTRUSION] Track 69 entered ROI
2025-12-15 01:46:53,426 - SmartHomeAI - WARNING - Sound file not found: data/assets/sounds\alarm.mp3
2025-12-15 01:46:53,429 - SmartHomeAI - WARNING - [01:46:53] [VIOLENCE] Violence detected near track 67
2025-12-15 01:46:53,430 - SmartHomeAI - WARNING - Sound file not found: data/assets/sounds\alarm.mp3
2025-12-15 01:46:53,433 - SmartHomeAI - WARNING - [01:46:53] [VIOLENCE] Violence detected near track 63
2025-12-15 01:46:53,433 - SmartHomeAI - WARNING - Sound file not found: data/assets/sounds\alarm.mp3
2025-12-15 01:46:53,443 - SmartHomeAI - WARNING - [01:46:53] [VIOLENCE] Violence detected near track 65
2025-12-15 01:46:53,443 - SmartHomeAI - WARNING - Sound file not found: data/assets/sounds\alarm.mp3
2025-12-15 01:46:53,447 - SmartHomeAI - WARNING - [01:46:53] [VIOLENCE] Violence detected near track 66
2025-12-15 01:46:53,448 - SmartHomeAI - WARNING - Sound file not found: data/assets/sounds\alarm.mp3
2025-12-15 01:46:53,616 - SmartHomeAI - INFO - [01:46:53] [RUNNING] Track 65 running (984.0 px/s)
2025-12-15 01:46:53,780 - SmartHomeAI - WARNING - [01:46:53] [VIOLENCE] Violence detected near track 67
2025-12-15 01:46:53,785 - SmartHomeAI - WARNING - Sound file not found: data/assets/sounds\alarm.mp3
2025-12-15 01:46:53,789 - SmartHomeAI - WARNING - [01:46:53] [VIOLENCE] Violence detected near track 69
2025-12-15 01:46:53,790 - SmartHomeAI - WARNING - Sound file not found: data/assets/sounds\alarm.mp3
2025-12-15 01:46:53,853 - SmartHomeAI - INFO - [01:46:53] [RUNNING] Track 68 running (341.1 px/s)
2025-12-15 01:46:53,909 - SmartHomeAI - INFO - Cleaning up...
2025-12-15 01:46:53,909 - SmartHomeAI - INFO - Approx. FPS: 8.36
2025-12-15 01:46:53,920 - SmartHomeAI - INFO - Video stream stopped.
2025-12-15 01:46:53,927 - SmartHomeAI - INFO - Video stream thread stopping.
2025-12-15 01:46:54,330 - SmartHomeAI - INFO - Telegram alert sent: [01:46:41] [RUNNING] Track 3 running (238.7 px/s)
2025-12-15 01:46:54,365 - SmartHomeAI - INFO - Telegram alert sent: [01:46:37] [RUNNING] Track 46 running (227.1 px/s)
2025-12-15 01:46:54,393 - SmartHomeAI - INFO - Telegram alert sent: [01:46:35] [RUNNING] Track 34 running (646.7 px/s)
2025-12-15 01:46:54,471 - SmartHomeAI - INFO - Telegram alert sent: [01:46:36] [INTRUSION] Track 35 entered ROI
2025-12-15 01:46:54,498 - SmartHomeAI - INFO - Telegram alert sent: [01:46:35] [RUNNING] Track 34 running (429.3 px/s)
2025-12-15 01:46:54,534 - SmartHomeAI - INFO - Telegram alert sent: [01:46:35] [RUNNING] Track 46 running (214.9 px/s)
2025-12-15 01:46:54,566 - SmartHomeAI - INFO - Telegram alert sent: [01:46:37] [RUNNING] Track 46 running (205.6 px/s)
2025-12-15 01:46:54,634 - SmartHomeAI - INFO - Telegram alert sent: [01:46:35] [VIOLENCE] Violence detected near track 46
2025-12-15 01:46:54,721 - SmartHomeAI - INFO - Telegram alert sent: [01:46:41] [VIOLENCE] Violence detected near track 40
2025-12-15 01:46:54,795 - SmartHomeAI - INFO - Telegram alert sent: [01:46:35] [INTRUSION] Track 7 entered ROI
2025-12-15 01:46:54,842 - SmartHomeAI - INFO - Telegram alert sent: [01:46:41] [RUNNING] Track 3 running (235.7 px/s)
2025-12-15 01:46:54,900 - SmartHomeAI - INFO - Telegram alert sent: [01:46:34] [VIOLENCE] Violence detected near track 3
2025-12-15 01:46:54,909 - SmartHomeAI - INFO - Telegram alert sent: [01:46:35] [VIOLENCE] Violence detected near track 40
2025-12-15 01:46:54,912 - SmartHomeAI - INFO - Telegram alert sent: [01:46:40] [LOITERING] Track 50 loitering (5.2s)
2025-12-15 01:46:54,914 - SmartHomeAI - INFO - Telegram alert sent: [01:46:35] [VIOLENCE] Violence detected near track 3
2025-12-15 01:46:54,918 - SmartHomeAI - INFO - Telegram alert sent: [01:46:36] [VIOLENCE] Violence detected near track 40
2025-12-15 01:46:54,921 - SmartHomeAI - INFO - Telegram alert sent: [01:46:38] [VIOLENCE] Violence detected near track 1
2025-12-15 01:46:54,923 - SmartHomeAI - INFO - Telegram alert sent: [01:46:37] [VIOLENCE] Violence detected near track 40
2025-12-15 01:46:54,923 - SmartHomeAI - INFO - Telegram alert sent: [01:46:36] [RUNNING] Track 46 running (220.0 px/s)
2025-12-15 01:46:54,932 - SmartHomeAI - INFO - Telegram alert sent: [01:46:35] [RUNNING] Track 34 running (490.5 px/s)
2025-12-15 01:46:54,935 - SmartHomeAI - INFO - Telegram alert sent: [01:46:35] [LOITERING] Track 7 loitering (5.0s)
2025-12-15 01:46:54,936 - SmartHomeAI - INFO - Telegram alert sent: [01:46:37] [LOITERING] Track 40 loitering (5.2s)
2025-12-15 01:46:54,937 - SmartHomeAI - INFO - Telegram alert sent: [01:46:41] [RUNNING] Track 3 running (228.8 px/s)
2025-12-15 01:46:54,938 - SmartHomeAI - INFO - Telegram alert sent: [01:46:37] [INTRUSION] Track 40 entered ROI
2025-12-15 01:46:54,938 - SmartHomeAI - INFO - Telegram alert sent: [01:46:40] [VIOLENCE] Violence detected near track 40
2025-12-15 01:46:54,938 - SmartHomeAI - INFO - Telegram alert sent: [01:46:41] [RUNNING] Track 3 running (222.0 px/s)
2025-12-15 01:46:54,943 - SmartHomeAI - INFO - Telegram alert sent: [01:46:35] [LOITERING] Track 46 loitering (5.0s)
2025-12-15 01:46:54,943 - SmartHomeAI - INFO - Telegram alert sent: [01:46:36] [VIOLENCE] Violence detected near track 3
2025-12-15 01:46:54,943 - SmartHomeAI - INFO - Telegram alert sent: [01:46:42] [RUNNING] Track 3 running (207.3 px/s)
2025-12-15 01:46:54,944 - SmartHomeAI - INFO - Telegram alert sent: [01:46:37] [LOITERING] Track 1 loitering (5.2s)
2025-12-15 01:46:54,946 - SmartHomeAI - INFO - Telegram alert sent: [01:46:41] [RUNNING] Track 3 running (220.6 px/s)
2025-12-15 01:46:54,951 - SmartHomeAI - INFO - Telegram alert sent: [01:46:34] [VIOLENCE] Violence detected near track 40
2025-12-15 01:46:54,951 - SmartHomeAI - INFO - Telegram alert sent: [01:46:40] [INTRUSION] Track 53 entered ROI
2025-12-15 01:46:54,952 - SmartHomeAI - INFO - Telegram alert sent: [01:46:37] [INTRUSION] Track 27 entered ROI
2025-12-15 01:46:54,953 - SmartHomeAI - INFO - Telegram alert sent: [01:46:36] [VIOLENCE] Violence detected near track 50
2025-12-15 01:46:54,953 - SmartHomeAI - INFO - Telegram alert sent: [01:46:35] [RUNNING] Track 34 running (341.1 px/s)
2025-12-15 01:46:54,955 - SmartHomeAI - INFO - Telegram alert sent: [01:46:32] [INTRUSION] Track 40 entered ROI
2025-12-15 01:46:54,956 - SmartHomeAI - INFO - Telegram alert sent: [01:46:34] [INTRUSION] Track 3 entered ROI
2025-12-15 01:46:54,958 - SmartHomeAI - INFO - Telegram alert sent: [01:46:36] [INTRUSION] Track 46 entered ROI
2025-12-15 01:46:54,958 - SmartHomeAI - INFO - Telegram alert sent: [01:46:41] [RUNNING] Track 3 running (272.1 px/s)
2025-12-15 01:46:54,958 - SmartHomeAI - INFO - Telegram alert sent: [01:46:38] [VIOLENCE] Violence detected near track 40
2025-12-15 01:46:54,963 - SmartHomeAI - INFO - Telegram alert sent: [01:46:35] [VIOLENCE] Violence detected near track 50
2025-12-15 01:46:54,963 - SmartHomeAI - INFO - Telegram alert sent: [01:46:35] [RUNNING] Track 34 running (205.1 px/s)
2025-12-15 01:46:54,963 - SmartHomeAI - INFO - Telegram alert sent: [01:46:36] [RUNNING] Track 46 running (209.6 px/s)
2025-12-15 01:46:54,966 - SmartHomeAI - INFO - Telegram alert sent: [01:46:35] [LOITERING] Track 35 loitering (5.0s)
2025-12-15 01:46:54,966 - SmartHomeAI - INFO - Telegram alert sent: [01:46:32] [INTRUSION] Track 1 entered ROI
2025-12-15 01:46:54,966 - SmartHomeAI - INFO - Telegram alert sent: [01:46:37] [INTRUSION] Track 1 entered ROI
2025-12-15 01:46:54,969 - SmartHomeAI - INFO - Telegram alert sent: [01:46:35] [RUNNING] Track 46 running (279.6 px/s)
2025-12-15 01:46:54,969 - SmartHomeAI - INFO - Telegram alert sent: [01:46:41] [RUNNING] Track 3 running (209.1 px/s)
2025-12-15 01:46:54,979 - SmartHomeAI - INFO - Telegram alert sent: [01:46:35] [VIOLENCE] Violence detected near track 3
2025-12-15 01:46:55,006 - SmartHomeAI - INFO - Telegram alert sent: [01:46:40] [INTRUSION] Track 50 entered ROI
2025-12-15 01:46:55,067 - SmartHomeAI - INFO - Telegram alert sent: [01:46:35] [RUNNING] Track 34 running (450.8 px/s)
2025-12-15 01:46:59,421 - SmartHomeAI - INFO - Telegram alert sent: [01:46:50] [VIOLENCE] Violence detected near track 67
2025-12-15 01:46:59,502 - SmartHomeAI - INFO - Telegram alert sent: [01:46:50] [INTRUSION] Track 67 entered ROI
2025-12-15 01:46:59,526 - SmartHomeAI - INFO - Telegram alert sent: [01:46:53] [RUNNING] Track 68 running (341.1 px/s)
2025-12-15 01:46:59,545 - SmartHomeAI - INFO - Telegram alert sent: [01:46:53] [VIOLENCE] Violence detected near track 67
2025-12-15 01:46:59,577 - SmartHomeAI - INFO - Telegram alert sent: [01:46:52] [VIOLENCE] Violence detected near track 69
2025-12-15 01:46:59,580 - SmartHomeAI - INFO - Telegram alert sent: [01:46:53] [VIOLENCE] Violence detected near track 66
2025-12-15 01:46:59,763 - SmartHomeAI - INFO - Telegram alert sent: [01:46:50] [INTRUSION] Track 69 entered ROI
2025-12-15 01:46:59,765 - SmartHomeAI - INFO - Telegram alert sent: [01:46:51] [INTRUSION] Track 70 entered ROI
2025-12-15 01:46:59,767 - SmartHomeAI - INFO - Telegram alert sent: [01:46:53] [VIOLENCE] Violence detected near track 65
2025-12-15 01:46:59,769 - SmartHomeAI - INFO - Telegram alert sent: [01:46:51] [VIOLENCE] Violence detected near track 63
2025-12-15 01:46:59,770 - SmartHomeAI - INFO - Telegram alert sent: [01:46:52] [INTRUSION] Track 68 entered ROI
2025-12-15 01:46:59,774 - SmartHomeAI - INFO - Telegram alert sent: [01:46:52] [INTRUSION] Track 72 entered ROI
2025-12-15 01:46:59,776 - SmartHomeAI - INFO - Telegram alert sent: [01:46:50] [VIOLENCE] Violence detected near track 65
2025-12-15 01:46:59,777 - SmartHomeAI - INFO - Telegram alert sent: [01:46:51] [VIOLENCE] Violence detected near track 65
2025-12-15 01:46:59,778 - SmartHomeAI - INFO - Telegram alert sent: [01:46:50] [VIOLENCE] Violence detected near track 63
2025-12-15 01:46:59,779 - SmartHomeAI - INFO - Telegram alert sent: [01:46:50] [INTRUSION] Track 63 entered ROI
2025-12-15 01:46:59,781 - SmartHomeAI - INFO - Telegram alert sent: [01:46:52] [RUNNING] Track 68 running (314.6 px/s)
2025-12-15 01:46:59,781 - SmartHomeAI - INFO - Telegram alert sent: [01:46:50] [INTRUSION] Track 65 entered ROI
2025-12-15 01:46:59,784 - SmartHomeAI - INFO - Telegram alert sent: [01:46:53] [VIOLENCE] Violence detected near track 63
2025-12-15 01:46:59,785 - SmartHomeAI - INFO - Telegram alert sent: [01:46:50] [INTRUSION] Track 66 entered ROI
2025-12-15 01:46:59,787 - SmartHomeAI - INFO - Telegram alert sent: [01:46:53] [RUNNING] Track 65 running (984.0 px/s)
2025-12-15 01:46:59,789 - SmartHomeAI - INFO - Telegram alert sent: [01:46:51] [VIOLENCE] Violence detected near track 69
2025-12-15 01:46:59,789 - SmartHomeAI - INFO - Telegram alert sent: [01:46:51] [VIOLENCE] Violence detected near track 68
2025-12-15 01:46:59,791 - SmartHomeAI - INFO - Telegram alert sent: [01:46:53] [VIOLENCE] Violence detected near track 69
2025-12-15 01:46:59,812 - SmartHomeAI - INFO - Telegram alert sent: [01:46:53] [INTRUSION] Track 69 entered ROI
2025-12-15 01:46:59,823 - SmartHomeAI - INFO - Telegram alert sent: [01:46:52] [VIOLENCE] Violence detected near track 72
2025-12-15 01:46:59,828 - SmartHomeAI - INFO - Telegram alert sent: [01:46:50] [VIOLENCE] Violence detected near track 63
2025-12-15 01:46:59,841 - SmartHomeAI - INFO - Telegram alert sent: [01:46:51] [VIOLENCE] Violence detected near track 67
2025-12-15 01:46:59,849 - SmartHomeAI - INFO - Telegram alert sent: [01:46:50] [VIOLENCE] Violence detected near track 66
2025-12-15 01:46:59,859 - SmartHomeAI - INFO - Telegram alert sent: [01:46:52] [VIOLENCE] Violence detected near track 67
2025-12-15 01:46:59,863 - SmartHomeAI - INFO - Telegram alert sent: [01:46:53] [VIOLENCE] Violence detected near track 67
2025-12-15 01:46:59,870 - SmartHomeAI - INFO - Telegram alert sent: [01:46:52] [VIOLENCE] Violence detected near track 65
2025-12-15 01:47:08,290 - SmartHomeAI - INFO - Telegram alert sent: [01:46:52] [RUNNING] Track 66 running (217.3 px/s)
2025-12-15 01:47:08,530 - SmartHomeAI - INFO - Telegram alert sent: [01:46:52] [RUNNING] Track 70 running (1038.8 px/s)
2025-12-15 01:47:08,617 - SmartHomeAI - INFO - Telegram alert sent: [01:46:52] [VIOLENCE] Violence detected near track 70
2025-12-15 01:47:08,715 - SmartHomeAI - INFO - Telegram alert sent: [01:46:50] [VIOLENCE] Violence detected near track 65
2025-12-15 01:47:08,746 - SmartHomeAI - INFO - Telegram alert sent: [01:46:52] [VIOLENCE] Violence detected near track 63
2025-12-15 01:47:16,857 - SmartHomeAI - INFO - Initializing components...
2025-12-15 01:47:16,857 - SmartHomeAI - INFO - Opening camera source: E:\KLTN\Video\Avenue_Dataset\Avenue Dataset\testing_videos\03.avi
2025-12-15 01:47:16,872 - SmartHomeAI - INFO - Camera opened successfully: E:\KLTN\Video\Avenue_Dataset\Avenue Dataset\testing_videos\03.avi
2025-12-15 01:47:16,872 - SmartHomeAI - INFO - Source FPS: 25.0. Target delay: 0.0400s
2025-12-15 01:47:16,872 - SmartHomeAI - INFO - Starting video stream thread.
2025-12-15 01:47:20,163 - SmartHomeAI - INFO - Initializing Detector on device: cuda
2025-12-15 01:47:20,239 - SmartHomeAI - INFO - Initializing DeepSort with max_age=30, n_init=3, embedder=mobilenet
2025-12-15 01:47:22,541 - SmartHomeAI - INFO - Initializing ViolenceDetector on cuda with model: E:\KLTN\AI-Smart-Home-Security\models/violence/Violence_Yolov8.pt
2025-12-15 01:47:22,586 - SmartHomeAI - INFO - Initializing FallDetector on cuda with model: E:\KLTN\AI-Smart-Home-Security\models/fall/Fall_Yolov11.pt
2025-12-15 01:47:22,850 - SmartHomeAI - INFO - Pygame mixer initialized.
2025-12-15 01:47:22,850 - SmartHomeAI - INFO - System Ready. Press 'q' to quit.
2025-12-15 01:47:23,453 - SmartHomeAI - WARNING - [01:47:23] [INTRUSION] Track 1 entered ROI
2025-12-15 01:47:23,453 - SmartHomeAI - WARNING - Sound file not found: data/assets/sounds\alarm.mp3
2025-12-15 01:47:23,456 - SmartHomeAI - WARNING - [01:47:23] [INTRUSION] Track 4 entered ROI
2025-12-15 01:47:23,457 - SmartHomeAI - WARNING - Sound file not found: data/assets/sounds\alarm.mp3
2025-12-15 01:47:23,459 - SmartHomeAI - WARNING - [01:47:23] [INTRUSION] Track 5 entered ROI
2025-12-15 01:47:23,459 - SmartHomeAI - WARNING - Sound file not found: data/assets/sounds\alarm.mp3
2025-12-15 01:47:23,462 - SmartHomeAI - WARNING - [01:47:23] [INTRUSION] Track 7 entered ROI
2025-12-15 01:47:23,463 - SmartHomeAI - WARNING - Sound file not found: data/assets/sounds\alarm.mp3
2025-12-15 01:47:23,465 - SmartHomeAI - WARNING - [01:47:23] [INTRUSION] Track 8 entered ROI
2025-12-15 01:47:23,465 - SmartHomeAI - WARNING - Sound file not found: data/assets/sounds\alarm.mp3
2025-12-15 01:47:23,894 - SmartHomeAI - WARNING - [01:47:23] [VIOLENCE] Violence detected near track 5
2025-12-15 01:47:23,894 - SmartHomeAI - WARNING - Sound file not found: data/assets/sounds\alarm.mp3
2025-12-15 01:47:23,896 - SmartHomeAI - WARNING - [01:47:23] [VIOLENCE] Violence detected near track 1
2025-12-15 01:47:23,897 - SmartHomeAI - WARNING - Sound file not found: data/assets/sounds\alarm.mp3
2025-12-15 01:47:23,906 - SmartHomeAI - WARNING - [01:47:23] [VIOLENCE] Violence detected near track 8
2025-12-15 01:47:23,906 - SmartHomeAI - WARNING - Sound file not found: data/assets/sounds\alarm.mp3
2025-12-15 01:47:23,910 - SmartHomeAI - WARNING - [01:47:23] [VIOLENCE] Violence detected near track 4
2025-12-15 01:47:23,910 - SmartHomeAI - WARNING - Sound file not found: data/assets/sounds\alarm.mp3
2025-12-15 01:47:24,054 - SmartHomeAI - INFO - [01:47:24] [RUNNING] Track 8 running (638.3 px/s)
2025-12-15 01:47:24,182 - SmartHomeAI - WARNING - [01:47:24] [INTRUSION] Track 13 entered ROI
2025-12-15 01:47:24,182 - SmartHomeAI - WARNING - Sound file not found: data/assets/sounds\alarm.mp3
2025-12-15 01:47:24,185 - SmartHomeAI - INFO - [01:47:24] [RUNNING] Track 8 running (213.7 px/s)
2025-12-15 01:47:24,189 - SmartHomeAI - WARNING - [01:47:24] [VIOLENCE] Violence detected near track 5
2025-12-15 01:47:24,190 - SmartHomeAI - WARNING - Sound file not found: data/assets/sounds\alarm.mp3
2025-12-15 01:47:24,192 - SmartHomeAI - WARNING - [01:47:24] [VIOLENCE] Violence detected near track 4
2025-12-15 01:47:24,192 - SmartHomeAI - WARNING - Sound file not found: data/assets/sounds\alarm.mp3
2025-12-15 01:47:24,282 - SmartHomeAI - WARNING - [01:47:24] [INTRUSION] Track 14 entered ROI
2025-12-15 01:47:24,282 - SmartHomeAI - WARNING - Sound file not found: data/assets/sounds\alarm.mp3
2025-12-15 01:47:24,285 - SmartHomeAI - INFO - [01:47:24] [RUNNING] Track 8 running (228.4 px/s)
2025-12-15 01:47:24,446 - SmartHomeAI - INFO - [01:47:24] [RUNNING] Track 1 running (208.6 px/s)
2025-12-15 01:47:24,450 - SmartHomeAI - WARNING - [01:47:24] [VIOLENCE] Violence detected near track 1
2025-12-15 01:47:24,450 - SmartHomeAI - WARNING - Sound file not found: data/assets/sounds\alarm.mp3
2025-12-15 01:47:24,452 - SmartHomeAI - WARNING - [01:47:24] [VIOLENCE] Violence detected near track 13
2025-12-15 01:47:24,452 - SmartHomeAI - WARNING - Sound file not found: data/assets/sounds\alarm.mp3
2025-12-15 01:47:24,586 - SmartHomeAI - INFO - [01:47:24] [RUNNING] Track 13 running (324.1 px/s)
2025-12-15 01:47:25,095 - SmartHomeAI - INFO - [01:47:25] [RUNNING] Track 7 running (1501.2 px/s)
2025-12-15 01:47:25,103 - SmartHomeAI - WARNING - [01:47:25] [VIOLENCE] Violence detected near track 1
2025-12-15 01:47:25,105 - SmartHomeAI - WARNING - Sound file not found: data/assets/sounds\alarm.mp3
2025-12-15 01:47:25,626 - SmartHomeAI - WARNING - [01:47:25] [VIOLENCE] Violence detected near track 7
2025-12-15 01:47:25,628 - SmartHomeAI - WARNING - Sound file not found: data/assets/sounds\alarm.mp3
2025-12-15 01:47:25,630 - SmartHomeAI - WARNING - [01:47:25] [VIOLENCE] Violence detected near track 8
2025-12-15 01:47:25,630 - SmartHomeAI - WARNING - Sound file not found: data/assets/sounds\alarm.mp3
2025-12-15 01:47:25,760 - SmartHomeAI - WARNING - [01:47:25] [INTRUSION] Track 16 entered ROI
2025-12-15 01:47:25,763 - SmartHomeAI - WARNING - Sound file not found: data/assets/sounds\alarm.mp3
2025-12-15 01:47:26,189 - SmartHomeAI - WARNING - [01:47:25] [VIOLENCE] Violence detected near track 8
2025-12-15 01:47:26,189 - SmartHomeAI - WARNING - Sound file not found: data/assets/sounds\alarm.mp3
2025-12-15 01:47:26,192 - SmartHomeAI - WARNING - [01:47:25] [VIOLENCE] Violence detected near track 7
2025-12-15 01:47:26,192 - SmartHomeAI - WARNING - Sound file not found: data/assets/sounds\alarm.mp3
2025-12-15 01:47:27,152 - SmartHomeAI - WARNING - [01:47:27] [VIOLENCE] Violence detected near track 16
2025-12-15 01:47:27,152 - SmartHomeAI - WARNING - Sound file not found: data/assets/sounds\alarm.mp3
2025-12-15 01:47:27,421 - SmartHomeAI - INFO - Telegram alert sent: [01:47:23] [INTRUSION] Track 8 entered ROI
2025-12-15 01:47:27,422 - SmartHomeAI - INFO - Telegram alert sent: [01:47:23] [INTRUSION] Track 7 entered ROI
2025-12-15 01:47:27,430 - SmartHomeAI - WARNING - [01:47:27] [VIOLENCE] Violence detected near track 16
2025-12-15 01:47:27,430 - SmartHomeAI - WARNING - Sound file not found: data/assets/sounds\alarm.mp3
2025-12-15 01:47:27,476 - SmartHomeAI - INFO - Telegram alert sent: [01:47:23] [INTRUSION] Track 5 entered ROI
2025-12-15 01:47:27,476 - SmartHomeAI - INFO - Telegram alert sent: [01:47:23] [INTRUSION] Track 4 entered ROI
2025-12-15 01:47:27,580 - SmartHomeAI - INFO - Telegram alert sent: [01:47:23] [INTRUSION] Track 1 entered ROI
2025-12-15 01:47:27,664 - SmartHomeAI - WARNING - [01:47:27] [VIOLENCE] Violence detected near track 16
2025-12-15 01:47:27,664 - SmartHomeAI - WARNING - Sound file not found: data/assets/sounds\alarm.mp3
2025-12-15 01:47:27,916 - SmartHomeAI - WARNING - [01:47:27] [VIOLENCE] Violence detected near track 16
2025-12-15 01:47:27,916 - SmartHomeAI - WARNING - Sound file not found: data/assets/sounds\alarm.mp3
2025-12-15 01:47:27,918 - SmartHomeAI - WARNING - [01:47:27] [VIOLENCE] Violence detected near track 8
2025-12-15 01:47:27,919 - SmartHomeAI - WARNING - Sound file not found: data/assets/sounds\alarm.mp3
2025-12-15 01:47:28,178 - SmartHomeAI - WARNING - [01:47:28] [VIOLENCE] Violence detected near track 16
2025-12-15 01:47:28,178 - SmartHomeAI - WARNING - Sound file not found: data/assets/sounds\alarm.mp3
2025-12-15 01:47:28,409 - SmartHomeAI - WARNING - [01:47:28] [VIOLENCE] Violence detected near track 16
2025-12-15 01:47:28,410 - SmartHomeAI - WARNING - Sound file not found: data/assets/sounds\alarm.mp3
2025-12-15 01:47:28,448 - SmartHomeAI - INFO - [01:47:28] [LOITERING] Track 1 loitering (5.0s)
2025-12-15 01:47:28,459 - SmartHomeAI - WARNING - [01:47:28] [INTRUSION] Track 7 entered ROI
2025-12-15 01:47:28,459 - SmartHomeAI - WARNING - Sound file not found: data/assets/sounds\alarm.mp3
2025-12-15 01:47:28,462 - SmartHomeAI - INFO - [01:47:28] [LOITERING] Track 8 loitering (5.0s)
2025-12-15 01:47:28,501 - SmartHomeAI - WARNING - [01:47:28] [INTRUSION] Track 1 entered ROI
2025-12-15 01:47:28,501 - SmartHomeAI - WARNING - Sound file not found: data/assets/sounds\alarm.mp3
2025-12-15 01:47:28,503 - SmartHomeAI - WARNING - [01:47:28] [INTRUSION] Track 8 entered ROI
2025-12-15 01:47:28,503 - SmartHomeAI - WARNING - Sound file not found: data/assets/sounds\alarm.mp3
2025-12-15 01:47:28,653 - SmartHomeAI - WARNING - [01:47:28] [VIOLENCE] Violence detected near track 16
2025-12-15 01:47:28,655 - SmartHomeAI - WARNING - Sound file not found: data/assets/sounds\alarm.mp3
2025-12-15 01:47:28,902 - SmartHomeAI - WARNING - [01:47:28] [VIOLENCE] Violence detected near track 16
2025-12-15 01:47:28,903 - SmartHomeAI - WARNING - Sound file not found: data/assets/sounds\alarm.mp3
2025-12-15 01:47:28,906 - SmartHomeAI - WARNING - [01:47:28] [VIOLENCE] Violence detected near track 19
2025-12-15 01:47:28,906 - SmartHomeAI - WARNING - Sound file not found: data/assets/sounds\alarm.mp3
2025-12-15 01:47:28,993 - SmartHomeAI - INFO - [01:47:28] [RUNNING] Track 13 running (247.7 px/s)
2025-12-15 01:47:29,162 - SmartHomeAI - WARNING - [01:47:29] [VIOLENCE] Violence detected near track 16
2025-12-15 01:47:29,162 - SmartHomeAI - WARNING - Sound file not found: data/assets/sounds\alarm.mp3
2025-12-15 01:47:29,166 - SmartHomeAI - WARNING - [01:47:29] [VIOLENCE] Violence detected near track 7
2025-12-15 01:47:29,166 - SmartHomeAI - WARNING - Sound file not found: data/assets/sounds\alarm.mp3
2025-12-15 01:47:29,242 - SmartHomeAI - INFO - [01:47:29] [LOITERING] Track 13 loitering (5.1s)
2025-12-15 01:47:29,288 - SmartHomeAI - WARNING - [01:47:29] [INTRUSION] Track 13 entered ROI
2025-12-15 01:47:29,288 - SmartHomeAI - WARNING - Sound file not found: data/assets/sounds\alarm.mp3
2025-12-15 01:47:29,577 - SmartHomeAI - WARNING - [01:47:29] [VIOLENCE] Violence detected near track 16
2025-12-15 01:47:29,577 - SmartHomeAI - WARNING - Sound file not found: data/assets/sounds\alarm.mp3
2025-12-15 01:47:29,580 - SmartHomeAI - WARNING - [01:47:29] [VIOLENCE] Violence detected near track 7
2025-12-15 01:47:29,581 - SmartHomeAI - WARNING - Sound file not found: data/assets/sounds\alarm.mp3
2025-12-15 01:47:29,825 - SmartHomeAI - INFO - [01:47:29] [RUNNING] Track 20 running (393.1 px/s)
2025-12-15 01:47:29,827 - SmartHomeAI - WARNING - [01:47:29] [VIOLENCE] Violence detected near track 7
2025-12-15 01:47:29,829 - SmartHomeAI - WARNING - Sound file not found: data/assets/sounds\alarm.mp3
2025-12-15 01:47:29,834 - SmartHomeAI - WARNING - [01:47:29] [VIOLENCE] Violence detected near track 1
2025-12-15 01:47:29,835 - SmartHomeAI - WARNING - Sound file not found: data/assets/sounds\alarm.mp3
2025-12-15 01:47:29,842 - SmartHomeAI - WARNING - [01:47:29] [VIOLENCE] Violence detected near track 13
2025-12-15 01:47:29,843 - SmartHomeAI - WARNING - Sound file not found: data/assets/sounds\alarm.mp3
2025-12-15 01:47:29,850 - SmartHomeAI - WARNING - [01:47:29] [VIOLENCE] Violence detected near track 16
2025-12-15 01:47:29,850 - SmartHomeAI - WARNING - Sound file not found: data/assets/sounds\alarm.mp3
2025-12-15 01:47:30,089 - SmartHomeAI - WARNING - [01:47:30] [VIOLENCE] Violence detected near track 7
2025-12-15 01:47:30,094 - SmartHomeAI - WARNING - Sound file not found: data/assets/sounds\alarm.mp3
2025-12-15 01:47:30,101 - SmartHomeAI - WARNING - [01:47:30] [VIOLENCE] Violence detected near track 16
2025-12-15 01:47:30,102 - SmartHomeAI - WARNING - Sound file not found: data/assets/sounds\alarm.mp3
2025-12-15 01:47:30,351 - SmartHomeAI - WARNING - [01:47:30] [VIOLENCE] Violence detected near track 16
2025-12-15 01:47:30,351 - SmartHomeAI - WARNING - Sound file not found: data/assets/sounds\alarm.mp3
2025-12-15 01:47:30,354 - SmartHomeAI - WARNING - [01:47:30] [VIOLENCE] Violence detected near track 7
2025-12-15 01:47:30,354 - SmartHomeAI - WARNING - Sound file not found: data/assets/sounds\alarm.mp3
2025-12-15 01:47:30,357 - SmartHomeAI - WARNING - [01:47:30] [VIOLENCE] Violence detected near track 20
2025-12-15 01:47:30,357 - SmartHomeAI - WARNING - Sound file not found: data/assets/sounds\alarm.mp3
2025-12-15 01:47:30,410 - SmartHomeAI - WARNING - [01:47:30] [INTRUSION] Track 20 entered ROI
2025-12-15 01:47:30,410 - SmartHomeAI - WARNING - Sound file not found: data/assets/sounds\alarm.mp3
2025-12-15 01:47:30,608 - SmartHomeAI - WARNING - [01:47:30] [VIOLENCE] Violence detected near track 16
2025-12-15 01:47:30,608 - SmartHomeAI - WARNING - Sound file not found: data/assets/sounds\alarm.mp3
2025-12-15 01:47:30,791 - SmartHomeAI - INFO - [01:47:30] [LOITERING] Track 16 loitering (5.0s)
2025-12-15 01:47:30,794 - SmartHomeAI - INFO - [01:47:30] [RUNNING] Track 13 running (1132.6 px/s)
2025-12-15 01:47:30,882 - SmartHomeAI - WARNING - [01:47:30] [INTRUSION] Track 16 entered ROI
2025-12-15 01:47:30,883 - SmartHomeAI - WARNING - Sound file not found: data/assets/sounds\alarm.mp3
2025-12-15 01:47:30,886 - SmartHomeAI - INFO - [01:47:30] [RUNNING] Track 1 running (1776.2 px/s)
2025-12-15 01:47:30,889 - SmartHomeAI - WARNING - [01:47:30] [VIOLENCE] Violence detected near track 16
2025-12-15 01:47:30,889 - SmartHomeAI - WARNING - Sound file not found: data/assets/sounds\alarm.mp3
2025-12-15 01:47:30,972 - SmartHomeAI - INFO - Telegram alert sent: [01:47:23] [VIOLENCE] Violence detected near track 1
2025-12-15 01:47:31,001 - SmartHomeAI - INFO - Telegram alert sent: [01:47:23] [VIOLENCE] Violence detected near track 5
2025-12-15 01:47:31,027 - SmartHomeAI - INFO - Telegram alert sent: [01:47:23] [VIOLENCE] Violence detected near track 4
2025-12-15 01:47:31,098 - SmartHomeAI - INFO - Telegram alert sent: [01:47:24] [RUNNING] Track 8 running (638.3 px/s)
2025-12-15 01:47:31,144 - SmartHomeAI - INFO - Telegram alert sent: [01:47:23] [VIOLENCE] Violence detected near track 8
2025-12-15 01:47:31,154 - SmartHomeAI - WARNING - [01:47:31] [VIOLENCE] Violence detected near track 16
2025-12-15 01:47:31,154 - SmartHomeAI - WARNING - Sound file not found: data/assets/sounds\alarm.mp3
2025-12-15 01:47:31,157 - SmartHomeAI - INFO - Telegram alert sent: [01:47:24] [RUNNING] Track 8 running (213.7 px/s)
2025-12-15 01:47:31,238 - SmartHomeAI - INFO - Telegram alert sent: [01:47:24] [VIOLENCE] Violence detected near track 5
2025-12-15 01:47:31,277 - SmartHomeAI - INFO - Telegram alert sent: [01:47:24] [VIOLENCE] Violence detected near track 4
2025-12-15 01:47:31,300 - SmartHomeAI - WARNING - [01:47:31] [INTRUSION] Track 25 entered ROI
2025-12-15 01:47:31,300 - SmartHomeAI - WARNING - Sound file not found: data/assets/sounds\alarm.mp3
2025-12-15 01:47:31,306 - SmartHomeAI - INFO - Telegram alert sent: [01:47:24] [RUNNING] Track 1 running (208.6 px/s)
2025-12-15 01:47:31,328 - SmartHomeAI - INFO - Telegram alert sent: [01:47:24] [VIOLENCE] Violence detected near track 13
2025-12-15 01:47:31,354 - SmartHomeAI - INFO - Telegram alert sent: [01:47:24] [INTRUSION] Track 13 entered ROI
2025-12-15 01:47:31,363 - SmartHomeAI - INFO - [01:47:31] [RUNNING] Track 25 running (222.8 px/s)
2025-12-15 01:47:31,386 - SmartHomeAI - INFO - Telegram alert sent: [01:47:24] [VIOLENCE] Violence detected near track 1
2025-12-15 01:47:31,412 - SmartHomeAI - INFO - [01:47:31] [RUNNING] Track 25 running (434.9 px/s)
2025-12-15 01:47:31,469 - SmartHomeAI - INFO - Telegram alert sent: [01:47:24] [RUNNING] Track 13 running (324.1 px/s)
2025-12-15 01:47:31,507 - SmartHomeAI - INFO - Telegram alert sent: [01:47:24] [RUNNING] Track 8 running (228.4 px/s)
2025-12-15 01:47:31,508 - SmartHomeAI - INFO - [01:47:31] [RUNNING] Track 25 running (376.1 px/s)
2025-12-15 01:47:31,521 - SmartHomeAI - WARNING - [01:47:31] [VIOLENCE] Violence detected near track 25
2025-12-15 01:47:31,521 - SmartHomeAI - WARNING - Sound file not found: data/assets/sounds\alarm.mp3
2025-12-15 01:47:31,524 - SmartHomeAI - WARNING - [01:47:31] [VIOLENCE] Violence detected near track 16
2025-12-15 01:47:31,524 - SmartHomeAI - WARNING - Sound file not found: data/assets/sounds\alarm.mp3
2025-12-15 01:47:31,536 - SmartHomeAI - INFO - Telegram alert sent: [01:47:24] [INTRUSION] Track 14 entered ROI
2025-12-15 01:47:31,613 - SmartHomeAI - INFO - [01:47:31] [RUNNING] Track 25 running (385.8 px/s)
2025-12-15 01:47:31,625 - SmartHomeAI - INFO - Telegram alert sent: [01:47:25] [RUNNING] Track 7 running (1501.2 px/s)
2025-12-15 01:47:31,659 - SmartHomeAI - INFO - Telegram alert sent: [01:47:25] [VIOLENCE] Violence detected near track 1
2025-12-15 01:47:31,710 - SmartHomeAI - INFO - [01:47:31] [RUNNING] Track 16 running (244.4 px/s)
2025-12-15 01:47:31,716 - SmartHomeAI - INFO - Telegram alert sent: [01:47:25] [INTRUSION] Track 16 entered ROI
2025-12-15 01:47:31,718 - SmartHomeAI - INFO - [01:47:31] [RUNNING] Track 25 running (290.4 px/s)
2025-12-15 01:47:31,798 - SmartHomeAI - INFO - Telegram alert sent: [01:47:25] [VIOLENCE] Violence detected near track 7
2025-12-15 01:47:32,688 - SmartHomeAI - WARNING - [01:47:32] [VIOLENCE] Violence detected near track 16
2025-12-15 01:47:32,712 - SmartHomeAI - WARNING - Sound file not found: data/assets/sounds\alarm.mp3
2025-12-15 01:47:32,959 - SmartHomeAI - INFO - [01:47:32] [RUNNING] Track 25 running (482.8 px/s)
2025-12-15 01:47:33,007 - SmartHomeAI - INFO - [01:47:32] [RUNNING] Track 25 running (409.8 px/s)
2025-12-15 01:47:33,122 - SmartHomeAI - WARNING - [01:47:33] [INTRUSION] Track 1 entered ROI
2025-12-15 01:47:33,122 - SmartHomeAI - WARNING - Sound file not found: data/assets/sounds\alarm.mp3
2025-12-15 01:47:33,125 - SmartHomeAI - INFO - [01:47:33] [RUNNING] Track 25 running (419.2 px/s)
2025-12-15 01:47:33,128 - SmartHomeAI - WARNING - [01:47:33] [VIOLENCE] Violence detected near track 16
2025-12-15 01:47:33,128 - SmartHomeAI - WARNING - Sound file not found: data/assets/sounds\alarm.mp3
2025-12-15 01:47:33,204 - SmartHomeAI - INFO - [01:47:33] [RUNNING] Track 25 running (509.2 px/s)
2025-12-15 01:47:33,247 - SmartHomeAI - WARNING - [01:47:33] [INTRUSION] Track 27 entered ROI
2025-12-15 01:47:33,247 - SmartHomeAI - WARNING - Sound file not found: data/assets/sounds\alarm.mp3
2025-12-15 01:47:33,250 - SmartHomeAI - INFO - [01:47:33] [RUNNING] Track 25 running (540.4 px/s)
2025-12-15 01:47:33,287 - SmartHomeAI - INFO - [01:47:33] [RUNNING] Track 25 running (470.0 px/s)
2025-12-15 01:47:33,380 - SmartHomeAI - INFO - [01:47:33] [RUNNING] Track 25 running (525.6 px/s)
2025-12-15 01:47:33,384 - SmartHomeAI - WARNING - [01:47:33] [VIOLENCE] Violence detected near track 16
2025-12-15 01:47:33,384 - SmartHomeAI - WARNING - Sound file not found: data/assets/sounds\alarm.mp3
2025-12-15 01:47:33,431 - SmartHomeAI - INFO - [01:47:33] [RUNNING] Track 25 running (207.3 px/s)
2025-12-15 01:47:33,474 - SmartHomeAI - INFO - [01:47:33] [RUNNING] Track 25 running (449.4 px/s)
2025-12-15 01:47:33,534 - SmartHomeAI - INFO - [01:47:33] [RUNNING] Track 25 running (456.2 px/s)
2025-12-15 01:47:33,592 - SmartHomeAI - INFO - [01:47:33] [RUNNING] Track 25 running (334.2 px/s)
2025-12-15 01:47:33,893 - SmartHomeAI - INFO - [01:47:33] [RUNNING] Track 20 running (561.3 px/s)
2025-12-15 01:47:33,912 - SmartHomeAI - INFO - [01:47:33] [RUNNING] Track 25 running (356.4 px/s)
2025-12-15 01:47:33,916 - SmartHomeAI - WARNING - [01:47:33] [VIOLENCE] Violence detected near track 16
2025-12-15 01:47:33,916 - SmartHomeAI - WARNING - Sound file not found: data/assets/sounds\alarm.mp3
2025-12-15 01:47:34,465 - SmartHomeAI - INFO - [01:47:34] [RUNNING] Track 20 running (217.9 px/s)
2025-12-15 01:47:34,468 - SmartHomeAI - INFO - [01:47:34] [RUNNING] Track 25 running (484.4 px/s)
2025-12-15 01:47:34,567 - SmartHomeAI - WARNING - [01:47:34] [INTRUSION] Track 7 entered ROI
2025-12-15 01:47:34,568 - SmartHomeAI - WARNING - Sound file not found: data/assets/sounds\alarm.mp3
2025-12-15 01:47:34,570 - SmartHomeAI - INFO - [01:47:34] [RUNNING] Track 7 running (3637.0 px/s)
2025-12-15 01:47:34,574 - SmartHomeAI - INFO - [01:47:34] [RUNNING] Track 25 running (418.5 px/s)
2025-12-15 01:47:34,577 - SmartHomeAI - WARNING - [01:47:34] [VIOLENCE] Violence detected near track 16
2025-12-15 01:47:34,578 - SmartHomeAI - WARNING - Sound file not found: data/assets/sounds\alarm.mp3
2025-12-15 01:47:34,582 - SmartHomeAI - WARNING - [01:47:34] [VIOLENCE] Violence detected near track 20
2025-12-15 01:47:34,582 - SmartHomeAI - WARNING - Sound file not found: data/assets/sounds\alarm.mp3
2025-12-15 01:47:34,666 - SmartHomeAI - INFO - [01:47:34] [RUNNING] Track 25 running (490.2 px/s)
2025-12-15 01:47:34,707 - SmartHomeAI - INFO - [01:47:34] [RUNNING] Track 25 running (478.8 px/s)
2025-12-15 01:47:34,754 - SmartHomeAI - INFO - [01:47:34] [RUNNING] Track 25 running (475.3 px/s)
2025-12-15 01:47:34,851 - SmartHomeAI - INFO - [01:47:34] [RUNNING] Track 25 running (429.2 px/s)
2025-12-15 01:47:34,855 - SmartHomeAI - WARNING - [01:47:34] [VIOLENCE] Violence detected near track 16
2025-12-15 01:47:34,855 - SmartHomeAI - WARNING - Sound file not found: data/assets/sounds\alarm.mp3
2025-12-15 01:47:34,901 - SmartHomeAI - INFO - [01:47:34] [RUNNING] Track 25 running (207.9 px/s)
2025-12-15 01:47:34,948 - SmartHomeAI - INFO - [01:47:34] [RUNNING] Track 25 running (436.9 px/s)
2025-12-15 01:47:34,996 - SmartHomeAI - INFO - [01:47:34] [RUNNING] Track 25 running (435.6 px/s)
2025-12-15 01:47:35,048 - SmartHomeAI - INFO - [01:47:35] [RUNNING] Track 25 running (414.1 px/s)
2025-12-15 01:47:35,215 - SmartHomeAI - INFO - [01:47:35] [RUNNING] Track 25 running (384.3 px/s)
2025-12-15 01:47:35,240 - SmartHomeAI - WARNING - [01:47:35] [VIOLENCE] Violence detected near track 16
2025-12-15 01:47:35,242 - SmartHomeAI - WARNING - Sound file not found: data/assets/sounds\alarm.mp3
2025-12-15 01:47:35,261 - SmartHomeAI - WARNING - [01:47:35] [VIOLENCE] Violence detected near track 7
2025-12-15 01:47:35,278 - SmartHomeAI - WARNING - Sound file not found: data/assets/sounds\alarm.mp3
2025-12-15 01:47:35,297 - SmartHomeAI - WARNING - [01:47:35] [VIOLENCE] Violence detected near track 28
2025-12-15 01:47:35,309 - SmartHomeAI - WARNING - Sound file not found: data/assets/sounds\alarm.mp3
2025-12-15 01:47:35,334 - SmartHomeAI - WARNING - [01:47:35] [VIOLENCE] Violence detected near track 20
2025-12-15 01:47:35,336 - SmartHomeAI - WARNING - Sound file not found: data/assets/sounds\alarm.mp3
2025-12-15 01:47:35,994 - SmartHomeAI - INFO - [01:47:35] [LOITERING] Track 16 loitering (5.1s)
2025-12-15 01:47:35,998 - SmartHomeAI - INFO - [01:47:35] [LOITERING] Track 20 loitering (5.6s)
2025-12-15 01:47:36,004 - SmartHomeAI - WARNING - [01:47:35] [INTRUSION] Track 28 entered ROI
2025-12-15 01:47:36,004 - SmartHomeAI - WARNING - Sound file not found: data/assets/sounds\alarm.mp3
2025-12-15 01:47:36,065 - SmartHomeAI - INFO - Telegram alert sent: [01:47:25] [VIOLENCE] Violence detected near track 8
2025-12-15 01:47:36,081 - SmartHomeAI - WARNING - [01:47:36] [INTRUSION] Track 16 entered ROI
2025-12-15 01:47:36,081 - SmartHomeAI - WARNING - Sound file not found: data/assets/sounds\alarm.mp3
2025-12-15 01:47:36,090 - SmartHomeAI - WARNING - [01:47:36] [INTRUSION] Track 20 entered ROI
2025-12-15 01:47:36,091 - SmartHomeAI - WARNING - Sound file not found: data/assets/sounds\alarm.mp3
2025-12-15 01:47:36,095 - SmartHomeAI - INFO - Telegram alert sent: [01:47:25] [VIOLENCE] Violence detected near track 8
2025-12-15 01:47:36,134 - SmartHomeAI - INFO - Telegram alert sent: [01:47:25] [VIOLENCE] Violence detected near track 7
2025-12-15 01:47:36,174 - SmartHomeAI - WARNING - [01:47:36] [INTRUSION] Track 29 entered ROI
2025-12-15 01:47:36,174 - SmartHomeAI - WARNING - Sound file not found: data/assets/sounds\alarm.mp3
2025-12-15 01:47:36,188 - SmartHomeAI - INFO - Telegram alert sent: [01:47:28] [VIOLENCE] Violence detected near track 16
2025-12-15 01:47:36,273 - SmartHomeAI - INFO - Telegram alert sent: [01:47:27] [VIOLENCE] Violence detected near track 16
2025-12-15 01:47:36,295 - SmartHomeAI - WARNING - [01:47:36] [VIOLENCE] Violence detected near track 16
2025-12-15 01:47:36,297 - SmartHomeAI - WARNING - Sound file not found: data/assets/sounds\alarm.mp3
2025-12-15 01:47:36,319 - SmartHomeAI - WARNING - [01:47:36] [VIOLENCE] Violence detected near track 28
2025-12-15 01:47:36,329 - SmartHomeAI - WARNING - Sound file not found: data/assets/sounds\alarm.mp3
2025-12-15 01:47:36,336 - SmartHomeAI - INFO - Telegram alert sent: [01:47:27] [VIOLENCE] Violence detected near track 16
2025-12-15 01:47:36,345 - SmartHomeAI - INFO - Telegram alert sent: [01:47:27] [VIOLENCE] Violence detected near track 8
2025-12-15 01:47:36,434 - SmartHomeAI - INFO - Telegram alert sent: [01:47:27] [VIOLENCE] Violence detected near track 16
2025-12-15 01:47:36,468 - SmartHomeAI - INFO - Telegram alert sent: [01:47:27] [VIOLENCE] Violence detected near track 16
2025-12-15 01:47:36,491 - SmartHomeAI - INFO - Telegram alert sent: [01:47:28] [LOITERING] Track 1 loitering (5.0s)
2025-12-15 01:47:36,514 - SmartHomeAI - INFO - Telegram alert sent: [01:47:28] [INTRUSION] Track 7 entered ROI
2025-12-15 01:47:36,574 - SmartHomeAI - INFO - Telegram alert sent: [01:47:28] [VIOLENCE] Violence detected near track 16
2025-12-15 01:47:38,108 - SmartHomeAI - INFO - [01:47:38] [RUNNING] Track 27 running (1023.1 px/s)
2025-12-15 01:47:38,406 - SmartHomeAI - INFO - [01:47:38] [LOITERING] Track 27 loitering (5.1s)
2025-12-15 01:47:38,462 - SmartHomeAI - WARNING - [01:47:38] [INTRUSION] Track 27 entered ROI
2025-12-15 01:47:38,462 - SmartHomeAI - WARNING - Sound file not found: data/assets/sounds\alarm.mp3
2025-12-15 01:47:38,513 - SmartHomeAI - WARNING - [01:47:38] [INTRUSION] Track 30 entered ROI
2025-12-15 01:47:38,513 - SmartHomeAI - WARNING - Sound file not found: data/assets/sounds\alarm.mp3
2025-12-15 01:47:38,641 - SmartHomeAI - WARNING - [01:47:38] [VIOLENCE] Violence detected near track 16
2025-12-15 01:47:38,641 - SmartHomeAI - WARNING - Sound file not found: data/assets/sounds\alarm.mp3
2025-12-15 01:47:38,758 - SmartHomeAI - INFO - [01:47:38] [RUNNING] Track 16 running (241.3 px/s)
2025-12-15 01:47:38,903 - SmartHomeAI - INFO - [01:47:38] [RUNNING] Track 27 running (882.4 px/s)
2025-12-15 01:47:39,022 - SmartHomeAI - INFO - [01:47:38] [RUNNING] Track 30 running (360.3 px/s)
2025-12-15 01:47:39,115 - SmartHomeAI - WARNING - [01:47:39] [VIOLENCE] Violence detected near track 16
2025-12-15 01:47:39,115 - SmartHomeAI - WARNING - Sound file not found: data/assets/sounds\alarm.mp3
2025-12-15 01:47:39,121 - SmartHomeAI - WARNING - [01:47:39] [VIOLENCE] Violence detected near track 28
2025-12-15 01:47:39,121 - SmartHomeAI - WARNING - Sound file not found: data/assets/sounds\alarm.mp3
2025-12-15 01:47:39,125 - SmartHomeAI - WARNING - [01:47:39] [VIOLENCE] Violence detected near track 27
2025-12-15 01:47:39,125 - SmartHomeAI - WARNING - Sound file not found: data/assets/sounds\alarm.mp3
2025-12-15 01:47:39,127 - SmartHomeAI - WARNING - [01:47:39] [VIOLENCE] Violence detected near track 28
2025-12-15 01:47:39,127 - SmartHomeAI - WARNING - Sound file not found: data/assets/sounds\alarm.mp3
2025-12-15 01:47:39,386 - SmartHomeAI - WARNING - [01:47:39] [VIOLENCE] Violence detected near track 27
2025-12-15 01:47:39,387 - SmartHomeAI - WARNING - Sound file not found: data/assets/sounds\alarm.mp3
2025-12-15 01:47:39,390 - SmartHomeAI - WARNING - [01:47:39] [VIOLENCE] Violence detected near track 16
2025-12-15 01:47:39,390 - SmartHomeAI - WARNING - Sound file not found: data/assets/sounds\alarm.mp3
2025-12-15 01:47:39,393 - SmartHomeAI - WARNING - [01:47:39] [VIOLENCE] Violence detected near track 28
2025-12-15 01:47:39,394 - SmartHomeAI - WARNING - Sound file not found: data/assets/sounds\alarm.mp3
2025-12-15 01:47:39,652 - SmartHomeAI - WARNING - [01:47:39] [VIOLENCE] Violence detected near track 16
2025-12-15 01:47:39,653 - SmartHomeAI - WARNING - Sound file not found: data/assets/sounds\alarm.mp3
2025-12-15 01:47:39,655 - SmartHomeAI - WARNING - [01:47:39] [VIOLENCE] Violence detected near track 28
2025-12-15 01:47:39,656 - SmartHomeAI - WARNING - Sound file not found: data/assets/sounds\alarm.mp3
2025-12-15 01:47:39,660 - SmartHomeAI - WARNING - [01:47:39] [VIOLENCE] Violence detected near track 27
2025-12-15 01:47:39,660 - SmartHomeAI - WARNING - Sound file not found: data/assets/sounds\alarm.mp3
2025-12-15 01:47:39,937 - SmartHomeAI - WARNING - [01:47:39] [VIOLENCE] Violence detected near track 16
2025-12-15 01:47:39,941 - SmartHomeAI - WARNING - Sound file not found: data/assets/sounds\alarm.mp3
2025-12-15 01:47:39,966 - SmartHomeAI - WARNING - [01:47:39] [VIOLENCE] Violence detected near track 27
2025-12-15 01:47:39,967 - SmartHomeAI - WARNING - Sound file not found: data/assets/sounds\alarm.mp3
2025-12-15 01:47:40,334 - SmartHomeAI - WARNING - [01:47:40] [VIOLENCE] Violence detected near track 27
2025-12-15 01:47:40,334 - SmartHomeAI - WARNING - Sound file not found: data/assets/sounds\alarm.mp3
2025-12-15 01:47:40,338 - SmartHomeAI - WARNING - [01:47:40] [VIOLENCE] Violence detected near track 16
2025-12-15 01:47:40,338 - SmartHomeAI - WARNING - Sound file not found: data/assets/sounds\alarm.mp3
2025-12-15 01:47:40,618 - SmartHomeAI - WARNING - [01:47:40] [VIOLENCE] Violence detected near track 27
2025-12-15 01:47:40,618 - SmartHomeAI - WARNING - Sound file not found: data/assets/sounds\alarm.mp3
2025-12-15 01:47:41,037 - SmartHomeAI - INFO - [01:47:40] [RUNNING] Track 30 running (260.8 px/s)
2025-12-15 01:47:41,361 - SmartHomeAI - WARNING - [01:47:40] [VIOLENCE] Violence detected near track 27
2025-12-15 01:47:41,392 - SmartHomeAI - WARNING - Sound file not found: data/assets/sounds\alarm.mp3
2025-12-15 01:47:42,376 - SmartHomeAI - INFO - Telegram alert sent: [01:47:28] [INTRUSION] Track 8 entered ROI
2025-12-15 01:47:44,446 - SmartHomeAI - INFO - [01:47:42] [LOITERING] Track 16 loitering (6.8s)
2025-12-15 01:47:46,221 - SmartHomeAI - INFO - Telegram alert sent: [01:47:28] [LOITERING] Track 8 loitering (5.0s)
2025-12-15 01:47:46,428 - SmartHomeAI - INFO - Telegram alert sent: [01:47:28] [VIOLENCE] Violence detected near track 16
2025-12-15 01:47:46,455 - SmartHomeAI - INFO - Telegram alert sent: [01:47:28] [VIOLENCE] Violence detected near track 16
2025-12-15 01:47:46,515 - SmartHomeAI - INFO - Telegram alert sent: [01:47:28] [INTRUSION] Track 1 entered ROI
2025-12-15 01:47:46,520 - SmartHomeAI - INFO - Telegram alert sent: [01:47:28] [VIOLENCE] Violence detected near track 19
2025-12-15 01:47:46,550 - SmartHomeAI - INFO - Telegram alert sent: [01:47:28] [RUNNING] Track 13 running (247.7 px/s)
2025-12-15 01:47:46,586 - SmartHomeAI - INFO - Telegram alert sent: [01:47:29] [VIOLENCE] Violence detected near track 7
2025-12-15 01:47:46,629 - SmartHomeAI - INFO - Telegram alert sent: [01:47:29] [VIOLENCE] Violence detected near track 16
2025-12-15 01:47:46,641 - SmartHomeAI - INFO - Telegram alert sent: [01:47:29] [VIOLENCE] Violence detected near track 7
2025-12-15 01:47:46,685 - SmartHomeAI - INFO - Telegram alert sent: [01:47:29] [VIOLENCE] Violence detected near track 16
2025-12-15 01:47:46,768 - SmartHomeAI - INFO - Telegram alert sent: [01:47:29] [LOITERING] Track 13 loitering (5.1s)
2025-12-15 01:47:46,833 - SmartHomeAI - INFO - Telegram alert sent: [01:47:29] [INTRUSION] Track 13 entered ROI
2025-12-15 01:47:46,862 - SmartHomeAI - INFO - Telegram alert sent: [01:47:29] [VIOLENCE] Violence detected near track 1
2025-12-15 01:47:46,894 - SmartHomeAI - INFO - Telegram alert sent: [01:47:29] [VIOLENCE] Violence detected near track 13
2025-12-15 01:47:46,917 - SmartHomeAI - INFO - Telegram alert sent: [01:47:29] [RUNNING] Track 20 running (393.1 px/s)
2025-12-15 01:47:46,966 - SmartHomeAI - INFO - Telegram alert sent: [01:47:29] [VIOLENCE] Violence detected near track 7
2025-12-15 01:47:47,047 - SmartHomeAI - INFO - Telegram alert sent: [01:47:30] [VIOLENCE] Violence detected near track 7
2025-12-15 01:47:47,118 - SmartHomeAI - INFO - Telegram alert sent: [01:47:32] [RUNNING] Track 25 running (409.8 px/s)
2025-12-15 01:47:47,187 - SmartHomeAI - INFO - Telegram alert sent: [01:47:31] [VIOLENCE] Violence detected near track 16
2025-12-15 01:47:47,215 - SmartHomeAI - INFO - Telegram alert sent: [01:47:31] [INTRUSION] Track 25 entered ROI
2025-12-15 01:47:47,308 - SmartHomeAI - INFO - Telegram alert sent: [01:47:32] [VIOLENCE] Violence detected near track 16
2025-12-15 01:47:47,352 - SmartHomeAI - WARNING - [01:47:44] [INTRUSION] Track 16 entered ROI
2025-12-15 01:47:47,376 - SmartHomeAI - INFO - Telegram alert sent: [01:47:33] [RUNNING] Track 25 running (334.2 px/s)
2025-12-15 01:47:47,377 - SmartHomeAI - WARNING - Sound file not found: data/assets/sounds\alarm.mp3
2025-12-15 01:47:47,382 - SmartHomeAI - INFO - [01:47:44] [LOITERING] Track 27 loitering (6.5s)
2025-12-15 01:47:47,411 - SmartHomeAI - INFO - Telegram alert sent: [01:47:33] [RUNNING] Track 25 running (419.2 px/s)
2025-12-15 01:47:47,479 - SmartHomeAI - INFO - Telegram alert sent: [01:47:31] [RUNNING] Track 16 running (244.4 px/s)
2025-12-15 01:47:47,524 - SmartHomeAI - INFO - [01:47:44] [LOITERING] Track 30 loitering (6.4s)
2025-12-15 01:47:47,545 - SmartHomeAI - INFO - Telegram alert sent: [01:47:30] [RUNNING] Track 13 running (1132.6 px/s)
2025-12-15 01:47:47,593 - SmartHomeAI - INFO - Telegram alert sent: [01:47:33] [RUNNING] Track 20 running (561.3 px/s)
2025-12-15 01:47:47,616 - SmartHomeAI - INFO - Telegram alert sent: [01:47:33] [RUNNING] Track 25 running (470.0 px/s)
2025-12-15 01:47:48,922 - SmartHomeAI - WARNING - [01:47:47] [INTRUSION] Track 27 entered ROI
2025-12-15 01:47:48,922 - SmartHomeAI - WARNING - Sound file not found: data/assets/sounds\alarm.mp3
2025-12-15 01:47:48,952 - SmartHomeAI - WARNING - [01:47:47] [INTRUSION] Track 30 entered ROI
2025-12-15 01:47:48,953 - SmartHomeAI - WARNING - Sound file not found: data/assets/sounds\alarm.mp3
2025-12-15 01:47:49,679 - SmartHomeAI - WARNING - [01:47:49] [VIOLENCE] Violence detected near track 27
2025-12-15 01:47:49,680 - SmartHomeAI - WARNING - Sound file not found: data/assets/sounds\alarm.mp3
2025-12-15 01:47:49,795 - SmartHomeAI - WARNING - [01:47:49] [INTRUSION] Track 39 entered ROI
2025-12-15 01:47:49,796 - SmartHomeAI - WARNING - Sound file not found: data/assets/sounds\alarm.mp3
2025-12-15 01:47:50,024 - SmartHomeAI - INFO - [01:47:49] [LOITERING] Track 16 loitering (5.0s)
2025-12-15 01:47:50,028 - SmartHomeAI - WARNING - [01:47:49] [VIOLENCE] Violence detected near track 39
2025-12-15 01:47:50,028 - SmartHomeAI - WARNING - Sound file not found: data/assets/sounds\alarm.mp3
2025-12-15 01:47:50,085 - SmartHomeAI - WARNING - [01:47:50] [INTRUSION] Track 16 entered ROI
2025-12-15 01:47:50,086 - SmartHomeAI - WARNING - Sound file not found: data/assets/sounds\alarm.mp3
2025-12-15 01:47:50,248 - SmartHomeAI - WARNING - [01:47:50] [INTRUSION] Track 1 entered ROI
2025-12-15 01:47:50,249 - SmartHomeAI - WARNING - Sound file not found: data/assets/sounds\alarm.mp3
2025-12-15 01:47:50,252 - SmartHomeAI - WARNING - [01:47:50] [INTRUSION] Track 31 entered ROI
2025-12-15 01:47:50,253 - SmartHomeAI - WARNING - Sound file not found: data/assets/sounds\alarm.mp3
2025-12-15 01:47:50,255 - SmartHomeAI - INFO - [01:47:50] [RUNNING] Track 27 running (323.3 px/s)
2025-12-15 01:47:50,407 - SmartHomeAI - WARNING - [01:47:50] [INTRUSION] Track 41 entered ROI
2025-12-15 01:47:50,407 - SmartHomeAI - WARNING - Sound file not found: data/assets/sounds\alarm.mp3
2025-12-15 01:47:50,411 - SmartHomeAI - INFO - [01:47:50] [RUNNING] Track 31 running (479.3 px/s)
2025-12-15 01:47:50,544 - SmartHomeAI - INFO - [01:47:50] [RUNNING] Track 39 running (369.1 px/s)
2025-12-15 01:47:50,647 - SmartHomeAI - WARNING - [01:47:50] [VIOLENCE] Violence detected near track 41
2025-12-15 01:47:50,647 - SmartHomeAI - WARNING - Sound file not found: data/assets/sounds\alarm.mp3
2025-12-15 01:47:50,651 - SmartHomeAI - WARNING - [01:47:50] [VIOLENCE] Violence detected near track 27
2025-12-15 01:47:50,652 - SmartHomeAI - WARNING - Sound file not found: data/assets/sounds\alarm.mp3
2025-12-15 01:47:50,659 - SmartHomeAI - WARNING - [01:47:50] [VIOLENCE] Violence detected near track 31
2025-12-15 01:47:50,660 - SmartHomeAI - WARNING - Sound file not found: data/assets/sounds\alarm.mp3
2025-12-15 01:47:50,663 - SmartHomeAI - WARNING - [01:47:50] [VIOLENCE] Violence detected near track 39
2025-12-15 01:47:50,663 - SmartHomeAI - WARNING - Sound file not found: data/assets/sounds\alarm.mp3
2025-12-15 01:47:50,720 - SmartHomeAI - INFO - [01:47:50] [RUNNING] Track 16 running (1423.2 px/s)
2025-12-15 01:47:51,182 - SmartHomeAI - WARNING - [01:47:50] [VIOLENCE] Violence detected near track 16
2025-12-15 01:47:51,183 - SmartHomeAI - WARNING - Sound file not found: data/assets/sounds\alarm.mp3
2025-12-15 01:47:51,196 - SmartHomeAI - WARNING - [01:47:50] [VIOLENCE] Violence detected near track 39
2025-12-15 01:47:51,197 - SmartHomeAI - WARNING - Sound file not found: data/assets/sounds\alarm.mp3
2025-12-15 01:47:51,200 - SmartHomeAI - WARNING - [01:47:50] [VIOLENCE] Violence detected near track 41
2025-12-15 01:47:51,200 - SmartHomeAI - WARNING - Sound file not found: data/assets/sounds\alarm.mp3
2025-12-15 01:47:51,863 - SmartHomeAI - INFO - Telegram alert sent: [01:47:30] [VIOLENCE] Violence detected near track 16
2025-12-15 01:47:51,892 - SmartHomeAI - INFO - Telegram alert sent: [01:47:33] [RUNNING] Track 25 running (456.2 px/s)
2025-12-15 01:47:51,934 - SmartHomeAI - INFO - Telegram alert sent: [01:47:33] [RUNNING] Track 25 running (540.4 px/s)
2025-12-15 01:47:52,030 - SmartHomeAI - INFO - Telegram alert sent: [01:47:30] [INTRUSION] Track 20 entered ROI
2025-12-15 01:47:52,033 - SmartHomeAI - WARNING - [01:47:51] [INTRUSION] Track 42 entered ROI
2025-12-15 01:47:52,033 - SmartHomeAI - WARNING - Sound file not found: data/assets/sounds\alarm.mp3
2025-12-15 01:47:52,066 - SmartHomeAI - INFO - Telegram alert sent: [01:47:31] [RUNNING] Track 25 running (434.9 px/s)
2025-12-15 01:47:52,106 - SmartHomeAI - INFO - Telegram alert sent: [01:47:31] [VIOLENCE] Violence detected near track 16
2025-12-15 01:47:52,135 - SmartHomeAI - INFO - Telegram alert sent: [01:47:33] [RUNNING] Track 25 running (207.3 px/s)
2025-12-15 01:47:52,169 - SmartHomeAI - INFO - Telegram alert sent: [01:47:32] [RUNNING] Track 25 running (482.8 px/s)
2025-12-15 01:47:52,215 - SmartHomeAI - INFO - Telegram alert sent: [01:47:33] [RUNNING] Track 25 running (449.4 px/s)
2025-12-15 01:47:52,231 - SmartHomeAI - INFO - Telegram alert sent: [01:47:30] [VIOLENCE] Violence detected near track 16
2025-12-15 01:47:52,235 - SmartHomeAI - WARNING - [01:47:52] [VIOLENCE] Violence detected near track 16
2025-12-15 01:47:52,235 - SmartHomeAI - WARNING - Sound file not found: data/assets/sounds\alarm.mp3
2025-12-15 01:47:52,238 - SmartHomeAI - WARNING - [01:47:52] [VIOLENCE] Violence detected near track 39
2025-12-15 01:47:52,238 - SmartHomeAI - WARNING - Sound file not found: data/assets/sounds\alarm.mp3
2025-12-15 01:47:52,242 - SmartHomeAI - WARNING - [01:47:52] [VIOLENCE] Violence detected near track 1
2025-12-15 01:47:52,242 - SmartHomeAI - WARNING - Sound file not found: data/assets/sounds\alarm.mp3
2025-12-15 01:47:52,258 - SmartHomeAI - INFO - Telegram alert sent: [01:47:30] [INTRUSION] Track 16 entered ROI
2025-12-15 01:47:52,334 - SmartHomeAI - INFO - Telegram alert sent: [01:47:33] [INTRUSION] Track 27 entered ROI
2025-12-15 01:47:52,368 - SmartHomeAI - INFO - Telegram alert sent: [01:47:33] [VIOLENCE] Violence detected near track 16
2025-12-15 01:47:52,418 - SmartHomeAI - INFO - Telegram alert sent: [01:47:30] [RUNNING] Track 1 running (1776.2 px/s)
2025-12-15 01:47:52,453 - SmartHomeAI - INFO - Telegram alert sent: [01:47:31] [VIOLENCE] Violence detected near track 25
2025-12-15 01:47:52,506 - SmartHomeAI - INFO - Telegram alert sent: [01:47:31] [RUNNING] Track 25 running (290.4 px/s)
2025-12-15 01:47:53,522 - SmartHomeAI - INFO - [01:47:53] [LOITERING] Track 27 loitering (5.3s)
2025-12-15 01:47:53,527 - SmartHomeAI - WARNING - [01:47:53] [VIOLENCE] Violence detected near track 1
2025-12-15 01:47:53,528 - SmartHomeAI - WARNING - Sound file not found: data/assets/sounds\alarm.mp3
2025-12-15 01:47:53,708 - SmartHomeAI - WARNING - [01:47:53] [INTRUSION] Track 27 entered ROI
2025-12-15 01:47:53,709 - SmartHomeAI - WARNING - Sound file not found: data/assets/sounds\alarm.mp3
2025-12-15 01:47:54,000 - SmartHomeAI - WARNING - [01:47:53] [INTRUSION] Track 44 entered ROI
2025-12-15 01:47:54,000 - SmartHomeAI - WARNING - Sound file not found: data/assets/sounds\alarm.mp3
2025-12-15 01:47:54,233 - SmartHomeAI - WARNING - [01:47:54] [VIOLENCE] Violence detected near track 39
2025-12-15 01:47:54,233 - SmartHomeAI - WARNING - Sound file not found: data/assets/sounds\alarm.mp3
2025-12-15 01:47:54,237 - SmartHomeAI - WARNING - [01:47:54] [VIOLENCE] Violence detected near track 16
2025-12-15 01:47:54,237 - SmartHomeAI - WARNING - Sound file not found: data/assets/sounds\alarm.mp3
2025-12-15 01:47:54,240 - SmartHomeAI - WARNING - [01:47:54] [VIOLENCE] Violence detected near track 41
2025-12-15 01:47:54,240 - SmartHomeAI - WARNING - Sound file not found: data/assets/sounds\alarm.mp3
2025-12-15 01:47:54,244 - SmartHomeAI - WARNING - [01:47:54] [VIOLENCE] Violence detected near track 42
2025-12-15 01:47:54,244 - SmartHomeAI - WARNING - Sound file not found: data/assets/sounds\alarm.mp3
2025-12-15 01:47:54,247 - SmartHomeAI - WARNING - [01:47:54] [VIOLENCE] Violence detected near track 16
2025-12-15 01:47:54,247 - SmartHomeAI - WARNING - Sound file not found: data/assets/sounds\alarm.mp3
2025-12-15 01:47:54,251 - SmartHomeAI - WARNING - [01:47:54] [VIOLENCE] Violence detected near track 27
2025-12-15 01:47:54,251 - SmartHomeAI - WARNING - Sound file not found: data/assets/sounds\alarm.mp3
2025-12-15 01:47:54,255 - SmartHomeAI - WARNING - [01:47:54] [VIOLENCE] Violence detected near track 44
2025-12-15 01:47:54,255 - SmartHomeAI - WARNING - Sound file not found: data/assets/sounds\alarm.mp3
2025-12-15 01:47:54,305 - SmartHomeAI - WARNING - [01:47:54] [INTRUSION] Track 31 entered ROI
2025-12-15 01:47:54,305 - SmartHomeAI - WARNING - Sound file not found: data/assets/sounds\alarm.mp3
2025-12-15 01:47:54,553 - SmartHomeAI - WARNING - [01:47:54] [VIOLENCE] Violence detected near track 39
2025-12-15 01:47:54,553 - SmartHomeAI - WARNING - Sound file not found: data/assets/sounds\alarm.mp3
2025-12-15 01:47:54,556 - SmartHomeAI - WARNING - [01:47:54] [VIOLENCE] Violence detected near track 16
2025-12-15 01:47:54,556 - SmartHomeAI - WARNING - Sound file not found: data/assets/sounds\alarm.mp3
2025-12-15 01:47:54,560 - SmartHomeAI - WARNING - [01:47:54] [VIOLENCE] Violence detected near track 27
2025-12-15 01:47:54,560 - SmartHomeAI - WARNING - Sound file not found: data/assets/sounds\alarm.mp3
2025-12-15 01:47:54,564 - SmartHomeAI - WARNING - [01:47:54] [VIOLENCE] Violence detected near track 41
2025-12-15 01:47:54,564 - SmartHomeAI - WARNING - Sound file not found: data/assets/sounds\alarm.mp3
2025-12-15 01:47:54,567 - SmartHomeAI - WARNING - [01:47:54] [VIOLENCE] Violence detected near track 42
2025-12-15 01:47:54,567 - SmartHomeAI - WARNING - Sound file not found: data/assets/sounds\alarm.mp3
2025-12-15 01:47:55,362 - SmartHomeAI - INFO - [01:47:54] [LOITERING] Track 39 loitering (5.0s)
2025-12-15 01:47:55,627 - SmartHomeAI - INFO - [01:47:55] [LOITERING] Track 1 loitering (5.2s)
2025-12-15 01:47:55,630 - SmartHomeAI - INFO - [01:47:55] [LOITERING] Track 16 loitering (5.3s)
2025-12-15 01:47:55,634 - SmartHomeAI - WARNING - [01:47:55] [INTRUSION] Track 39 entered ROI
2025-12-15 01:47:55,634 - SmartHomeAI - WARNING - Sound file not found: data/assets/sounds\alarm.mp3
2025-12-15 01:47:55,637 - SmartHomeAI - INFO - [01:47:55] [LOITERING] Track 41 loitering (5.0s)
2025-12-15 01:47:55,641 - SmartHomeAI - WARNING - [01:47:55] [VIOLENCE] Violence detected near track 27
2025-12-15 01:47:55,642 - SmartHomeAI - WARNING - Sound file not found: data/assets/sounds\alarm.mp3
2025-12-15 01:47:55,649 - SmartHomeAI - WARNING - [01:47:55] [VIOLENCE] Violence detected near track 31
2025-12-15 01:47:55,649 - SmartHomeAI - WARNING - Sound file not found: data/assets/sounds\alarm.mp3
2025-12-15 01:47:55,653 - SmartHomeAI - WARNING - [01:47:55] [VIOLENCE] Violence detected near track 39
2025-12-15 01:47:55,653 - SmartHomeAI - WARNING - Sound file not found: data/assets/sounds\alarm.mp3
2025-12-15 01:47:55,729 - SmartHomeAI - WARNING - [01:47:55] [INTRUSION] Track 1 entered ROI
2025-12-15 01:47:55,729 - SmartHomeAI - WARNING - Sound file not found: data/assets/sounds\alarm.mp3
2025-12-15 01:47:55,734 - SmartHomeAI - WARNING - [01:47:55] [INTRUSION] Track 16 entered ROI
2025-12-15 01:47:55,735 - SmartHomeAI - WARNING - Sound file not found: data/assets/sounds\alarm.mp3
2025-12-15 01:47:55,738 - SmartHomeAI - WARNING - [01:47:55] [INTRUSION] Track 41 entered ROI
2025-12-15 01:47:55,741 - SmartHomeAI - WARNING - Sound file not found: data/assets/sounds\alarm.mp3
2025-12-15 01:47:55,843 - SmartHomeAI - WARNING - [01:47:55] [INTRUSION] Track 46 entered ROI
2025-12-15 01:47:55,843 - SmartHomeAI - WARNING - Sound file not found: data/assets/sounds\alarm.mp3
2025-12-15 01:47:55,996 - SmartHomeAI - WARNING - [01:47:55] [VIOLENCE] Violence detected near track 39
2025-12-15 01:47:56,023 - SmartHomeAI - WARNING - Sound file not found: data/assets/sounds\alarm.mp3
2025-12-15 01:47:56,027 - SmartHomeAI - WARNING - [01:47:55] [VIOLENCE] Violence detected near track 27
2025-12-15 01:47:56,043 - SmartHomeAI - WARNING - Sound file not found: data/assets/sounds\alarm.mp3
2025-12-15 01:47:56,061 - SmartHomeAI - WARNING - [01:47:55] [VIOLENCE] Violence detected near track 44
2025-12-15 01:47:56,077 - SmartHomeAI - WARNING - Sound file not found: data/assets/sounds\alarm.mp3
2025-12-15 01:47:56,100 - SmartHomeAI - WARNING - [01:47:55] [VIOLENCE] Violence detected near track 46
2025-12-15 01:47:56,106 - SmartHomeAI - WARNING - Sound file not found: data/assets/sounds\alarm.mp3
2025-12-15 01:47:56,667 - SmartHomeAI - INFO - Telegram alert sent: [01:47:38] [LOITERING] Track 27 loitering (5.1s)
2025-12-15 01:47:56,669 - SmartHomeAI - INFO - Telegram alert sent: [01:47:39] [VIOLENCE] Violence detected near track 28
2025-12-15 01:47:56,672 - SmartHomeAI - INFO - Telegram alert sent: [01:47:38] [INTRUSION] Track 27 entered ROI
2025-12-15 01:47:56,674 - SmartHomeAI - INFO - Telegram alert sent: [01:47:34] [RUNNING] Track 25 running (490.2 px/s)
2025-12-15 01:47:56,676 - SmartHomeAI - INFO - Telegram alert sent: [01:47:34] [VIOLENCE] Violence detected near track 20
2025-12-15 01:47:56,679 - SmartHomeAI - INFO - Telegram alert sent: [01:47:34] [RUNNING] Track 25 running (435.6 px/s)
2025-12-15 01:47:56,681 - SmartHomeAI - INFO - Telegram alert sent: [01:47:35] [INTRUSION] Track 28 entered ROI
2025-12-15 01:47:56,684 - SmartHomeAI - INFO - Telegram alert sent: [01:47:39] [VIOLENCE] Violence detected near track 16
2025-12-15 01:47:56,686 - SmartHomeAI - INFO - Telegram alert sent: [01:47:33] [RUNNING] Track 25 running (525.6 px/s)
2025-12-15 01:47:56,688 - SmartHomeAI - INFO - Telegram alert sent: [01:47:33] [VIOLENCE] Violence detected near track 16
2025-12-15 01:47:56,690 - SmartHomeAI - INFO - Telegram alert sent: [01:47:39] [VIOLENCE] Violence detected near track 27
2025-12-15 01:47:56,692 - SmartHomeAI - INFO - Telegram alert sent: [01:47:35] [RUNNING] Track 25 running (414.1 px/s)
2025-12-15 01:47:56,695 - SmartHomeAI - INFO - Telegram alert sent: [01:47:39] [VIOLENCE] Violence detected near track 27
2025-12-15 01:47:56,697 - SmartHomeAI - INFO - Telegram alert sent: [01:47:35] [LOITERING] Track 20 loitering (5.6s)
2025-12-15 01:47:56,699 - SmartHomeAI - INFO - Telegram alert sent: [01:47:29] [VIOLENCE] Violence detected near track 16
2025-12-15 01:47:56,702 - SmartHomeAI - INFO - Telegram alert sent: [01:47:40] [VIOLENCE] Violence detected near track 27
2025-12-15 01:47:56,705 - SmartHomeAI - INFO - Telegram alert sent: [01:47:35] [LOITERING] Track 16 loitering (5.1s)
2025-12-15 01:47:56,708 - SmartHomeAI - INFO - Telegram alert sent: [01:47:36] [VIOLENCE] Violence detected near track 28
2025-12-15 01:47:56,712 - SmartHomeAI - INFO - Telegram alert sent: [01:47:31] [RUNNING] Track 25 running (385.8 px/s)
2025-12-15 01:47:56,717 - SmartHomeAI - INFO - Telegram alert sent: [01:47:34] [RUNNING] Track 25 running (207.9 px/s)
2025-12-15 01:47:56,735 - SmartHomeAI - INFO - Telegram alert sent: [01:47:33] [VIOLENCE] Violence detected near track 16
2025-12-15 01:47:56,741 - SmartHomeAI - INFO - Telegram alert sent: [01:47:38] [RUNNING] Track 27 running (882.4 px/s)
2025-12-15 01:47:56,744 - SmartHomeAI - INFO - Telegram alert sent: [01:47:39] [VIOLENCE] Violence detected near track 16
2025-12-15 01:47:56,746 - SmartHomeAI - INFO - Telegram alert sent: [01:47:35] [VIOLENCE] Violence detected near track 28
2025-12-15 01:47:56,748 - SmartHomeAI - INFO - Telegram alert sent: [01:47:30] [VIOLENCE] Violence detected near track 20
2025-12-15 01:47:56,750 - SmartHomeAI - INFO - Telegram alert sent: [01:47:38] [RUNNING] Track 16 running (241.3 px/s)
2025-12-15 01:47:56,752 - SmartHomeAI - INFO - Telegram alert sent: [01:47:35] [VIOLENCE] Violence detected near track 7
2025-12-15 01:47:56,754 - SmartHomeAI - INFO - Telegram alert sent: [01:47:39] [VIOLENCE] Violence detected near track 28
2025-12-15 01:47:56,756 - SmartHomeAI - INFO - Telegram alert sent: [01:47:40] [VIOLENCE] Violence detected near track 27
2025-12-15 01:47:56,761 - SmartHomeAI - INFO - Telegram alert sent: [01:47:38] [RUNNING] Track 30 running (360.3 px/s)
2025-12-15 01:47:56,764 - SmartHomeAI - INFO - Telegram alert sent: [01:47:39] [VIOLENCE] Violence detected near track 16
2025-12-15 01:47:56,767 - SmartHomeAI - INFO - Telegram alert sent: [01:47:34] [RUNNING] Track 25 running (418.5 px/s)
2025-12-15 01:47:56,769 - SmartHomeAI - INFO - Telegram alert sent: [01:47:38] [RUNNING] Track 27 running (1023.1 px/s)
2025-12-15 01:47:56,771 - SmartHomeAI - INFO - Telegram alert sent: [01:47:35] [VIOLENCE] Violence detected near track 20
2025-12-15 01:47:56,775 - SmartHomeAI - INFO - Telegram alert sent: [01:47:34] [RUNNING] Track 25 running (436.9 px/s)
2025-12-15 01:47:56,783 - SmartHomeAI - INFO - Telegram alert sent: [01:47:39] [VIOLENCE] Violence detected near track 16
2025-12-15 01:47:56,785 - SmartHomeAI - INFO - Telegram alert sent: [01:47:39] [VIOLENCE] Violence detected near track 28
2025-12-15 01:47:56,787 - SmartHomeAI - INFO - Telegram alert sent: [01:47:34] [VIOLENCE] Violence detected near track 16
2025-12-15 01:47:56,790 - SmartHomeAI - INFO - Telegram alert sent: [01:47:40] [VIOLENCE] Violence detected near track 16
2025-12-15 01:47:56,797 - SmartHomeAI - INFO - Telegram alert sent: [01:47:30] [LOITERING] Track 16 loitering (5.0s)
2025-12-15 01:47:56,799 - SmartHomeAI - INFO - Telegram alert sent: [01:47:31] [RUNNING] Track 25 running (376.1 px/s)
2025-12-15 01:47:56,801 - SmartHomeAI - INFO - Telegram alert sent: [01:47:39] [VIOLENCE] Violence detected near track 27
2025-12-15 01:47:56,806 - SmartHomeAI - INFO - Telegram alert sent: [01:47:33] [RUNNING] Track 25 running (356.4 px/s)
2025-12-15 01:47:56,808 - SmartHomeAI - INFO - Telegram alert sent: [01:47:30] [VIOLENCE] Violence detected near track 16
2025-12-15 01:47:56,817 - SmartHomeAI - INFO - Telegram alert sent: [01:47:34] [VIOLENCE] Violence detected near track 16
2025-12-15 01:47:56,823 - SmartHomeAI - INFO - Telegram alert sent: [01:47:31] [RUNNING] Track 25 running (222.8 px/s)
2025-12-15 01:47:56,825 - SmartHomeAI - INFO - Telegram alert sent: [01:47:35] [VIOLENCE] Violence detected near track 16
2025-12-15 01:47:56,836 - SmartHomeAI - INFO - Telegram alert sent: [01:47:38] [VIOLENCE] Violence detected near track 16
2025-12-15 01:47:56,842 - SmartHomeAI - INFO - Telegram alert sent: [01:47:39] [VIOLENCE] Violence detected near track 28
2025-12-15 01:47:56,849 - SmartHomeAI - INFO - Telegram alert sent: [01:47:36] [VIOLENCE] Violence detected near track 16
2025-12-15 01:47:56,867 - SmartHomeAI - INFO - Telegram alert sent: [01:47:33] [RUNNING] Track 25 running (509.2 px/s)
2025-12-15 01:47:56,869 - SmartHomeAI - INFO - Telegram alert sent: [01:47:34] [RUNNING] Track 7 running (3637.0 px/s)
2025-12-15 01:47:56,875 - SmartHomeAI - INFO - Telegram alert sent: [01:47:30] [VIOLENCE] Violence detected near track 7
2025-12-15 01:47:56,883 - SmartHomeAI - INFO - Telegram alert sent: [01:47:39] [VIOLENCE] Violence detected near track 27
2025-12-15 01:47:56,885 - SmartHomeAI - INFO - Telegram alert sent: [01:47:35] [RUNNING] Track 25 running (384.3 px/s)
2025-12-15 01:47:56,889 - SmartHomeAI - INFO - Telegram alert sent: [01:47:34] [RUNNING] Track 25 running (429.2 px/s)
2025-12-15 01:47:56,900 - SmartHomeAI - INFO - Telegram alert sent: [01:47:34] [INTRUSION] Track 7 entered ROI
2025-12-15 01:47:56,904 - SmartHomeAI - INFO - Telegram alert sent: [01:47:33] [INTRUSION] Track 1 entered ROI
2025-12-15 01:47:56,906 - SmartHomeAI - INFO - Telegram alert sent: [01:47:30] [VIOLENCE] Violence detected near track 16
2025-12-15 01:47:56,909 - SmartHomeAI - INFO - Telegram alert sent: [01:47:36] [INTRUSION] Track 29 entered ROI
2025-12-15 01:47:56,912 - SmartHomeAI - INFO - Telegram alert sent: [01:47:34] [RUNNING] Track 25 running (475.3 px/s)
2025-12-15 01:47:56,921 - SmartHomeAI - INFO - Telegram alert sent: [01:47:34] [RUNNING] Track 25 running (478.8 px/s)
2025-12-15 01:47:56,925 - SmartHomeAI - INFO - Telegram alert sent: [01:47:36] [INTRUSION] Track 20 entered ROI
2025-12-15 01:47:56,931 - SmartHomeAI - INFO - Telegram alert sent: [01:47:34] [RUNNING] Track 20 running (217.9 px/s)
2025-12-15 01:47:56,934 - SmartHomeAI - INFO - Telegram alert sent: [01:47:34] [RUNNING] Track 25 running (484.4 px/s)
2025-12-15 01:47:56,940 - SmartHomeAI - INFO - Telegram alert sent: [01:47:38] [INTRUSION] Track 30 entered ROI
2025-12-15 01:47:56,940 - SmartHomeAI - INFO - Telegram alert sent: [01:47:36] [INTRUSION] Track 16 entered ROI
2025-12-15 01:47:57,083 - SmartHomeAI - INFO - Telegram alert sent: [01:47:40] [RUNNING] Track 30 running (260.8 px/s)
2025-12-15 01:47:57,092 - SmartHomeAI - INFO - [01:47:57] [LOITERING] Track 42 loitering (5.0s)
2025-12-15 01:47:57,123 - SmartHomeAI - INFO - Telegram alert sent: [01:47:47] [INTRUSION] Track 30 entered ROI
2025-12-15 01:47:57,148 - SmartHomeAI - INFO - Telegram alert sent: [01:47:49] [VIOLENCE] Violence detected near track 39
2025-12-15 01:47:57,156 - SmartHomeAI - INFO - Telegram alert sent: [01:47:42] [LOITERING] Track 16 loitering (6.8s)
2025-12-15 01:47:57,159 - SmartHomeAI - INFO - Telegram alert sent: [01:47:50] [INTRUSION] Track 1 entered ROI
2025-12-15 01:47:57,169 - SmartHomeAI - INFO - Telegram alert sent: [01:47:44] [INTRUSION] Track 16 entered ROI
2025-12-15 01:47:57,176 - SmartHomeAI - INFO - Telegram alert sent: [01:47:49] [LOITERING] Track 16 loitering (5.0s)
2025-12-15 01:47:57,176 - SmartHomeAI - INFO - Telegram alert sent: [01:47:40] [VIOLENCE] Violence detected near track 27
2025-12-15 01:47:57,179 - SmartHomeAI - INFO - Telegram alert sent: [01:47:49] [VIOLENCE] Violence detected near track 27
2025-12-15 01:47:57,200 - SmartHomeAI - INFO - Telegram alert sent: [01:47:49] [INTRUSION] Track 39 entered ROI
2025-12-15 01:47:57,211 - SmartHomeAI - INFO - Telegram alert sent: [01:47:44] [LOITERING] Track 27 loitering (6.5s)
2025-12-15 01:47:57,212 - SmartHomeAI - INFO - Telegram alert sent: [01:47:47] [INTRUSION] Track 27 entered ROI
2025-12-15 01:47:57,270 - SmartHomeAI - INFO - Telegram alert sent: [01:47:44] [LOITERING] Track 30 loitering (6.4s)
2025-12-15 01:47:57,312 - SmartHomeAI - INFO - Telegram alert sent: [01:47:50] [INTRUSION] Track 16 entered ROI
2025-12-15 01:47:58,503 - SmartHomeAI - WARNING - [01:47:57] [INTRUSION] Track 42 entered ROI
2025-12-15 01:47:58,641 - SmartHomeAI - WARNING - Sound file not found: data/assets/sounds\alarm.mp3
2025-12-15 01:48:00,277 - SmartHomeAI - INFO - Telegram alert sent: [01:47:50] [RUNNING] Track 27 running (323.3 px/s)
2025-12-15 01:48:00,878 - SmartHomeAI - INFO - Telegram alert sent: [01:47:50] [INTRUSION] Track 41 entered ROI
2025-12-15 01:48:01,050 - SmartHomeAI - INFO - [01:47:58] [LOITERING] Track 27 loitering (5.2s)
2025-12-15 01:48:01,071 - SmartHomeAI - WARNING - [01:47:58] [VIOLENCE] Violence detected near track 27
2025-12-15 01:48:01,078 - SmartHomeAI - WARNING - Sound file not found: data/assets/sounds\alarm.mp3
2025-12-15 01:48:01,088 - SmartHomeAI - INFO - Telegram alert sent: [01:47:50] [VIOLENCE] Violence detected near track 41
2025-12-15 01:48:01,105 - SmartHomeAI - WARNING - [01:47:58] [VIOLENCE] Violence detected near track 41
2025-12-15 01:48:01,115 - SmartHomeAI - WARNING - Sound file not found: data/assets/sounds\alarm.mp3
2025-12-15 01:48:01,136 - SmartHomeAI - INFO - Telegram alert sent: [01:47:50] [RUNNING] Track 31 running (479.3 px/s)
2025-12-15 01:48:01,137 - SmartHomeAI - WARNING - [01:47:58] [VIOLENCE] Violence detected near track 39
2025-12-15 01:48:01,164 - SmartHomeAI - WARNING - Sound file not found: data/assets/sounds\alarm.mp3
2025-12-15 01:48:01,398 - SmartHomeAI - INFO - Telegram alert sent: [01:47:50] [INTRUSION] Track 31 entered ROI
2025-12-15 01:48:01,404 - SmartHomeAI - INFO - Telegram alert sent: [01:47:50] [VIOLENCE] Violence detected near track 27
2025-12-15 01:48:01,486 - SmartHomeAI - INFO - [01:48:01] [LOITERING] Track 1 loitering (5.5s)
2025-12-15 01:48:01,490 - SmartHomeAI - INFO - [01:48:01] [LOITERING] Track 16 loitering (5.5s)
2025-12-15 01:48:01,493 - SmartHomeAI - WARNING - [01:48:01] [INTRUSION] Track 27 entered ROI
2025-12-15 01:48:01,493 - SmartHomeAI - WARNING - Sound file not found: data/assets/sounds\alarm.mp3
2025-12-15 01:48:01,498 - SmartHomeAI - INFO - [01:48:01] [LOITERING] Track 39 loitering (5.8s)
2025-12-15 01:48:01,505 - SmartHomeAI - INFO - [01:48:01] [LOITERING] Track 41 loitering (5.5s)
2025-12-15 01:48:01,565 - SmartHomeAI - WARNING - [01:48:01] [INTRUSION] Track 1 entered ROI
2025-12-15 01:48:01,565 - SmartHomeAI - WARNING - Sound file not found: data/assets/sounds\alarm.mp3
2025-12-15 01:48:01,569 - SmartHomeAI - WARNING - [01:48:01] [INTRUSION] Track 16 entered ROI
2025-12-15 01:48:01,569 - SmartHomeAI - WARNING - Sound file not found: data/assets/sounds\alarm.mp3
2025-12-15 01:48:01,574 - SmartHomeAI - WARNING - [01:48:01] [INTRUSION] Track 39 entered ROI
2025-12-15 01:48:01,574 - SmartHomeAI - WARNING - Sound file not found: data/assets/sounds\alarm.mp3
2025-12-15 01:48:01,577 - SmartHomeAI - WARNING - [01:48:01] [INTRUSION] Track 41 entered ROI
2025-12-15 01:48:01,578 - SmartHomeAI - WARNING - Sound file not found: data/assets/sounds\alarm.mp3
2025-12-15 01:48:01,738 - SmartHomeAI - INFO - Telegram alert sent: [01:47:54] [VIOLENCE] Violence detected near track 39
2025-12-15 01:48:01,747 - SmartHomeAI - INFO - Telegram alert sent: [01:47:50] [VIOLENCE] Violence detected near track 39
2025-12-15 01:48:01,800 - SmartHomeAI - INFO - Telegram alert sent: [01:47:50] [RUNNING] Track 39 running (369.1 px/s)
2025-12-15 01:48:01,808 - SmartHomeAI - INFO - Telegram alert sent: [01:47:50] [VIOLENCE] Violence detected near track 31
2025-12-15 01:48:01,812 - SmartHomeAI - INFO - Telegram alert sent: [01:47:50] [VIOLENCE] Violence detected near track 16
2025-12-15 01:48:01,819 - SmartHomeAI - WARNING - [01:48:01] [VIOLENCE] Violence detected near track 27
2025-12-15 01:48:01,819 - SmartHomeAI - WARNING - Sound file not found: data/assets/sounds\alarm.mp3
2025-12-15 01:48:01,839 - SmartHomeAI - INFO - Telegram alert sent: [01:47:50] [RUNNING] Track 16 running (1423.2 px/s)
2025-12-15 01:48:01,878 - SmartHomeAI - INFO - Telegram alert sent: [01:47:54] [INTRUSION] Track 31 entered ROI
2025-12-15 01:48:02,051 - SmartHomeAI - INFO - Telegram alert sent: [01:47:54] [VIOLENCE] Violence detected near track 16
2025-12-15 01:48:02,053 - SmartHomeAI - INFO - Telegram alert sent: [01:47:53] [LOITERING] Track 27 loitering (5.3s)
2025-12-15 01:48:02,056 - SmartHomeAI - INFO - Telegram alert sent: [01:47:54] [VIOLENCE] Violence detected near track 42
2025-12-15 01:48:02,060 - SmartHomeAI - INFO - Telegram alert sent: [01:47:54] [VIOLENCE] Violence detected near track 16
2025-12-15 01:48:02,067 - SmartHomeAI - INFO - Telegram alert sent: [01:47:53] [INTRUSION] Track 44 entered ROI
2025-12-15 01:48:02,074 - SmartHomeAI - INFO - Telegram alert sent: [01:47:54] [VIOLENCE] Violence detected near track 39
2025-12-15 01:48:02,079 - SmartHomeAI - INFO - Telegram alert sent: [01:47:54] [VIOLENCE] Violence detected near track 41
2025-12-15 01:48:02,082 - SmartHomeAI - INFO - Telegram alert sent: [01:47:52] [VIOLENCE] Violence detected near track 16
2025-12-15 01:48:02,088 - SmartHomeAI - INFO - Telegram alert sent: [01:47:54] [VIOLENCE] Violence detected near track 42
2025-12-15 01:48:02,099 - SmartHomeAI - INFO - Telegram alert sent: [01:47:51] [INTRUSION] Track 42 entered ROI
2025-12-15 01:48:02,113 - SmartHomeAI - INFO - Telegram alert sent: [01:47:54] [VIOLENCE] Violence detected near track 27
2025-12-15 01:48:02,121 - SmartHomeAI - INFO - Telegram alert sent: [01:47:54] [VIOLENCE] Violence detected near track 41
2025-12-15 01:48:02,130 - SmartHomeAI - INFO - Telegram alert sent: [01:47:54] [VIOLENCE] Violence detected near track 16
2025-12-15 01:48:02,277 - SmartHomeAI - INFO - Telegram alert sent: [01:47:55] [LOITERING] Track 16 loitering (5.3s)
2025-12-15 01:48:02,321 - SmartHomeAI - INFO - Telegram alert sent: [01:47:52] [VIOLENCE] Violence detected near track 1
2025-12-15 01:48:02,341 - SmartHomeAI - INFO - Telegram alert sent: [01:47:53] [VIOLENCE] Violence detected near track 1
2025-12-15 01:48:02,379 - SmartHomeAI - INFO - Telegram alert sent: [01:47:55] [INTRUSION] Track 46 entered ROI
2025-12-15 01:48:02,394 - SmartHomeAI - INFO - Telegram alert sent: [01:47:50] [VIOLENCE] Violence detected near track 39
2025-12-15 01:48:02,424 - SmartHomeAI - INFO - Telegram alert sent: [01:47:55] [INTRUSION] Track 39 entered ROI
2025-12-15 01:48:02,446 - SmartHomeAI - INFO - Telegram alert sent: [01:47:52] [VIOLENCE] Violence detected near track 39
2025-12-15 01:48:02,608 - SmartHomeAI - INFO - Telegram alert sent: [01:47:55] [INTRUSION] Track 41 entered ROI
2025-12-15 01:48:02,611 - SmartHomeAI - INFO - Telegram alert sent: [01:47:55] [VIOLENCE] Violence detected near track 27
2025-12-15 01:48:02,615 - SmartHomeAI - INFO - Telegram alert sent: [01:47:55] [VIOLENCE] Violence detected near track 27
2025-12-15 01:48:02,616 - SmartHomeAI - INFO - Telegram alert sent: [01:47:54] [VIOLENCE] Violence detected near track 44
2025-12-15 01:48:02,620 - SmartHomeAI - INFO - Telegram alert sent: [01:47:53] [INTRUSION] Track 27 entered ROI
2025-12-15 01:48:02,626 - SmartHomeAI - INFO - Telegram alert sent: [01:47:55] [VIOLENCE] Violence detected near track 39
2025-12-15 01:48:02,628 - SmartHomeAI - INFO - Telegram alert sent: [01:47:50] [VIOLENCE] Violence detected near track 41
2025-12-15 01:48:02,631 - SmartHomeAI - INFO - Telegram alert sent: [01:47:54] [LOITERING] Track 39 loitering (5.0s)
2025-12-15 01:48:02,638 - SmartHomeAI - INFO - Telegram alert sent: [01:47:55] [VIOLENCE] Violence detected near track 39
2025-12-15 01:48:02,655 - SmartHomeAI - INFO - Telegram alert sent: [01:47:55] [VIOLENCE] Violence detected near track 44
2025-12-15 01:48:02,661 - SmartHomeAI - INFO - Telegram alert sent: [01:47:54] [VIOLENCE] Violence detected near track 27
2025-12-15 01:48:02,673 - SmartHomeAI - INFO - Telegram alert sent: [01:47:55] [VIOLENCE] Violence detected near track 31
2025-12-15 01:48:02,676 - SmartHomeAI - INFO - Telegram alert sent: [01:47:55] [LOITERING] Track 41 loitering (5.0s)
2025-12-15 01:48:02,681 - SmartHomeAI - INFO - Telegram alert sent: [01:47:55] [VIOLENCE] Violence detected near track 46
2025-12-15 01:48:02,825 - SmartHomeAI - WARNING - [01:48:02] [INTRUSION] Track 45 entered ROI
2025-12-15 01:48:02,825 - SmartHomeAI - WARNING - Sound file not found: data/assets/sounds\alarm.mp3
2025-12-15 01:48:02,874 - SmartHomeAI - INFO - Telegram alert sent: [01:47:55] [INTRUSION] Track 1 entered ROI
2025-12-15 01:48:02,885 - SmartHomeAI - INFO - Telegram alert sent: [01:47:55] [INTRUSION] Track 16 entered ROI
2025-12-15 01:48:02,925 - SmartHomeAI - INFO - Telegram alert sent: [01:47:55] [LOITERING] Track 1 loitering (5.2s)
2025-12-15 01:48:03,039 - SmartHomeAI - WARNING - [01:48:02] [VIOLENCE] Violence detected near track 27
2025-12-15 01:48:03,040 - SmartHomeAI - WARNING - Sound file not found: data/assets/sounds\alarm.mp3
2025-12-15 01:48:03,321 - SmartHomeAI - WARNING - [01:48:03] [VIOLENCE] Violence detected near track 27
2025-12-15 01:48:03,321 - SmartHomeAI - WARNING - Sound file not found: data/assets/sounds\alarm.mp3
2025-12-15 01:48:03,325 - SmartHomeAI - WARNING - [01:48:03] [VIOLENCE] Violence detected near track 1
2025-12-15 01:48:03,325 - SmartHomeAI - WARNING - Sound file not found: data/assets/sounds\alarm.mp3
2025-12-15 01:48:03,330 - SmartHomeAI - WARNING - [01:48:03] [VIOLENCE] Violence detected near track 39
2025-12-15 01:48:03,331 - SmartHomeAI - WARNING - Sound file not found: data/assets/sounds\alarm.mp3
2025-12-15 01:48:03,335 - SmartHomeAI - WARNING - [01:48:03] [VIOLENCE] Violence detected near track 41
2025-12-15 01:48:03,335 - SmartHomeAI - WARNING - Sound file not found: data/assets/sounds\alarm.mp3
2025-12-15 01:48:03,483 - SmartHomeAI - INFO - [01:48:03] [RUNNING] Track 46 running (3148.4 px/s)
2025-12-15 01:48:03,643 - SmartHomeAI - WARNING - [01:48:03] [VIOLENCE] Violence detected near track 27
2025-12-15 01:48:03,644 - SmartHomeAI - WARNING - Sound file not found: data/assets/sounds\alarm.mp3
2025-12-15 01:48:03,948 - SmartHomeAI - INFO - Cleaning up...
2025-12-15 01:48:03,949 - SmartHomeAI - INFO - Approx. FPS: 7.28
2025-12-15 01:48:03,961 - SmartHomeAI - INFO - Video stream stopped.
2025-12-15 01:48:03,973 - SmartHomeAI - INFO - Video stream thread stopping.
2025-12-15 01:48:11,399 - SmartHomeAI - INFO - Telegram alert sent: [01:47:57] [LOITERING] Track 42 loitering (5.0s)
2025-12-15 01:48:11,678 - SmartHomeAI - INFO - Telegram alert sent: [01:47:57] [INTRUSION] Track 42 entered ROI
2025-12-15 01:48:11,719 - SmartHomeAI - INFO - Telegram alert sent: [01:47:58] [LOITERING] Track 27 loitering (5.2s)
2025-12-15 01:48:11,764 - SmartHomeAI - INFO - Telegram alert sent: [01:47:58] [VIOLENCE] Violence detected near track 27
2025-12-15 01:48:12,972 - SmartHomeAI - INFO - Telegram alert sent: [01:47:58] [VIOLENCE] Violence detected near track 41
2025-12-15 01:48:13,891 - SmartHomeAI - INFO - Telegram alert sent: [01:47:58] [VIOLENCE] Violence detected near track 39
2025-12-15 01:48:14,298 - SmartHomeAI - INFO - Telegram alert sent: [01:48:01] [LOITERING] Track 41 loitering (5.5s)
2025-12-15 01:48:14,327 - SmartHomeAI - INFO - Telegram alert sent: [01:48:01] [LOITERING] Track 16 loitering (5.5s)
2025-12-15 01:48:14,371 - SmartHomeAI - INFO - Telegram alert sent: [01:48:01] [INTRUSION] Track 27 entered ROI
2025-12-15 01:48:14,401 - SmartHomeAI - INFO - Telegram alert sent: [01:48:01] [LOITERING] Track 39 loitering (5.8s)
2025-12-15 01:48:17,618 - SmartHomeAI - INFO - Telegram alert sent: [01:48:01] [LOITERING] Track 1 loitering (5.5s)
2025-12-15 01:48:17,696 - SmartHomeAI - INFO - Telegram alert sent: [01:48:01] [INTRUSION] Track 1 entered ROI
2025-12-15 01:48:17,736 - SmartHomeAI - INFO - Telegram alert sent: [01:48:01] [INTRUSION] Track 39 entered ROI
2025-12-15 01:48:17,762 - SmartHomeAI - INFO - Telegram alert sent: [01:48:01] [INTRUSION] Track 41 entered ROI
2025-12-15 01:48:17,845 - SmartHomeAI - INFO - Telegram alert sent: [01:48:02] [INTRUSION] Track 45 entered ROI
2025-12-15 01:48:17,975 - SmartHomeAI - INFO - Telegram alert sent: [01:48:01] [VIOLENCE] Violence detected near track 27
2025-12-15 01:48:18,089 - SmartHomeAI - INFO - Telegram alert sent: [01:48:02] [VIOLENCE] Violence detected near track 27
2025-12-15 01:48:18,289 - SmartHomeAI - INFO - Telegram alert sent: [01:48:01] [INTRUSION] Track 16 entered ROI
2025-12-15 01:48:18,373 - SmartHomeAI - INFO - Telegram alert sent: [01:48:03] [VIOLENCE] Violence detected near track 39
2025-12-15 01:48:18,397 - SmartHomeAI - INFO - Telegram alert sent: [01:48:03] [VIOLENCE] Violence detected near track 41
2025-12-15 01:48:18,521 - SmartHomeAI - INFO - Telegram alert sent: [01:48:03] [VIOLENCE] Violence detected near track 27
2025-12-15 01:48:18,564 - SmartHomeAI - INFO - Telegram alert sent: [01:48:03] [VIOLENCE] Violence detected near track 1
2025-12-15 01:48:18,588 - SmartHomeAI - INFO - Telegram alert sent: [01:48:03] [VIOLENCE] Violence detected near track 27
2025-12-15 01:48:18,674 - SmartHomeAI - INFO - Telegram alert sent: [01:48:03] [RUNNING] Track 46 running (3148.4 px/s)
